{"type":"FeatureCollection", "features": [
{"type":"Feature","geometry":{"type":"Polygon","coordinates":[[[-1.2413,54.7234],[-1.2703,54.7272],[-1.3808,54.6438],[-1.1923,54.6295],[-1.1762,54.6977],[-1.2413,54.7234]]]},"properties":{"LAD24CD":"E06000001","LAD24NM":"Hartlepool"}},
{"type":"Feature","geometry":{"type":"Polygon","coordinates":[[[-1.1986,54.5829],[-1.2524,54.5913],[-1.2822,54.5184],[-1.2349,54.5103],[-1.1462,54.5028],[-1.1986,54.5829]]]},"properties":{"LAD24CD":"E06000002","LAD24NM":"Middlesbrough"}},
{"type":"Feature","geometry":{"type":"Polygon","coordinates":[[[-0.7918,54.5583],[-1.0005,54.5932],[-1.1369,54.6431],[-1.1877,54.5897],[-1.1986,54.5829],[-1.1462,54.5028],[-0.8485,54.488],[-0.8486,54.53],[-0.7918,54.5583]]]},"properties":{"LAD24CD":"E06000003","LAD24NM":"Redcar and Cleveland"}},
{"type":"Feature","geometry":{"type":"Polygon","coordinates":[[[-1.1923,54.6295],[-1.3808,54.6438],[-1.4384,54.5951],[-1.4349,54.4875],[-1.3644,54.466],[-1.2349,54.5103],[-1.2822,54.5184],[-1.2524,54.5913],[-1.1986,54.5829],[-1.1877,54.5897],[-1.1923,54.6295]]]},"properties":{"LAD24CD":"E06000004","LAD24NM":"Stockton-on-Tees"}},
{"type":"Feature","geometry":{"type":"Polygon","coordinates":[[[-1.4384,54.5951],[-1.5586,54.5921],[-1.6824,54.6178],[-1.6969,54.536],[-1.5811,54.5128],[-1.5457,54.4712],[-1.4349,54.4875],[-1.4384,54.5951]]]},"properties":{"LAD24CD":"E06000005","LAD24NM":"Darlington"}},
{"type":"Feature","geometry":{"type":"MultiPolygon","coordinates":[[[[-2.5952,53.3225],[-2.6306,53.364],[-2.6787,53.3548],[-2.7525,53.3148],[-2.6416,53.305],[-2.5952,53.3225]]],[[[-2.6906,53.3854],[-2.7452,53.4021],[-2.8188,53.348],[-2.8279,53.3315],[-2.6909,53.3608],[-2.6906,53.3854]]]]},"properties":{"LAD24CD":"E06000006","LAD24NM":"Halton"}},
{"type":"Feature","geometry":{"type":"Polygon","coordinates":[[[-2.4897,53.4603],[-2.5767,53.4461],[-2.6636,53.4287],[-2.6906,53.3854],[-2.6909,53.3608],[-2.6787,53.3548],[-2.6306,53.364],[-2.5952,53.3225],[-2.5184,53.3424],[-2.4266,53.3875],[-2.4494,53.4159],[-2.4897,53.4603]]]},"properties":{"LAD24CD":"E06000007","LAD24NM":"Warrington"}},
{"type":"Feature","geometry":{"type":"Polygon","coordinates":[[[-2.411,53.7052],[-2.4658,53.7808],[-2.5513,53.7564],[-2.5616,53.7469],[-2.5113,53.627],[-2.3791,53.6309],[-2.3712,53.6671],[-2.411,53.7052]]]},"properties":{"LAD24CD":"E06000008","LAD24NM":"Blackburn with Darwen"}},
{"type":"Feature","geometry":{"type":"Polygon","coordinates":[[[-3.0107,53.8262],[-3.0478,53.8746],[-3.0571,53.7765],[-2.9965,53.7745],[-3.0107,53.8262]]]},"properties":{"LAD24CD":"E06000009","LAD24NM":"Blackpool"}},
{"type":"Feature","geometry":{"type":"Polygon","coordinates":[[[-0.2513,53.7336],[-0.2523,53.7813],[-0.3161,53.8133],[-0.3922,53.7911],[-0.4191,53.7196],[-0.2513,53.7336]]]},"properties":{"LAD24CD":"E06000010","LAD24NM":"Kingston upon Hull, City of"}},
{"type":"Feature","geometry":{"type":"Polygon","coordinates":[[[-0.2127,54.1577],[-0.2297,54.1324],[-0.4332,54.1641],[-0.4271,54.1374],[-0.5246,54.0855],[-0.6603,54.0631],[-0.6835,54.0088],[-0.7343,54.0303],[-0.8784,54.0172],[-0.9253,53.9915],[-0.9234,53.8807],[-0.9482,53.8616],[-0.9283,53.7656],[-0.9736,53.7499],[-0.9037,53.7184],[-1.1034,53.6695],[-1.0487,53.6561],[-0.9468,53.6591],[-0.8653,53.6377],[-0.6991,53.6903],[-0.6302,53.734],[-0.5426,53.7084],[-0.4191,53.7196],[-0.3922,53.7911],[-0.3161,53.8133],[-0.2523,53.7813],[-0.2513,53.7336],[-0.1034,53.6353],[0.0325,53.6493],[0.1456,53.6078],[0.1165,53.6631],[-0.0371,53.7889],[-0.156,53.9016],[-0.2131,54.0075],[-0.1668,54.0989],[-0.0763,54.1164],[-0.2127,54.1577]]]},"properties":{"LAD24CD":"E06000011","LAD24NM":"East Riding of Yorkshire"}},
{"type":"Feature","geometry":{"type":"Polygon","coordinates":[[[0.0155,53.5279],[-0.2008,53.64],[-0.2921,53.6133],[-0.1893,53.5659],[-0.2106,53.4863],[-0.1318,53.4359],[-0.065,53.5187],[0.0155,53.5279]]]},"properties":{"LAD24CD":"E06000012","LAD24NM":"North East Lincolnshire"}},
{"type":"Feature","geometry":{"type":"Polygon","coordinates":[[[-0.2008,53.64],[-0.2942,53.7141],[-0.4706,53.6982],[-0.5235,53.677],[-0.6107,53.7145],[-0.6991,53.6903],[-0.8653,53.6377],[-0.8923,53.5375],[-0.9356,53.5025],[-0.7975,53.4551],[-0.7396,53.5199],[-0.6245,53.5128],[-0.6298,53.4582],[-0.4717,53.4749],[-0.4884,53.5049],[-0.4051,53.5176],[-0.429,53.5745],[-0.3359,53.5586],[-0.2921,53.6133],[-0.2008,53.64]]]},"properties":{"LAD24CD":"E06000013","LAD24NM":"North Lincolnshire"}},
{"type":"Feature","geometry":{"type":"Polygon","coordinates":[[[-0.9253,53.9915],[-0.9948,53.9831],[-1.0021,54.0553],[-1.1408,54.0299],[-1.1517,53.9891],[-1.2237,53.9748],[-1.1995,53.9254],[-1.1053,53.8757],[-0.9234,53.8807],[-0.9253,53.9915]]]},"properties":{"LAD24CD":"E06000014","LAD24NM":"York"}},
{"type":"Feature","geometry":{"type":"Polygon","coordinates":[[[-1.3884,52.9015],[-1.4093,52.9503],[-1.4747,52.9659],[-1.5441,52.9242],[-1.5417,52.8895],[-1.4236,52.8651],[-1.3884,52.9015]]]},"properties":{"LAD24CD":"E06000015","LAD24NM":"Derby"}},
{"type":"Feature","geometry":{"type":"Polygon","coordinates":[[[-1.0486,52.655],[-1.1853,52.6606],[-1.216,52.6345],[-1.1436,52.588],[-1.0705,52.6181],[-1.0486,52.655]]]},"properties":{"LAD24CD":"E06000016","LAD24NM":"Leicester"}},
{"type":"Feature","geometry":{"type":"Polygon","coordinates":[[[-0.495,52.6402],[-0.4304,52.7054],[-0.6641,52.7567],[-0.8218,52.7157],[-0.8088,52.6461],[-0.821,52.5965],[-0.7653,52.5825],[-0.7137,52.525],[-0.6609,52.5689],[-0.5581,52.5945],[-0.495,52.6402]]]},"properties":{"LAD24CD":"E06000017","LAD24NM":"Rutland"}},
{"type":"Feature","geometry":{"type":"Polygon","coordinates":[[[-1.0861,52.9486],[-1.1827,53.0186],[-1.2252,53.0081],[-1.2469,52.9532],[-1.2139,52.9044],[-1.0861,52.9486]]]},"properties":{"LAD24CD":"E06000018","LAD24NM":"Nottingham"}},
{"type":"Feature","geometry":{"type":"Polygon","coordinates":[[[-2.6181,52.3069],[-2.6651,52.3423],[-2.7142,52.3088],[-2.855,52.3955],[-2.9547,52.3492],[-3.0009,52.3218],[-3.0058,52.2643],[-3.073,52.2359],[-3.1359,52.1379],[-3.1259,52.0783],[-3.0674,51.9831],[-2.9718,51.905],[-2.8778,51.9338],[-2.7197,51.8489],[-2.6504,51.8261],[-2.5808,51.8616],[-2.4393,51.8974],[-2.5009,51.9606],[-2.4789,52.0225],[-2.399,51.9961],[-2.3514,52.0214],[-2.3514,52.1446],[-2.415,52.1452],[-2.4039,52.2215],[-2.465,52.2344],[-2.428,52.2706],[-2.629,52.2404],[-2.6181,52.3069]]]},"properties":{"LAD24CD":"E06000019","LAD24NM":"Herefordshire, County of"}},
{"type":"Feature","geometry":{"type":"Polygon","coordinates":[[[-2.3122,52.7408],[-2.4163,52.827],[-2.4771,52.7994],[-2.5828,52.8056],[-2.6635,52.7604],[-2.6226,52.699],[-2.5018,52.629],[-2.4381,52.6146],[-2.3765,52.7396],[-2.3156,52.7329],[-2.3122,52.7408]]]},"properties":{"LAD24CD":"E06000020","LAD24NM":"Telford and Wrekin"}},
{"type":"Feature","geometry":{"type":"Polygon","coordinates":[[[-2.1811,53.0898],[-2.2388,53.0733],[-2.2125,52.9806],[-2.1816,52.9462],[-2.0881,52.9738],[-2.1254,53.0646],[-2.1811,53.0898]]]},"properties":{"LAD24CD":"E06000021","LAD24NM":"Stoke-on-Trent"}},
{"type":"Feature","geometry":{"type":"Polygon","coordinates":[[[-2.2946,51.4288],[-2.3433,51.4395],[-2.4695,51.4159],[-2.5105,51.4288],[-2.5901,51.3975],[-2.6949,51.3181],[-2.6274,51.2828],[-2.5578,51.3027],[-2.4517,51.2743],[-2.2891,51.3253],[-2.3443,51.3456],[-2.292,51.3696],[-2.2946,51.4288]]]},"properties":{"LAD24CD":"E06000022","LAD24NM":"Bath and North East Somerset"}},
{"type":"Feature","geometry":{"type":"Polygon","coordinates":[[[-2.6738,51.5444],[-2.7182,51.5082],[-2.6846,51.4805],[-2.5901,51.3975],[-2.5105,51.4288],[-2.5159,51.4939],[-2.6525,51.5131],[-2.6738,51.5444]]]},"properties":{"LAD24CD":"E06000023","LAD24NM":"Bristol, City of"}},
{"type":"Feature","geometry":{"type":"Polygon","coordinates":[[[-2.6846,51.4805],[-2.7273,51.5019],[-2.7999,51.4852],[-2.9128,51.3962],[-2.9631,51.3829],[-2.9881,51.3065],[-2.8971,51.2906],[-2.8102,51.3014],[-2.8147,51.327],[-2.6949,51.3181],[-2.5901,51.3975],[-2.6846,51.4805]]]},"properties":{"LAD24CD":"E06000024","LAD24NM":"North Somerset"}},
{"type":"Feature","geometry":{"type":"Polygon","coordinates":[[[-2.2916,51.5937],[-2.3947,51.5974],[-2.386,51.6399],[-2.5408,51.6824],[-2.5424,51.6815],[-2.6738,51.5444],[-2.6525,51.5131],[-2.5159,51.4939],[-2.5105,51.4288],[-2.4695,51.4159],[-2.3433,51.4395],[-2.2946,51.4288],[-2.2524,51.5269],[-2.2726,51.5776],[-2.2916,51.5937]]]},"properties":{"LAD24CD":"E06000025","LAD24NM":"South Gloucestershire"}},
{"type":"Feature","geometry":{"type":"Polygon","coordinates":[[[-4.1231,50.3468],[-4.0529,50.3565],[-4.0212,50.3918],[-4.1135,50.4442],[-4.1657,50.4268],[-4.1825,50.3671],[-4.1231,50.3468]]]},"properties":{"LAD24CD":"E06000026","LAD24NM":"Plymouth"}},
{"type":"Feature","geometry":{"type":"Polygon","coordinates":[[[-3.5091,50.5166],[-3.5842,50.4777],[-3.628,50.4259],[-3.5442,50.3734],[-3.5077,50.3791],[-3.5448,50.4021],[-3.5091,50.5166]]]},"properties":{"LAD24CD":"E06000027","LAD24NM":"Torbay"}},
{"type":"Feature","geometry":{"type":"Polygon","coordinates":[[[-1.6831,51.6901],[-1.7886,51.667],[-1.8651,51.5596],[-1.7978,51.4844],[-1.6028,51.5183],[-1.6906,51.6054],[-1.6599,51.635],[-1.6831,51.6901]]]},"properties":{"LAD24CD":"E06000030","LAD24NM":"Swindon"}},
{"type":"Feature","geometry":{"type":"Polygon","coordinates":[[[-0.0313,52.6615],[-0.1411,52.6515],[-0.2125,52.6667],[-0.2608,52.6514],[-0.335,52.6749],[-0.4947,52.6403],[-0.4927,52.5819],[-0.4154,52.5787],[-0.3485,52.5644],[-0.2933,52.5069],[-0.1878,52.5419],[-0.187,52.5685],[-0.0128,52.5942],[-0.0313,52.6615]]]},"properties":{"LAD24CD":"E06000031","LAD24NM":"Peterborough"}},
{"type":"Feature","geometry":{"type":"Polygon","coordinates":[[[-0.3856,51.9157],[-0.4857,51.9227],[-0.5059,51.9006],[-0.4228,51.8546],[-0.3548,51.874],[-0.3856,51.9157]]]},"properties":{"LAD24CD":"E06000032","LAD24NM":"Luton"}},
{"type":"Feature","geometry":{"type":"Polygon","coordinates":[[[0.8208,51.5409],[0.6321,51.5705],[0.6269,51.5383],[0.7821,51.5213],[0.8208,51.5409]]]},"properties":{"LAD24CD":"E06000033","LAD24NM":"Southend-on-Sea"}},
{"type":"Feature","geometry":{"type":"Polygon","coordinates":[[[0.5091,51.5342],[0.3826,51.5658],[0.313,51.5658],[0.334,51.5405],[0.249,51.5287],[0.2118,51.4898],[0.2814,51.4614],[0.3184,51.4742],[0.3409,51.4523],[0.4339,51.4615],[0.4456,51.498],[0.5413,51.5126],[0.5091,51.5342]]]},"properties":{"LAD24CD":"E06000034","LAD24NM":"Thurrock"}},
{"type":"Feature","geometry":{"type":"Polygon","coordinates":[[[0.6324,51.3889],[0.5325,51.4127],[0.636,51.4462],[0.7103,51.4348],[0.7003,51.4726],[0.4685,51.4827],[0.4576,51.4583],[0.4892,51.4153],[0.4013,51.353],[0.4562,51.3688],[0.5256,51.3347],[0.6014,51.3333],[0.6324,51.3889]]]},"properties":{"LAD24CD":"E06000035","LAD24NM":"Medway"}},
{"type":"Feature","geometry":{"type":"Polygon","coordinates":[[[-0.6676,51.3846],[-0.6568,51.4615],[-0.7826,51.4687],[-0.8,51.4412],[-0.7888,51.3718],[-0.8374,51.3529],[-0.7755,51.332],[-0.6676,51.3846]]]},"properties":{"LAD24CD":"E06000036","LAD24NM":"Bracknell Forest"}},
{"type":"Feature","geometry":{"type":"Polygon","coordinates":[[[-1.2268,51.5352],[-1.3287,51.5637],[-1.3424,51.5437],[-1.4707,51.5286],[-1.555,51.5534],[-1.5847,51.5249],[-1.524,51.4475],[-1.5556,51.3955],[-1.4954,51.3697],[-1.4983,51.3294],[-1.4297,51.3365],[-1.4111,51.3729],[-0.9861,51.3628],[-1.0013,51.4263],[-1.0366,51.4752],[-1.1022,51.4897],[-1.1404,51.5429],[-1.2268,51.5352]]]},"properties":{"LAD24CD":"E06000037","LAD24NM":"West Berkshire"}},
{"type":"Feature","geometry":{"type":"Polygon","coordinates":[[[-0.9492,51.4595],[-0.9575,51.4931],[-1.0366,51.4752],[-1.0013,51.4263],[-0.9492,51.4595]]]},"properties":{"LAD24CD":"E06000038","LAD24NM":"Reading"}},
{"type":"Feature","geometry":{"type":"Polygon","coordinates":[[[-0.49,51.4947],[-0.6305,51.5389],[-0.6422,51.5006],[-0.5244,51.4715],[-0.5098,51.4692],[-0.49,51.4947]]]},"properties":{"LAD24CD":"E06000039","LAD24NM":"Slough"}},
{"type":"Feature","geometry":{"type":"Polygon","coordinates":[[[-0.6422,51.5006],[-0.7032,51.5111],[-0.7181,51.5776],[-0.8427,51.5448],[-0.8338,51.4641],[-0.8,51.4412],[-0.7826,51.4687],[-0.6568,51.4615],[-0.6676,51.3846],[-0.6185,51.3924],[-0.594,51.4417],[-0.5228,51.4353],[-0.5244,51.4715],[-0.6422,51.5006]]]},"properties":{"LAD24CD":"E06000040","LAD24NM":"Windsor and Maidenhead"}},
{"type":"Feature","geometry":{"type":"Polygon","coordinates":[[[-0.8427,51.5448],[-0.8969,51.5449],[-0.8703,51.5036],[-0.9492,51.4595],[-1.0013,51.4263],[-0.9861,51.3628],[-0.9867,51.3599],[-0.8374,51.3529],[-0.7888,51.3718],[-0.8,51.4412],[-0.8338,51.4641],[-0.8427,51.5448]]]},"properties":{"LAD24CD":"E06000041","LAD24NM":"Wokingham"}},
{"type":"Feature","geometry":{"type":"Polygon","coordinates":[[[-0.5918,52.1107],[-0.6681,52.195],[-0.7055,52.1916],[-0.887,52.1142],[-0.8313,52.072],[-0.8713,52.0402],[-0.8037,51.9855],[-0.653,51.9692],[-0.669,52.0487],[-0.5918,52.1107]]]},"properties":{"LAD24CD":"E06000042","LAD24NM":"Milton Keynes"}},
{"type":"Feature","geometry":{"type":"Polygon","coordinates":[[[-0.135,50.8867],[-0.2392,50.8679],[-0.245,50.8638],[-0.2168,50.8276],[-0.0385,50.7991],[-0.0369,50.8412],[-0.135,50.8867]]]},"properties":{"LAD24CD":"E06000043","LAD24NM":"Brighton and Hove"}},
{"type":"Feature","geometry":{"type":"MultiPolygon","coordinates":[[[[-1.0442,50.8317],[-1.1115,50.8069],[-1.0442,50.7905],[-1.0442,50.8317]]],[[[-1.024,50.8316],[-1.0541,50.8565],[-1.1158,50.8583],[-1.1139,50.8435],[-1.024,50.8316]]]]},"properties":{"LAD24CD":"E06000044","LAD24NM":"Portsmouth"}},
{"type":"Feature","geometry":{"type":"Polygon","coordinates":[[[-1.3799,50.9475],[-1.4771,50.9287],[-1.3629,50.8787],[-1.322,50.901],[-1.3799,50.9475]]]},"properties":{"LAD24CD":"E06000045","LAD24NM":"Southampton"}},
{"type":"Feature","geometry":{"type":"Polygon","coordinates":[[[-1.3122,50.7672],[-1.3533,50.7391],[-1.5221,50.707],[-1.5865,50.6631],[-1.4844,50.6668],[-1.3014,50.5755],[-1.1854,50.5972],[-1.1604,50.6494],[-1.0702,50.6875],[-1.1087,50.7207],[-1.2146,50.7341],[-1.3122,50.7672]]]},"properties":{"LAD24CD":"E06000046","LAD24NM":"Isle of Wight"}},
{"type":"Feature","geometry":{"type":"Polygon","coordinates":[[[-1.5595,54.882],[-1.6506,54.8793],[-1.6748,54.9096],[-1.8206,54.9058],[-1.9137,54.8397],[-2.001,54.8697],[-2.1398,54.8419],[-2.2189,54.7824],[-2.3121,54.791],[-2.3557,54.6977],[-2.288,54.6505],[-2.3045,54.5962],[-2.1724,54.5324],[-2.1702,54.4582],[-2.0432,54.4836],[-1.9701,54.4515],[-1.793,54.4845],[-1.7797,54.5319],[-1.6969,54.536],[-1.6824,54.6178],[-1.5586,54.5921],[-1.4384,54.5951],[-1.3808,54.6438],[-1.2703,54.7272],[-1.2413,54.7234],[-1.302,54.7685],[-1.3474,54.8605],[-1.4216,54.8395],[-1.4226,54.8032],[-1.4907,54.7993],[-1.5065,54.8711],[-1.5595,54.882]]]},"properties":{"LAD24CD":"E06000047","LAD24NM":"County Durham"}},
{"type":"Feature","geometry":{"type":"Polygon","coordinates":[[[-2.314,53.3574],[-2.4266,53.3875],[-2.5184,53.3424],[-2.498,53.2899],[-2.3491,53.249],[-2.4566,53.2026],[-2.4438,53.1599],[-2.6252,53.1508],[-2.7529,53.0692],[-2.6688,53.0387],[-2.6993,52.9954],[-2.6327,52.9967],[-2.5295,52.9472],[-2.3808,52.9984],[-2.3815,53.0525],[-2.2113,53.1158],[-2.1404,53.1838],[-2.0702,53.1717],[-1.9874,53.2136],[-2.0068,53.3546],[-2.0311,53.3703],[-2.139,53.3673],[-2.1607,53.3272],[-2.2408,53.3596],[-2.314,53.3574]]]},"properties":{"LAD24CD":"E06000049","LAD24NM":"Cheshire East"}},
{"type":"Feature","geometry":{"type":"Polygon","coordinates":[[[-2.6993,52.9954],[-2.6688,53.0387],[-2.7529,53.0692],[-2.6252,53.1508],[-2.4438,53.1599],[-2.4566,53.2026],[-2.3491,53.249],[-2.498,53.2899],[-2.5184,53.3424],[-2.5952,53.3225],[-2.6416,53.305],[-2.7525,53.3148],[-2.8556,53.292],[-2.9288,53.3084],[-3.109,53.297],[-3.1139,53.2944],[-3.123,53.2893],[-3.086,53.2568],[-3.036,53.2518],[-2.9223,53.1893],[-2.9951,53.1542],[-2.9638,53.1328],[-2.8757,53.0815],[-2.836,52.9972],[-2.7268,52.9833],[-2.6993,52.9954]]]},"properties":{"LAD24CD":"E06000050","LAD24NM":"Cheshire West and Chester"}},
{"type":"Feature","geometry":{"type":"Polygon","coordinates":[[[-2.3789,52.8917],[-2.4708,52.9059],[-2.3862,52.9532],[-2.3808,52.9984],[-2.5295,52.9472],[-2.6327,52.9967],[-2.6993,52.9954],[-2.7268,52.9833],[-2.7284,52.9253],[-2.7988,52.8958],[-2.841,52.9426],[-2.9289,52.9387],[-2.975,52.969],[-3.0351,52.9295],[-3.096,52.9303],[-3.1475,52.8902],[-3.1609,52.7957],[-3.0171,52.7676],[-2.9651,52.7323],[-3.047,52.6913],[-3.0896,52.5995],[-3.1395,52.5857],[-3.1115,52.5414],[-3.0142,52.5755],[-3.0292,52.5013],[-3.1972,52.476],[-3.2356,52.4425],[-3.1544,52.3877],[-3.0402,52.3443],[-2.9547,52.3492],[-2.855,52.3955],[-2.7142,52.3088],[-2.6651,52.3423],[-2.6181,52.3069],[-2.5391,52.3441],[-2.4818,52.3311],[-2.4147,52.3682],[-2.3635,52.4394],[-2.2874,52.4553],[-2.3127,52.4892],[-2.2609,52.5241],[-2.2619,52.5691],[-2.3238,52.613],[-2.2562,52.6098],[-2.2477,52.683],[-2.303,52.683],[-2.3156,52.7329],[-2.3765,52.7396],[-2.4381,52.6146],[-2.5018,52.629],[-2.6226,52.699],[-2.6635,52.7604],[-2.5828,52.8056],[-2.4771,52.7994],[-2.4163,52.827],[-2.3789,52.8917]]]},"properties":{"LAD24CD":"E06000051","LAD24NM":"Shropshire"}},
{"type":"Feature","geometry":{"type":"Polygon","coordinates":[[[-4.546,50.9288],[-4.5699,50.9037],[-4.5619,50.7813],[-4.6539,50.7398],[-4.6802,50.696],[-4.7645,50.6698],[-4.7962,50.5981],[-4.9214,50.5932],[-4.9496,50.5566],[-5.0365,50.5496],[-5.0438,50.4422],[-5.1472,50.4053],[-5.1538,50.3461],[-5.2345,50.3183],[-5.2437,50.2869],[-5.3936,50.2256],[-5.4337,50.1937],[-5.5388,50.2162],[-5.7102,50.1274],[-5.717,50.0687],[-5.6767,50.0357],[-5.5422,50.0706],[-5.5494,50.1065],[-5.4839,50.1276],[-5.3163,50.0852],[-5.2101,49.9602],[-5.1666,50.0038],[-5.1013,50.0042],[-5.0578,50.0528],[-5.0948,50.1023],[-5.0348,50.2039],[-4.982,50.1518],[-4.9559,50.2029],[-4.8625,50.236],[-4.7985,50.2195],[-4.7568,50.3311],[-4.6848,50.3201],[-4.4727,50.3332],[-4.4366,50.361],[-4.3082,50.3614],[-4.2104,50.3182],[-4.1705,50.3458],[-4.2308,50.3904],[-4.2007,50.4364],[-4.2323,50.531],[-4.3116,50.5861],[-4.3352,50.6465],[-4.3936,50.7782],[-4.4935,50.7929],[-4.4468,50.8082],[-4.421,50.8661],[-4.4561,50.9289],[-4.546,50.9288]]]},"properties":{"LAD24CD":"E06000052","LAD24NM":"Cornwall"}},
{"type":"Feature","geometry":{"type":"Polygon","coordinates":[[[-6.2758,49.9212],[-6.2978,49.9368],[-6.3129,49.9132],[-6.2758,49.9212]]]},"properties":{"LAD24CD":"E06000053","LAD24NM":"Isles of Scilly"}},
{"type":"Feature","geometry":{"type":"Polygon","coordinates":[[[-1.7886,51.667],[-1.8766,51.6515],[-1.9421,51.6704],[-1.9507,51.637],[-2.0572,51.6724],[-2.1526,51.5903],[-2.2077,51.6034],[-2.2726,51.5776],[-2.2524,51.5269],[-2.2946,51.4288],[-2.292,51.3696],[-2.3443,51.3456],[-2.2891,51.3253],[-2.2453,51.2539],[-2.2985,51.1753],[-2.3645,51.1189],[-2.3259,51.0797],[-2.242,51.071],[-2.1018,50.945],[-1.9568,50.9898],[-1.8358,51.0095],[-1.6617,50.9453],[-1.6198,50.9586],[-1.6263,51.1173],[-1.6897,51.2148],[-1.6076,51.2528],[-1.5458,51.2453],[-1.4983,51.3294],[-1.4954,51.3697],[-1.5556,51.3955],[-1.524,51.4475],[-1.5847,51.5249],[-1.6028,51.5183],[-1.7978,51.4844],[-1.8651,51.5596],[-1.7886,51.667]]]},"properties":{"LAD24CD":"E06000054","LAD24NM":"Wiltshire"}},
{"type":"Feature","geometry":{"type":"Polygon","coordinates":[[[-0.2498,52.1844],[-0.2856,52.2373],[-0.3744,52.233],[-0.375,52.2805],[-0.4654,52.323],[-0.5141,52.3147],[-0.5657,52.2535],[-0.6537,52.2683],[-0.6681,52.195],[-0.5918,52.1107],[-0.5085,52.0545],[-0.4715,52.088],[-0.3849,52.0755],[-0.3611,52.1442],[-0.2891,52.1909],[-0.2498,52.1844]]]},"properties":{"LAD24CD":"E06000055","LAD24NM":"Bedford"}},
{"type":"Feature","geometry":{"type":"Polygon","coordinates":[[[-0.2498,52.1844],[-0.2891,52.1909],[-0.3611,52.1442],[-0.3849,52.0755],[-0.4715,52.088],[-0.5085,52.0545],[-0.5918,52.1107],[-0.669,52.0487],[-0.653,51.9692],[-0.7022,51.9091],[-0.5836,51.8703],[-0.5536,51.8268],[-0.4049,51.8406],[-0.3395,51.8496],[-0.3548,51.874],[-0.4228,51.8546],[-0.5059,51.9006],[-0.4857,51.9227],[-0.3856,51.9157],[-0.3673,51.9837],[-0.2707,51.9796],[-0.2013,52.0098],[-0.2195,52.0367],[-0.1576,52.0804],[-0.1445,52.1382],[-0.2167,52.1588],[-0.2498,52.1844]]]},"properties":{"LAD24CD":"E06000056","LAD24NM":"Central Bedfordshire"}},
{"type":"Feature","geometry":{"type":"Polygon","coordinates":[[[-1.4618,55.0744],[-1.5261,55.16],[-1.4991,55.1856],[-1.569,55.2717],[-1.5493,55.322],[-1.6089,55.384],[-1.5803,55.4068],[-1.5912,55.4924],[-1.6396,55.5784],[-1.7908,55.6473],[-1.8716,55.6661],[-2.0345,55.8112],[-2.2483,55.6521],[-2.336,55.6325],[-2.2403,55.5556],[-2.2013,55.4753],[-2.2313,55.4284],[-2.3449,55.3993],[-2.3789,55.3492],[-2.4754,55.3547],[-2.559,55.3179],[-2.6898,55.189],[-2.6569,55.1361],[-2.5621,55.0835],[-2.5026,55.0908],[-2.483,55.04],[-2.5729,55.0164],[-2.6014,54.9713],[-2.5453,54.9292],[-2.6054,54.8844],[-2.5827,54.8459],[-2.4954,54.8103],[-2.4117,54.8565],[-2.3121,54.791],[-2.2189,54.7824],[-2.1398,54.8419],[-2.001,54.8697],[-1.9137,54.8397],[-1.8206,54.9058],[-1.8128,54.9763],[-1.7695,54.9809],[-1.7138,55.0655],[-1.6379,55.0648],[-1.4878,55.0536],[-1.4618,55.0744]]]},"properties":{"LAD24CD":"E06000057","LAD24NM":"Northumberland"}},
{"type":"Feature","geometry":{"type":"Polygon","coordinates":[[[-1.8039,50.796],[-1.8938,50.7801],[-2.0059,50.7909],[-2.0404,50.719],[-1.934,50.6991],[-1.8669,50.7171],[-1.7488,50.7111],[-1.6919,50.7373],[-1.7855,50.7648],[-1.8039,50.796]]]},"properties":{"LAD24CD":"E06000058","LAD24NM":"Bournemouth, Christchurch and Poole"}},
{"type":"Feature","geometry":{"type":"Polygon","coordinates":[[[-2.3259,51.0797],[-2.3813,51.0049],[-2.3446,50.9788],[-2.4562,50.9493],[-2.5023,50.9938],[-2.6034,50.9763],[-2.6155,50.8819],[-2.6607,50.8871],[-2.7923,50.8528],[-2.8891,50.85],[-2.9543,50.8212],[-2.8866,50.7948],[-2.9543,50.7677],[-2.9474,50.7184],[-2.9118,50.7338],[-2.7934,50.7181],[-2.6374,50.664],[-2.4704,50.5831],[-2.4228,50.636],[-2.1112,50.5987],[-1.9512,50.5946],[-1.9238,50.6421],[-2.0105,50.6709],[-2.0425,50.7175],[-2.0404,50.719],[-2.0059,50.7909],[-1.8938,50.7801],[-1.8039,50.796],[-1.8071,50.8633],[-1.8535,50.8635],[-1.8107,50.9272],[-1.8736,50.9172],[-1.9568,50.9898],[-2.1018,50.945],[-2.242,51.071],[-2.3259,51.0797]]]},"properties":{"LAD24CD":"E06000059","LAD24NM":"Dorset"}},
{"type":"Feature","geometry":{"type":"Polygon","coordinates":[[[-0.8713,52.0402],[-0.906,52.0212],[-0.9519,52.0815],[-1.122,52.0451],[-1.1181,52.0154],[-1.0531,52.0024],[-1.0952,51.9574],[-1.0546,51.948],[-1.0935,51.8939],[-1.0784,51.8293],[-1.1216,51.8453],[-1.1235,51.7942],[-1.0809,51.7566],[-0.9798,51.7607],[-0.8884,51.7192],[-0.8777,51.6684],[-0.95,51.6289],[-0.8969,51.5449],[-0.8427,51.5448],[-0.7181,51.5776],[-0.7032,51.5111],[-0.6422,51.5006],[-0.6305,51.5389],[-0.49,51.4947],[-0.5006,51.5997],[-0.5243,51.6821],[-0.5536,51.734],[-0.6701,51.7665],[-0.7458,51.8418],[-0.6964,51.8582],[-0.6672,51.8158],[-0.5536,51.8268],[-0.5836,51.8703],[-0.7022,51.9091],[-0.653,51.9692],[-0.8037,51.9855],[-0.8713,52.0402]]]},"properties":{"LAD24CD":"E06000060","LAD24NM":"Buckinghamshire"}},
{"type":"Feature","geometry":{"type":"Polygon","coordinates":[[[-0.495,52.6402],[-0.5581,52.5945],[-0.6609,52.5689],[-0.7137,52.525],[-0.7572,52.5109],[-0.8687,52.527],[-0.9013,52.4598],[-0.8905,52.3986],[-0.7912,52.356],[-0.818,52.3096],[-0.8014,52.2527],[-0.7276,52.2382],[-0.7055,52.1916],[-0.6681,52.195],[-0.6537,52.2683],[-0.5657,52.2535],[-0.5141,52.3147],[-0.4654,52.323],[-0.4959,52.3795],[-0.3624,52.4335],[-0.3543,52.5065],[-0.4136,52.5257],[-0.4154,52.5787],[-0.4927,52.5819],[-0.4947,52.6403],[-0.495,52.6402]]]},"properties":{"LAD24CD":"E06000061","LAD24NM":"North Northamptonshire"}},
{"type":"Feature","geometry":{"type":"Polygon","coordinates":[[[-0.9013,52.4598],[-1.0007,52.4709],[-1.1494,52.397],[-1.2016,52.3967],[-1.175,52.3563],[-1.2654,52.3284],[-1.2092,52.3152],[-1.233,52.2533],[-1.2847,52.2384],[-1.255,52.1978],[-1.3319,52.1685],[-1.2481,52.0972],[-1.3212,52.087],[-1.2835,51.9796],[-1.1963,51.9774],[-1.1181,52.0154],[-1.122,52.0451],[-0.9519,52.0815],[-0.906,52.0212],[-0.8713,52.0402],[-0.8313,52.072],[-0.887,52.1142],[-0.7055,52.1916],[-0.7276,52.2382],[-0.8014,52.2527],[-0.818,52.3096],[-0.7912,52.356],[-0.8905,52.3986],[-0.9013,52.4598]]]},"properties":{"LAD24CD":"E06000062","LAD24NM":"West Northamptonshire"}},
{"type":"Feature","geometry":{"type":"Polygon","coordinates":[[[-2.5827,54.8459],[-2.6054,54.8844],[-2.5453,54.9292],[-2.6014,54.9713],[-2.5729,55.0164],[-2.483,55.04],[-2.5026,55.0908],[-2.5621,55.0835],[-2.6569,55.1361],[-2.6898,55.189],[-2.8585,55.1083],[-2.9586,55.0493],[-3.0259,55.0365],[-3.0522,54.9905],[-3.0603,54.9845],[-3.0634,54.9835],[-3.1188,54.9262],[-3.2044,54.9537],[-3.3143,54.9203],[-3.3999,54.8674],[-3.4369,54.7585],[-3.5717,54.6509],[-3.5911,54.5522],[-3.6371,54.5106],[-3.4236,54.3384],[-3.4212,54.2847],[-3.3217,54.1903],[-3.2542,54.1915],[-3.2305,54.2698],[-3.2419,54.3235],[-3.1708,54.3997],[-3.1141,54.4183],[-3.1669,54.4544],[-3.0135,54.5011],[-3.0074,54.5953],[-3.087,54.6127],[-3.0638,54.7001],[-2.9923,54.6962],[-3.0261,54.7481],[-2.8631,54.8372],[-2.7057,54.8164],[-2.6553,54.8547],[-2.5827,54.8459]]]},"properties":{"LAD24CD":"E06000063","LAD24NM":"Cumberland"}},
{"type":"Feature","geometry":{"type":"Polygon","coordinates":[[[-2.3121,54.791],[-2.4117,54.8565],[-2.4954,54.8103],[-2.5827,54.8459],[-2.6553,54.8547],[-2.7057,54.8164],[-2.8631,54.8372],[-3.0261,54.7481],[-2.9923,54.6962],[-3.0638,54.7001],[-3.087,54.6127],[-3.0074,54.5953],[-3.0135,54.5011],[-3.1669,54.4544],[-3.1141,54.4183],[-3.1708,54.3997],[-3.2419,54.3235],[-3.2305,54.2698],[-3.1977,54.2289],[-3.2421,54.1093],[-3.1725,54.0818],[-3.1057,54.119],[-3.0347,54.1963],[-2.9999,54.1548],[-2.9254,54.1503],[-2.8872,54.1991],[-2.8379,54.1742],[-2.799,54.1977],[-2.6798,54.1612],[-2.6399,54.202],[-2.5761,54.1956],[-2.4609,54.2267],[-2.3256,54.2414],[-2.3098,54.3243],[-2.3677,54.3561],[-2.2974,54.3769],[-2.3081,54.4198],[-2.1702,54.4582],[-2.1724,54.5324],[-2.3045,54.5962],[-2.288,54.6505],[-2.3557,54.6977],[-2.3121,54.791]]]},"properties":{"LAD24CD":"E06000064","LAD24NM":"Westmorland and Furness"}},
{"type":"Feature","geometry":{"type":"Polygon","coordinates":[[[-0.2127,54.1577],[-0.2655,54.2165],[-0.3687,54.2485],[-0.4701,54.3934],[-0.5737,54.4814],[-0.6704,54.5008],[-0.7918,54.5583],[-0.8486,54.53],[-0.8485,54.488],[-1.1462,54.5028],[-1.2349,54.5103],[-1.3644,54.466],[-1.4349,54.4875],[-1.5457,54.4712],[-1.5811,54.5128],[-1.6969,54.536],[-1.7797,54.5319],[-1.793,54.4845],[-1.9701,54.4515],[-2.0432,54.4836],[-2.1702,54.4582],[-2.3081,54.4198],[-2.2974,54.3769],[-2.3677,54.3561],[-2.3098,54.3243],[-2.3256,54.2414],[-2.4609,54.2267],[-2.5647,54.1269],[-2.4643,54.0753],[-2.4695,54.0462],[-2.3741,54.0491],[-2.3522,53.9946],[-2.2304,53.9816],[-2.1845,53.9522],[-2.0461,53.8501],[-1.9802,53.8711],[-1.9662,53.9516],[-1.8795,53.9628],[-1.7272,53.9102],[-1.433,53.9108],[-1.3972,53.9425],[-1.3071,53.9345],[-1.302,53.7417],[-1.2198,53.7144],[-1.2555,53.6454],[-1.2328,53.6211],[-1.2098,53.6432],[-1.0487,53.6561],[-1.1034,53.6695],[-0.9037,53.7184],[-0.9736,53.7499],[-0.9283,53.7656],[-0.9482,53.8616],[-0.9234,53.8807],[-1.1053,53.8757],[-1.1995,53.9254],[-1.2237,53.9748],[-1.1517,53.9891],[-1.1408,54.0299],[-1.0021,54.0553],[-0.9948,53.9831],[-0.9253,53.9915],[-0.8784,54.0172],[-0.7343,54.0303],[-0.6835,54.0088],[-0.6603,54.0631],[-0.5246,54.0855],[-0.4271,54.1374],[-0.4332,54.1641],[-0.2297,54.1324],[-0.2127,54.1577]]]},"properties":{"LAD24CD":"E06000065","LAD24NM":"North Yorkshire"}},
{"type":"Feature","geometry":{"type":"Polygon","coordinates":[[[-2.9881,51.3065],[-3.0121,51.321],[-3.0193,51.2185],[-3.1539,51.2088],[-3.2774,51.1796],[-3.4008,51.1824],[-3.4957,51.2236],[-3.7206,51.2331],[-3.725,51.1796],[-3.8392,51.1769],[-3.8043,51.1157],[-3.6467,51.0581],[-3.5945,51.0552],[-3.6032,51.0072],[-3.5205,51.0259],[-3.3805,51.0185],[-3.2548,50.9418],[-3.1665,50.9477],[-3.1442,50.8914],[-3.0526,50.9086],[-3.0368,50.8511],[-2.9736,50.8558],[-2.9543,50.8212],[-2.8891,50.85],[-2.7923,50.8528],[-2.6607,50.8871],[-2.6155,50.8819],[-2.6034,50.9763],[-2.5023,50.9938],[-2.4562,50.9493],[-2.3446,50.9788],[-2.3813,51.0049],[-2.3259,51.0797],[-2.3645,51.1189],[-2.2985,51.1753],[-2.2453,51.2539],[-2.2891,51.3253],[-2.4517,51.2743],[-2.5578,51.3027],[-2.6274,51.2828],[-2.6949,51.3181],[-2.8147,51.327],[-2.8102,51.3014],[-2.8971,51.2906],[-2.9881,51.3065]]]},"properties":{"LAD24CD":"E06000066","LAD24NM":"Somerset"}},
{"type":"Feature","geometry":{"type":"Polygon","coordinates":[[[0.1661,52.2343],[0.0686,52.2161],[0.1034,52.1579],[0.1813,52.1695],[0.1661,52.2343]]]},"properties":{"LAD24CD":"E07000008","LAD24NM":"Cambridge"}},
{"type":"Feature","geometry":{"type":"Polygon","coordinates":[[[0.4293,52.4365],[0.3671,52.5012],[0.2363,52.5073],[0.1238,52.421],[0.0344,52.3857],[0.0439,52.3529],[0.1682,52.3176],[0.2488,52.3229],[0.2253,52.2317],[0.3219,52.1788],[0.4173,52.1593],[0.4913,52.1651],[0.5145,52.2268],[0.427,52.2536],[0.3427,52.2423],[0.3589,52.2975],[0.4242,52.2559],[0.5047,52.2847],[0.4242,52.3292],[0.3748,52.4097],[0.4293,52.4365]]]},"properties":{"LAD24CD":"E07000009","LAD24NM":"East Cambridgeshire"}},
{"type":"Feature","geometry":{"type":"Polygon","coordinates":[[[0.1716,52.738],[0.0441,52.7144],[0.0486,52.6814],[-0.0313,52.6615],[-0.0128,52.5942],[-0.187,52.5685],[-0.1878,52.5419],[-0.1144,52.4891],[-0.0481,52.5109],[-0.0389,52.4733],[0.034,52.4287],[0.0344,52.3857],[0.1238,52.421],[0.2363,52.5073],[0.1916,52.599],[0.2191,52.622],[0.1536,52.6822],[0.1716,52.738]]]},"properties":{"LAD24CD":"E07000010","LAD24NM":"Fenland"}},
{"type":"Feature","geometry":{"type":"Polygon","coordinates":[[[-0.1878,52.5419],[-0.2933,52.5069],[-0.3485,52.5644],[-0.4154,52.5787],[-0.4136,52.5257],[-0.3543,52.5065],[-0.3624,52.4335],[-0.4959,52.3795],[-0.4654,52.323],[-0.375,52.2805],[-0.3744,52.233],[-0.2856,52.2373],[-0.2498,52.1844],[-0.2167,52.1588],[-0.1004,52.1828],[-0.1956,52.2045],[-0.0464,52.3147],[0.0439,52.3529],[0.0344,52.3857],[0.034,52.4287],[-0.0389,52.4733],[-0.0481,52.5109],[-0.1144,52.4891],[-0.1878,52.5419]]]},"properties":{"LAD24CD":"E07000011","LAD24NM":"Huntingdonshire"}},
{"type":"Feature","geometry":{"type":"Polygon","coordinates":[[[0.4173,52.1593],[0.3219,52.1788],[0.2253,52.2317],[0.2488,52.3229],[0.1682,52.3176],[0.0439,52.3529],[-0.0464,52.3147],[-0.1956,52.2045],[-0.1004,52.1828],[-0.2167,52.1588],[-0.1445,52.1382],[-0.1576,52.0804],[-0.1266,52.0209],[-0.0196,52.0636],[0.0403,52.0533],[0.0682,52.0058],[0.1057,52.0603],[0.1899,52.0602],[0.2035,52.0927],[0.2762,52.0927],[0.3897,52.0365],[0.4046,52.0655],[0.4173,52.1593]],[[0.1661,52.2343],[0.1813,52.1695],[0.1034,52.1579],[0.0686,52.2161],[0.1661,52.2343]]]},"properties":{"LAD24CD":"E07000012","LAD24NM":"South Cambridgeshire"}},
{"type":"Feature","geometry":{"type":"Polygon","coordinates":[[[-1.3737,53.1079],[-1.4483,53.1037],[-1.4954,53.134],[-1.5121,53.0934],[-1.5914,53.0547],[-1.5714,52.974],[-1.6071,52.9472],[-1.5441,52.9242],[-1.4747,52.9659],[-1.3711,52.9731],[-1.3074,53.0036],[-1.3359,53.053],[-1.3316,53.081],[-1.3737,53.1079]]]},"properties":{"LAD24CD":"E07000032","LAD24NM":"Amber Valley"}},
{"type":"Feature","geometry":{"type":"Polygon","coordinates":[[[-1.2094,53.2177],[-1.1747,53.2652],[-1.1997,53.3114],[-1.282,53.3095],[-1.3167,53.2817],[-1.3192,53.2395],[-1.3185,53.1859],[-1.3737,53.1079],[-1.3316,53.081],[-1.3235,53.1623],[-1.2599,53.1645],[-1.197,53.1848],[-1.2094,53.2177]]]},"properties":{"LAD24CD":"E07000033","LAD24NM":"Bolsover"}},
{"type":"Feature","geometry":{"type":"Polygon","coordinates":[[[-1.3167,53.2817],[-1.4571,53.2837],[-1.4795,53.2222],[-1.3192,53.2395],[-1.3167,53.2817]]]},"properties":{"LAD24CD":"E07000034","LAD24NM":"Chesterfield"}},
{"type":"Feature","geometry":{"type":"Polygon","coordinates":[[[-1.5991,53.3113],[-1.5905,53.3459],[-1.6538,53.3919],[-1.7004,53.3236],[-1.761,53.3382],[-1.8226,53.3028],[-1.7903,53.2564],[-1.8443,53.2504],[-1.8987,53.2],[-1.8126,53.1544],[-1.779,53.0449],[-1.7624,52.9999],[-1.8268,52.9771],[-1.8566,52.9233],[-1.8282,52.8844],[-1.746,52.8687],[-1.749,52.9125],[-1.6071,52.9472],[-1.5714,52.974],[-1.5914,53.0547],[-1.5121,53.0934],[-1.4954,53.134],[-1.55,53.1855],[-1.5991,53.3113]]]},"properties":{"LAD24CD":"E07000035","LAD24NM":"Derbyshire Dales"}},
{"type":"Feature","geometry":{"type":"Polygon","coordinates":[[[-1.2397,52.8923],[-1.2818,52.9103],[-1.3074,53.0036],[-1.3711,52.9731],[-1.4747,52.9659],[-1.4093,52.9503],[-1.3884,52.9015],[-1.3193,52.8729],[-1.2679,52.8734],[-1.2397,52.8923]]]},"properties":{"LAD24CD":"E07000036","LAD24NM":"Erewash"}},
{"type":"Feature","geometry":{"type":"Polygon","coordinates":[[[-1.8222,53.5211],[-1.9096,53.5384],[-1.9634,53.5098],[-2.0263,53.4299],[-2.0311,53.3703],[-2.0068,53.3546],[-1.9874,53.2136],[-1.8987,53.2],[-1.8443,53.2504],[-1.7903,53.2564],[-1.8226,53.3028],[-1.761,53.3382],[-1.7004,53.3236],[-1.6538,53.3919],[-1.7398,53.421],[-1.8014,53.481],[-1.8222,53.5211]]]},"properties":{"LAD24CD":"E07000037","LAD24NM":"High Peak"}},
{"type":"Feature","geometry":{"type":"Polygon","coordinates":[[[-1.3247,53.3288],[-1.411,53.342],[-1.5368,53.3047],[-1.5991,53.3113],[-1.55,53.1855],[-1.4954,53.134],[-1.4483,53.1037],[-1.3737,53.1079],[-1.3185,53.1859],[-1.3192,53.2395],[-1.4795,53.2222],[-1.4571,53.2837],[-1.3167,53.2817],[-1.282,53.3095],[-1.3247,53.3288]]]},"properties":{"LAD24CD":"E07000038","LAD24NM":"North East Derbyshire"}},
{"type":"Feature","geometry":{"type":"Polygon","coordinates":[[[-1.5441,52.9242],[-1.6071,52.9472],[-1.749,52.9125],[-1.746,52.8687],[-1.5854,52.8316],[-1.6111,52.7814],[-1.6665,52.7847],[-1.7042,52.7321],[-1.5975,52.7004],[-1.5528,52.7633],[-1.494,52.759],[-1.3193,52.8729],[-1.3884,52.9015],[-1.4236,52.8651],[-1.5417,52.8895],[-1.5441,52.9242]]]},"properties":{"LAD24CD":"E07000039","LAD24NM":"South Derbyshire"}},
{"type":"Feature","geometry":{"type":"Polygon","coordinates":[[[-2.9543,50.8212],[-2.9736,50.8558],[-3.0368,50.8511],[-3.0526,50.9086],[-3.1442,50.8914],[-3.233,50.895],[-3.3482,50.8467],[-3.36,50.8119],[-3.572,50.7885],[-3.5855,50.7439],[-3.5697,50.745],[-3.4652,50.745],[-3.4596,50.6892],[-3.4525,50.6834],[-3.4515,50.6819],[-3.3619,50.6066],[-3.2578,50.6732],[-3.0961,50.6852],[-2.9474,50.7184],[-2.9543,50.7677],[-2.8866,50.7948],[-2.9543,50.8212]]]},"properties":{"LAD24CD":"E07000040","LAD24NM":"East Devon"}},
{"type":"Feature","geometry":{"type":"Polygon","coordinates":[[[-3.4596,50.6892],[-3.4652,50.745],[-3.5697,50.745],[-3.5628,50.7069],[-3.4695,50.6783],[-3.4579,50.6758],[-3.4571,50.6766],[-3.4596,50.6892]]]},"properties":{"LAD24CD":"E07000041","LAD24NM":"Exeter"}},
{"type":"Feature","geometry":{"type":"Polygon","coordinates":[[[-3.1442,50.8914],[-3.1665,50.9477],[-3.2548,50.9418],[-3.3805,51.0185],[-3.5205,51.0259],[-3.6032,51.0072],[-3.6275,50.9196],[-3.7833,50.9025],[-3.9042,50.9051],[-3.8996,50.8346],[-3.8391,50.8184],[-3.8186,50.717],[-3.7356,50.7032],[-3.6718,50.764],[-3.5855,50.7439],[-3.572,50.7885],[-3.36,50.8119],[-3.3482,50.8467],[-3.233,50.895],[-3.1442,50.8914]]]},"properties":{"LAD24CD":"E07000042","LAD24NM":"Mid Devon"}},
{"type":"Feature","geometry":{"type":"Polygon","coordinates":[[[-3.7206,51.2331],[-4.0878,51.2173],[-4.2293,51.1885],[-4.2168,51.0764],[-4.1798,51.0675],[-4.1888,51.0412],[-4.2027,51.0206],[-4.0343,51.0076],[-4.0115,50.9673],[-3.9583,50.9815],[-3.9967,50.926],[-3.9042,50.9051],[-3.7833,50.9025],[-3.6275,50.9196],[-3.6032,51.0072],[-3.5945,51.0552],[-3.6467,51.0581],[-3.8043,51.1157],[-3.8392,51.1769],[-3.725,51.1796],[-3.7206,51.2331]]]},"properties":{"LAD24CD":"E07000043","LAD24NM":"North Devon"}},
{"type":"Feature","geometry":{"type":"Polygon","coordinates":[[[-3.5842,50.4777],[-3.6698,50.4621],[-3.7374,50.5063],[-3.7589,50.4668],[-3.8756,50.5424],[-3.899,50.4726],[-3.956,50.5002],[-4.0238,50.4621],[-4.1519,50.4637],[-4.1657,50.4268],[-4.1135,50.4442],[-4.0212,50.3918],[-4.0529,50.3565],[-4.1231,50.3468],[-4.0431,50.2955],[-3.9485,50.3098],[-3.8581,50.2607],[-3.8679,50.2397],[-3.7208,50.2024],[-3.6596,50.239],[-3.6427,50.2901],[-3.5179,50.3464],[-3.5077,50.3791],[-3.5442,50.3734],[-3.628,50.4259],[-3.5842,50.4777]]]},"properties":{"LAD24CD":"E07000044","LAD24NM":"South Hams"}},
{"type":"Feature","geometry":{"type":"Polygon","coordinates":[[[-3.5855,50.7439],[-3.6718,50.764],[-3.7356,50.7032],[-3.8114,50.6912],[-3.8825,50.5967],[-3.8756,50.5424],[-3.7589,50.4668],[-3.7374,50.5063],[-3.6698,50.4621],[-3.5842,50.4777],[-3.5091,50.5166],[-3.4439,50.6016],[-3.4695,50.6783],[-3.5628,50.7069],[-3.5697,50.745],[-3.5855,50.7439]]]},"properties":{"LAD24CD":"E07000045","LAD24NM":"Teignbridge"}},
{"type":"Feature","geometry":{"type":"Polygon","coordinates":[[[-4.1908,51.0548],[-4.2179,51.0645],[-4.303,50.9978],[-4.3909,50.9947],[-4.5257,51.0223],[-4.546,50.9288],[-4.4561,50.9289],[-4.421,50.8661],[-4.4468,50.8082],[-4.4935,50.7929],[-4.3936,50.7782],[-4.3352,50.6465],[-4.2222,50.6712],[-4.2268,50.7422],[-4.186,50.7577],[-4.164,50.8309],[-4.0899,50.8674],[-3.9951,50.8692],[-3.9405,50.8256],[-3.8996,50.8346],[-3.9042,50.9051],[-3.9967,50.926],[-3.9583,50.9815],[-4.0115,50.9673],[-4.0343,51.0076],[-4.2027,51.0206],[-4.1888,51.0412],[-4.1907,51.0547],[-4.1908,51.0548]]]},"properties":{"LAD24CD":"E07000046","LAD24NM":"Torridge"}},
{"type":"Feature","geometry":{"type":"Polygon","coordinates":[[[-3.8996,50.8346],[-3.9405,50.8256],[-3.9951,50.8692],[-4.0899,50.8674],[-4.164,50.8309],[-4.186,50.7577],[-4.2268,50.7422],[-4.2222,50.6712],[-4.3352,50.6465],[-4.3116,50.5861],[-4.2323,50.531],[-4.2007,50.4364],[-4.1519,50.4637],[-4.0238,50.4621],[-3.956,50.5002],[-3.899,50.4726],[-3.8756,50.5424],[-3.8825,50.5967],[-3.8114,50.6912],[-3.7356,50.7032],[-3.8186,50.717],[-3.8391,50.8184],[-3.8996,50.8346]]]},"properties":{"LAD24CD":"E07000047","LAD24NM":"West Devon"}},
{"type":"Feature","geometry":{"type":"Polygon","coordinates":[[[0.3392,50.7991],[0.2459,50.8055],[0.2098,50.7385],[0.2604,50.7386],[0.3392,50.7991]]]},"properties":{"LAD24CD":"E07000061","LAD24NM":"Eastbourne"}},
{"type":"Feature","geometry":{"type":"Polygon","coordinates":[[[0.6579,50.8698],[0.537,50.8948],[0.5028,50.8425],[0.6579,50.8698]]]},"properties":{"LAD24CD":"E07000062","LAD24NM":"Hastings"}},
{"type":"Feature","geometry":{"type":"Polygon","coordinates":[[[0.15,50.7587],[0.0979,50.8203],[0.1219,50.9153],[0.0573,50.9261],[0.0537,50.9677],[-0.0164,51.0025],[-0.1151,50.9761],[-0.135,50.8867],[-0.0369,50.8412],[-0.0385,50.7991],[0.15,50.7587]]]},"properties":{"LAD24CD":"E07000063","LAD24NM":"Lewes"}},
{"type":"Feature","geometry":{"type":"Polygon","coordinates":[[[0.6054,51.0121],[0.4723,51.0304],[0.3965,51.0831],[0.3614,51.0653],[0.324,50.9629],[0.3791,50.8835],[0.4412,50.8678],[0.3778,50.8204],[0.5028,50.8425],[0.537,50.8948],[0.6579,50.8698],[0.772,50.9313],[0.8547,50.9239],[0.779,50.9895],[0.6614,51.0178],[0.6054,51.0121]]]},"properties":{"LAD24CD":"E07000064","LAD24NM":"Rother"}},
{"type":"Feature","geometry":{"type":"Polygon","coordinates":[[[0.1607,51.1373],[0.05,51.1427],[0.0274,51.1398],[0.0445,51.1106],[-0.0362,51.0934],[-0.0164,51.0025],[0.0537,50.9677],[0.0573,50.9261],[0.1219,50.9153],[0.0979,50.8203],[0.15,50.7587],[0.2098,50.7385],[0.2459,50.8055],[0.3392,50.7991],[0.3778,50.8204],[0.4412,50.8678],[0.3791,50.8835],[0.324,50.9629],[0.3614,51.0653],[0.3965,51.0831],[0.3252,51.123],[0.1715,51.1154],[0.1607,51.1373]]]},"properties":{"LAD24CD":"E07000065","LAD24NM":"Wealden"}},
{"type":"Feature","geometry":{"type":"Polygon","coordinates":[[[0.5625,51.6179],[0.4468,51.6267],[0.4022,51.651],[0.3826,51.5658],[0.5091,51.5342],[0.518,51.53],[0.5659,51.5882],[0.5625,51.6179]]]},"properties":{"LAD24CD":"E07000066","LAD24NM":"Basildon"}},
{"type":"Feature","geometry":{"type":"Polygon","coordinates":[[[0.7815,51.9665],[0.6569,52.0854],[0.5017,52.0539],[0.4046,52.0655],[0.3897,52.0365],[0.4314,52.0389],[0.4125,51.9711],[0.4672,51.8787],[0.5193,51.8504],[0.5238,51.8034],[0.5934,51.7554],[0.7089,51.8189],[0.7529,51.8631],[0.7263,51.9059],[0.7815,51.9665]]]},"properties":{"LAD24CD":"E07000067","LAD24NM":"Braintree"}},
{"type":"Feature","geometry":{"type":"Polygon","coordinates":[[[0.4022,51.651],[0.334,51.717],[0.1757,51.6558],[0.2003,51.6249],[0.313,51.5658],[0.3826,51.5658],[0.4022,51.651]]]},"properties":{"LAD24CD":"E07000068","LAD24NM":"Brentwood"}},
{"type":"Feature","geometry":{"type":"Polygon","coordinates":[[[0.6321,51.5705],[0.5659,51.5882],[0.518,51.53],[0.5734,51.5079],[0.6269,51.5383],[0.6321,51.5705]]]},"properties":{"LAD24CD":"E07000069","LAD24NM":"Castle Point"}},
{"type":"Feature","geometry":{"type":"Polygon","coordinates":[[[0.5193,51.8504],[0.3406,51.7945],[0.3467,51.7676],[0.334,51.717],[0.4022,51.651],[0.4468,51.6267],[0.5625,51.6179],[0.6489,51.6367],[0.6287,51.6395],[0.5934,51.7554],[0.5238,51.8034],[0.5193,51.8504]]]},"properties":{"LAD24CD":"E07000070","LAD24NM":"Chelmsford"}},
{"type":"Feature","geometry":{"type":"Polygon","coordinates":[[[1.0247,51.9549],[0.9626,51.9772],[0.7815,51.9665],[0.7263,51.9059],[0.7529,51.8631],[0.7089,51.8189],[0.8429,51.781],[0.8924,51.7792],[0.9776,51.8473],[0.9312,51.9197],[1.0247,51.9549]]]},"properties":{"LAD24CD":"E07000071","LAD24NM":"Colchester"}},
{"type":"Feature","geometry":{"type":"Polygon","coordinates":[[[0.3467,51.7676],[0.2377,51.7798],[0.1663,51.8222],[0.1461,51.7962],[0.0926,51.7362],[0.0577,51.7797],[0.014,51.7644],[-0.0119,51.6809],[-0.0123,51.6462],[0.0218,51.6288],[0.0729,51.6047],[0.1382,51.6235],[0.2003,51.6249],[0.1757,51.6558],[0.334,51.717],[0.3467,51.7676]]]},"properties":{"LAD24CD":"E07000072","LAD24NM":"Epping Forest"}},
{"type":"Feature","geometry":{"type":"Polygon","coordinates":[[[0.0577,51.7797],[0.0926,51.7362],[0.1461,51.7962],[0.0577,51.7797]]]},"properties":{"LAD24CD":"E07000073","LAD24NM":"Harlow"}},
{"type":"Feature","geometry":{"type":"Polygon","coordinates":[[[0.8429,51.781],[0.7089,51.8189],[0.5934,51.7554],[0.6287,51.6395],[0.6489,51.6367],[0.7805,51.6306],[0.9345,51.6328],[0.949,51.7295],[0.8522,51.7133],[0.7112,51.7135],[0.7767,51.744],[0.8827,51.7577],[0.8429,51.781]]]},"properties":{"LAD24CD":"E07000074","LAD24NM":"Maldon"}},
{"type":"Feature","geometry":{"type":"MultiPolygon","coordinates":[[[[0.8845,51.5685],[0.9575,51.6205],[0.8744,51.6142],[0.8258,51.5645],[0.8845,51.5685]]],[[[0.7805,51.6306],[0.6489,51.6367],[0.5625,51.6179],[0.5659,51.5882],[0.6321,51.5705],[0.8208,51.5409],[0.7964,51.5864],[0.8654,51.6154],[0.7805,51.6306]]]]},"properties":{"LAD24CD":"E07000075","LAD24NM":"Rochford"}},
{"type":"Feature","geometry":{"type":"Polygon","coordinates":[[[1.0687,51.9504],[1.0247,51.9549],[0.9312,51.9197],[0.9776,51.8473],[0.9778,51.8472],[0.9801,51.8447],[1.0434,51.7697],[1.129,51.7754],[1.2879,51.862],[1.226,51.9038],[1.2851,51.9369],[1.0687,51.9504]]]},"properties":{"LAD24CD":"E07000076","LAD24NM":"Tendring"}},
{"type":"Feature","geometry":{"type":"Polygon","coordinates":[[[0.3897,52.0365],[0.2762,52.0927],[0.2035,52.0927],[0.1899,52.0602],[0.1057,52.0603],[0.0682,52.0058],[0.0691,51.984],[0.0965,51.9843],[0.1248,51.8846],[0.1839,51.8935],[0.1663,51.8222],[0.2377,51.7798],[0.3467,51.7676],[0.3406,51.7945],[0.5193,51.8504],[0.4672,51.8787],[0.4125,51.9711],[0.4314,52.0389],[0.3897,52.0365]]]},"properties":{"LAD24CD":"E07000077","LAD24NM":"Uttlesford"}},
{"type":"Feature","geometry":{"type":"Polygon","coordinates":[[[-2.0102,51.9029],[-2.1066,51.9389],[-2.1424,51.8845],[-2.0708,51.865],[-2.0102,51.9029]]]},"properties":{"LAD24CD":"E07000078","LAD24NM":"Cheltenham"}},
{"type":"Feature","geometry":{"type":"Polygon","coordinates":[[[-1.6658,51.9875],[-1.6638,52.0313],[-1.7677,52.1126],[-1.8744,52.07],[-1.8391,52.0068],[-1.9317,51.9573],[-1.8684,51.9081],[-1.9122,51.8876],[-2.0102,51.9029],[-2.0708,51.865],[-2.1343,51.8199],[-2.0838,51.7889],[-2.1499,51.6894],[-2.1922,51.6598],[-2.2872,51.6806],[-2.3236,51.633],[-2.2916,51.5937],[-2.2726,51.5776],[-2.2077,51.6034],[-2.1526,51.5903],[-2.0572,51.6724],[-1.9507,51.637],[-1.9421,51.6704],[-1.8766,51.6515],[-1.7886,51.667],[-1.6831,51.6901],[-1.6483,51.6841],[-1.7195,51.7832],[-1.6819,51.804],[-1.6869,51.8655],[-1.6152,51.9377],[-1.6658,51.9875]]]},"properties":{"LAD24CD":"E07000079","LAD24NM":"Cotswold"}},
{"type":"Feature","geometry":{"type":"Polygon","coordinates":[[[-2.3514,52.0214],[-2.399,51.9961],[-2.4789,52.0225],[-2.5009,51.9606],[-2.4393,51.8974],[-2.5808,51.8616],[-2.6504,51.8261],[-2.6875,51.7304],[-2.6633,51.6356],[-2.5665,51.6951],[-2.5424,51.6815],[-2.5408,51.6824],[-2.4726,51.7409],[-2.3863,51.7581],[-2.4443,51.784],[-2.4221,51.8186],[-2.3516,51.796],[-2.3518,51.8462],[-2.29,51.8943],[-2.2706,51.9689],[-2.3265,51.9758],[-2.3514,52.0214]]]},"properties":{"LAD24CD":"E07000080","LAD24NM":"Forest of Dean"}},
{"type":"Feature","geometry":{"type":"Polygon","coordinates":[[[-2.1877,51.845],[-2.1991,51.8806],[-2.2982,51.8326],[-2.2629,51.8076],[-2.1877,51.845]]]},"properties":{"LAD24CD":"E07000081","LAD24NM":"Gloucester"}},
{"type":"Feature","geometry":{"type":"Polygon","coordinates":[[[-2.2982,51.8326],[-2.3518,51.8462],[-2.3516,51.796],[-2.4221,51.8186],[-2.4443,51.784],[-2.3863,51.7581],[-2.4726,51.7409],[-2.5408,51.6824],[-2.386,51.6399],[-2.3947,51.5974],[-2.2916,51.5937],[-2.3236,51.633],[-2.2872,51.6806],[-2.1922,51.6598],[-2.1499,51.6894],[-2.0838,51.7889],[-2.1343,51.8199],[-2.1877,51.845],[-2.2629,51.8076],[-2.2982,51.8326]]]},"properties":{"LAD24CD":"E07000082","LAD24NM":"Stroud"}},
{"type":"Feature","geometry":{"type":"Polygon","coordinates":[[[-1.8391,52.0068],[-1.9134,52.0445],[-2.0384,52.0046],[-2.1497,52.0113],[-2.1714,52.0476],[-2.1646,51.9961],[-2.2706,51.9689],[-2.29,51.8943],[-2.3518,51.8462],[-2.2982,51.8326],[-2.1991,51.8806],[-2.1877,51.845],[-2.1343,51.8199],[-2.0708,51.865],[-2.1424,51.8845],[-2.1066,51.9389],[-2.0102,51.9029],[-1.9122,51.8876],[-1.8684,51.9081],[-1.9317,51.9573],[-1.8391,52.0068]]]},"properties":{"LAD24CD":"E07000083","LAD24NM":"Tewkesbury"}},
{"type":"Feature","geometry":{"type":"Polygon","coordinates":[[[-0.9861,51.3628],[-1.4111,51.3729],[-1.4297,51.3365],[-1.4168,51.2831],[-1.4599,51.2556],[-1.4281,51.225],[-1.3088,51.1947],[-1.1917,51.1847],[-1.2144,51.1588],[-1.1318,51.1436],[-1.0711,51.1878],[-0.9859,51.1904],[-0.9867,51.3599],[-0.9861,51.3628]]]},"properties":{"LAD24CD":"E07000084","LAD24NM":"Basingstoke and Deane"}},
{"type":"Feature","geometry":{"type":"Polygon","coordinates":[[[-0.7535,51.0865],[-0.8489,51.2107],[-0.9859,51.1904],[-1.0711,51.1878],[-1.1318,51.1436],[-1.0623,51.0203],[-1.0341,50.9042],[-0.9387,50.8737],[-0.9576,50.8906],[-0.897,51.022],[-0.8428,51.0669],[-0.7535,51.0865]]]},"properties":{"LAD24CD":"E07000085","LAD24NM":"East Hampshire"}},
{"type":"Feature","geometry":{"type":"Polygon","coordinates":[[[-1.2653,50.898],[-1.2934,50.9741],[-1.393,51.0044],[-1.3799,50.9475],[-1.322,50.901],[-1.3629,50.8787],[-1.3111,50.8494],[-1.3108,50.8508],[-1.304,50.8789],[-1.2653,50.898]]]},"properties":{"LAD24CD":"E07000086","LAD24NM":"Eastleigh"}},
{"type":"Feature","geometry":{"type":"Polygon","coordinates":[[[-1.2653,50.898],[-1.304,50.8789],[-1.3073,50.8413],[-1.2138,50.809],[-1.1769,50.8374],[-1.1139,50.8435],[-1.1158,50.8583],[-1.1672,50.8894],[-1.2303,50.8608],[-1.2653,50.898]]]},"properties":{"LAD24CD":"E07000087","LAD24NM":"Fareham"}},
{"type":"Feature","geometry":{"type":"Polygon","coordinates":[[[-1.2138,50.809],[-1.1422,50.7735],[-1.1119,50.7895],[-1.1769,50.8374],[-1.2138,50.809]]]},"properties":{"LAD24CD":"E07000088","LAD24NM":"Gosport"}},
{"type":"Feature","geometry":{"type":"Polygon","coordinates":[[[-0.8374,51.3529],[-0.9867,51.3599],[-0.9859,51.1904],[-0.8489,51.2107],[-0.8047,51.2451],[-0.7629,51.3187],[-0.7755,51.332],[-0.8374,51.3529]]]},"properties":{"LAD24CD":"E07000089","LAD24NM":"Hart"}},
{"type":"Feature","geometry":{"type":"Polygon","coordinates":[[[-0.9387,50.8737],[-1.0341,50.9042],[-1.0541,50.8565],[-1.024,50.8316],[-0.9345,50.8459],[-0.9387,50.8737]]]},"properties":{"LAD24CD":"E07000090","LAD24NM":"Havant"}},
{"type":"Feature","geometry":{"type":"Polygon","coordinates":[[[-1.6198,50.9586],[-1.6617,50.9453],[-1.8358,51.0095],[-1.9568,50.9898],[-1.8736,50.9172],[-1.8107,50.9272],[-1.8535,50.8635],[-1.8071,50.8633],[-1.8039,50.796],[-1.7855,50.7648],[-1.6919,50.7373],[-1.5542,50.7069],[-1.5024,50.754],[-1.3425,50.7857],[-1.3115,50.8134],[-1.4841,50.9305],[-1.5445,50.9693],[-1.6198,50.9586]]]},"properties":{"LAD24CD":"E07000091","LAD24NM":"New Forest"}},
{"type":"Feature","geometry":{"type":"Polygon","coordinates":[[[-0.7311,51.2803],[-0.7629,51.3187],[-0.8047,51.2451],[-0.7455,51.2305],[-0.7311,51.2803]]]},"properties":{"LAD24CD":"E07000092","LAD24NM":"Rushmoor"}},
{"type":"Feature","geometry":{"type":"Polygon","coordinates":[[[-1.4983,51.3294],[-1.5458,51.2453],[-1.6076,51.2528],[-1.6897,51.2148],[-1.6263,51.1173],[-1.6198,50.9586],[-1.5445,50.9693],[-1.4841,50.9305],[-1.4771,50.9287],[-1.3799,50.9475],[-1.393,51.0044],[-1.4565,51.041],[-1.4116,51.0697],[-1.4314,51.1168],[-1.3702,51.1291],[-1.3088,51.1947],[-1.4281,51.225],[-1.4599,51.2556],[-1.4168,51.2831],[-1.4297,51.3365],[-1.4983,51.3294]]]},"properties":{"LAD24CD":"E07000093","LAD24NM":"Test Valley"}},
{"type":"Feature","geometry":{"type":"Polygon","coordinates":[[[-1.1318,51.1436],[-1.2144,51.1588],[-1.1917,51.1847],[-1.3088,51.1947],[-1.3702,51.1291],[-1.4314,51.1168],[-1.4116,51.0697],[-1.4565,51.041],[-1.393,51.0044],[-1.2934,50.9741],[-1.2653,50.898],[-1.2303,50.8608],[-1.1672,50.8894],[-1.1158,50.8583],[-1.0541,50.8565],[-1.0341,50.9042],[-1.0623,51.0203],[-1.1318,51.1436]]]},"properties":{"LAD24CD":"E07000094","LAD24NM":"Winchester"}},
{"type":"Feature","geometry":{"type":"Polygon","coordinates":[[[0.014,51.7644],[-0.0479,51.7688],[-0.0987,51.7359],[-0.1058,51.6919],[-0.0119,51.6809],[0.014,51.7644]]]},"properties":{"LAD24CD":"E07000095","LAD24NM":"Broxbourne"}},
{"type":"Feature","geometry":{"type":"Polygon","coordinates":[[[-0.4049,51.8406],[-0.5536,51.8268],[-0.6672,51.8158],[-0.6964,51.8582],[-0.7458,51.8418],[-0.6701,51.7665],[-0.5536,51.734],[-0.5243,51.6821],[-0.4403,51.701],[-0.4221,51.7408],[-0.4406,51.7869],[-0.4049,51.8406]]]},"properties":{"LAD24CD":"E07000096","LAD24NM":"Dacorum"}},
{"type":"Feature","geometry":{"type":"Polygon","coordinates":[[[-0.2551,51.7295],[-0.3754,51.6925],[-0.3774,51.6377],[-0.3626,51.6235],[-0.3044,51.6363],[-0.182,51.6687],[-0.1635,51.6881],[-0.2551,51.7295]]]},"properties":{"LAD24CD":"E07000098","LAD24NM":"Hertsmere"}},
{"type":"Feature","geometry":{"type":"Polygon","coordinates":[[[0.0682,52.0058],[0.0403,52.0533],[-0.0196,52.0636],[-0.1266,52.0209],[-0.1576,52.0804],[-0.2195,52.0367],[-0.2013,52.0098],[-0.2707,51.9796],[-0.3673,51.9837],[-0.3856,51.9157],[-0.3548,51.874],[-0.3395,51.8496],[-0.2735,51.8354],[-0.1728,51.8566],[-0.1736,51.8753],[-0.2344,51.9053],[-0.1622,51.9203],[-0.0237,51.9972],[0.0691,51.984],[0.0682,52.0058]]]},"properties":{"LAD24CD":"E07000099","LAD24NM":"North Hertfordshire"}},
{"type":"Feature","geometry":{"type":"Polygon","coordinates":[[[-0.3756,51.6929],[-0.4221,51.7408],[-0.4403,51.701],[-0.5243,51.6821],[-0.5006,51.5997],[-0.4968,51.6317],[-0.404,51.6132],[-0.3626,51.6235],[-0.3774,51.6377],[-0.4395,51.6728],[-0.3756,51.6929]]]},"properties":{"LAD24CD":"E07000102","LAD24NM":"Three Rivers"}},
{"type":"Feature","geometry":{"type":"Polygon","coordinates":[[[-0.3756,51.6929],[-0.4395,51.6728],[-0.3774,51.6377],[-0.3754,51.6925],[-0.3756,51.6929]]]},"properties":{"LAD24CD":"E07000103","LAD24NM":"Watford"}},
{"type":"Feature","geometry":{"type":"Polygon","coordinates":[[[0.9733,51.2686],[0.7926,51.2381],[0.6838,51.1911],[0.6395,51.1413],[0.5965,51.0902],[0.6467,51.0833],[0.6054,51.0121],[0.6614,51.0178],[0.779,50.9895],[0.8309,51.0494],[0.9689,51.0629],[0.9797,51.1122],[1.0292,51.1325],[1.004,51.1801],[0.9733,51.2686]]]},"properties":{"LAD24CD":"E07000105","LAD24NM":"Ashford"}},
{"type":"Feature","geometry":{"type":"Polygon","coordinates":[[[1.2501,51.3293],[1.2248,51.3793],[1.0332,51.3656],[0.9504,51.3456],[1.0171,51.3129],[0.9733,51.2686],[1.004,51.1801],[1.0583,51.205],[1.1476,51.1772],[1.1855,51.2178],[1.1999,51.2916],[1.2501,51.3293]]]},"properties":{"LAD24CD":"E07000106","LAD24NM":"Canterbury"}},
{"type":"Feature","geometry":{"type":"Polygon","coordinates":[[[0.3152,51.4649],[0.2745,51.4537],[0.2212,51.4788],[0.1529,51.4087],[0.2749,51.4075],[0.3367,51.3865],[0.3152,51.4649]]]},"properties":{"LAD24CD":"E07000107","LAD24NM":"Dartford"}},
{"type":"Feature","geometry":{"type":"Polygon","coordinates":[[[1.2501,51.3293],[1.1999,51.2916],[1.1855,51.2178],[1.1476,51.1772],[1.2111,51.1515],[1.1716,51.1242],[1.22,51.0975],[1.3768,51.1408],[1.4049,51.2301],[1.3585,51.312],[1.2501,51.3293]]]},"properties":{"LAD24CD":"E07000108","LAD24NM":"Dover"}},
{"type":"Feature","geometry":{"type":"Polygon","coordinates":[[[0.4576,51.4583],[0.382,51.4435],[0.3253,51.4502],[0.3152,51.4649],[0.3367,51.3865],[0.3416,51.3292],[0.4013,51.353],[0.4892,51.4153],[0.4576,51.4583]]]},"properties":{"LAD24CD":"E07000109","LAD24NM":"Gravesham"}},
{"type":"Feature","geometry":{"type":"Polygon","coordinates":[[[0.6014,51.3333],[0.5256,51.3347],[0.4777,51.2723],[0.3787,51.235],[0.3842,51.1983],[0.4696,51.143],[0.6395,51.1413],[0.6838,51.1911],[0.7926,51.2381],[0.6643,51.3289],[0.6014,51.3333]]]},"properties":{"LAD24CD":"E07000110","LAD24NM":"Maidstone"}},
{"type":"Feature","geometry":{"type":"Polygon","coordinates":[[[0.3367,51.3865],[0.2749,51.4075],[0.1529,51.4087],[0.1489,51.4084],[0.137,51.3442],[0.0424,51.2927],[0.05,51.1427],[0.1607,51.1373],[0.227,51.1841],[0.2005,51.2338],[0.2638,51.2558],[0.2858,51.345],[0.3416,51.3292],[0.3367,51.3865]]]},"properties":{"LAD24CD":"E07000111","LAD24NM":"Sevenoaks"}},
{"type":"Feature","geometry":{"type":"Polygon","coordinates":[[[1.1476,51.1772],[1.0583,51.205],[1.004,51.1801],[1.0292,51.1325],[0.9797,51.1122],[0.9689,51.0629],[0.8309,51.0494],[0.779,50.9895],[0.8547,50.9239],[0.9779,50.9129],[0.9644,50.9688],[0.9967,51.0246],[1.0604,51.0591],[1.1948,51.0759],[1.22,51.0975],[1.1716,51.1242],[1.2111,51.1515],[1.1476,51.1772]]]},"properties":{"LAD24CD":"E07000112","LAD24NM":"Folkestone and Hythe"}},
{"type":"Feature","geometry":{"type":"MultiPolygon","coordinates":[[[[0.9504,51.3456],[0.7644,51.3629],[0.6324,51.3889],[0.6014,51.3333],[0.6643,51.3289],[0.7926,51.2381],[0.9733,51.2686],[1.0171,51.3129],[0.9504,51.3456]]],[[[0.9014,51.4168],[0.7494,51.4461],[0.7662,51.37],[0.8968,51.3545],[0.9502,51.3721],[0.9014,51.4168]]]]},"properties":{"LAD24CD":"E07000113","LAD24NM":"Swale"}},
{"type":"Feature","geometry":{"type":"Polygon","coordinates":[[[1.3585,51.312],[1.4236,51.3243],[1.442,51.3868],[1.2248,51.3793],[1.2501,51.3293],[1.3585,51.312]]]},"properties":{"LAD24CD":"E07000114","LAD24NM":"Thanet"}},
{"type":"Feature","geometry":{"type":"Polygon","coordinates":[[[0.5256,51.3347],[0.4562,51.3688],[0.4013,51.353],[0.3416,51.3292],[0.2858,51.345],[0.2638,51.2558],[0.2005,51.2338],[0.227,51.1841],[0.3842,51.1983],[0.3787,51.235],[0.4777,51.2723],[0.5256,51.3347]]]},"properties":{"LAD24CD":"E07000115","LAD24NM":"Tonbridge and Malling"}},
{"type":"Feature","geometry":{"type":"Polygon","coordinates":[[[0.3842,51.1983],[0.227,51.1841],[0.1607,51.1373],[0.1715,51.1154],[0.3252,51.123],[0.3965,51.0831],[0.4723,51.0304],[0.6054,51.0121],[0.6467,51.0833],[0.5965,51.0902],[0.6395,51.1413],[0.4696,51.143],[0.3842,51.1983]]]},"properties":{"LAD24CD":"E07000116","LAD24NM":"Tunbridge Wells"}},
{"type":"Feature","geometry":{"type":"Polygon","coordinates":[[[-2.1123,53.8057],[-2.1961,53.8253],[-2.3132,53.8125],[-2.3423,53.7948],[-2.3141,53.747],[-2.1733,53.723],[-2.1123,53.8057]]]},"properties":{"LAD24CD":"E07000117","LAD24NM":"Burnley"}},
{"type":"Feature","geometry":{"type":"Polygon","coordinates":[[[-2.5616,53.7469],[-2.6716,53.7107],[-2.6588,53.6807],[-2.8199,53.6871],[-2.7959,53.616],[-2.6895,53.6043],[-2.6259,53.5937],[-2.5113,53.627],[-2.5616,53.7469]]]},"properties":{"LAD24CD":"E07000118","LAD24NM":"Chorley"}},
{"type":"Feature","geometry":{"type":"MultiPolygon","coordinates":[[[[-2.7939,53.7513],[-2.794,53.7518],[-2.8038,53.7491],[-2.7939,53.7513]]],[[[-2.826,53.82],[-2.9043,53.8648],[-3.0107,53.8262],[-2.9965,53.7745],[-3.0571,53.7765],[-3.0387,53.7472],[-2.8991,53.7331],[-2.794,53.7518],[-2.826,53.82]]]]},"properties":{"LAD24CD":"E07000119","LAD24NM":"Fylde"}},
{"type":"Feature","geometry":{"type":"Polygon","coordinates":[[[-2.3423,53.7948],[-2.3967,53.8166],[-2.4658,53.7808],[-2.411,53.7052],[-2.3141,53.747],[-2.3423,53.7948]]]},"properties":{"LAD24CD":"E07000120","LAD24NM":"Hyndburn"}},
{"type":"Feature","geometry":{"type":"Polygon","coordinates":[[[-2.4609,54.2267],[-2.5761,54.1956],[-2.6399,54.202],[-2.6798,54.1612],[-2.799,54.1977],[-2.8379,54.1742],[-2.7984,54.1274],[-2.9063,54.0394],[-2.881,53.9433],[-2.8037,53.9358],[-2.7964,53.9755],[-2.6482,53.9489],[-2.5575,53.9749],[-2.5722,54.0146],[-2.4695,54.0462],[-2.4643,54.0753],[-2.5647,54.1269],[-2.4609,54.2267]]]},"properties":{"LAD24CD":"E07000121","LAD24NM":"Lancaster"}},
{"type":"Feature","geometry":{"type":"Polygon","coordinates":[[[-2.0461,53.8501],[-2.1845,53.9522],[-2.2458,53.9333],[-2.2243,53.8908],[-2.3193,53.8613],[-2.3132,53.8125],[-2.1961,53.8253],[-2.1123,53.8057],[-2.0612,53.8256],[-2.0461,53.8501]]]},"properties":{"LAD24CD":"E07000122","LAD24NM":"Pendle"}},
{"type":"Feature","geometry":{"type":"Polygon","coordinates":[[[-2.5995,53.7815],[-2.6452,53.8938],[-2.7098,53.8536],[-2.826,53.82],[-2.794,53.7518],[-2.7939,53.7513],[-2.7113,53.7481],[-2.5995,53.7815]]]},"properties":{"LAD24CD":"E07000123","LAD24NM":"Preston"}},
{"type":"Feature","geometry":{"type":"Polygon","coordinates":[[[-2.1845,53.9522],[-2.2304,53.9816],[-2.3522,53.9946],[-2.3741,54.0491],[-2.4695,54.0462],[-2.5722,54.0146],[-2.5575,53.9749],[-2.6482,53.9489],[-2.6452,53.8938],[-2.5995,53.7815],[-2.5513,53.7564],[-2.4658,53.7808],[-2.3967,53.8166],[-2.3423,53.7948],[-2.3132,53.8125],[-2.3193,53.8613],[-2.2243,53.8908],[-2.2458,53.9333],[-2.1845,53.9522]]]},"properties":{"LAD24CD":"E07000124","LAD24NM":"Ribble Valley"}},
{"type":"Feature","geometry":{"type":"Polygon","coordinates":[[[-2.1733,53.723],[-2.3141,53.747],[-2.411,53.7052],[-2.3712,53.6671],[-2.2718,53.6145],[-2.2177,53.669],[-2.1614,53.6414],[-2.1463,53.6822],[-2.1733,53.723]]]},"properties":{"LAD24CD":"E07000125","LAD24NM":"Rossendale"}},
{"type":"Feature","geometry":{"type":"Polygon","coordinates":[[[-2.5513,53.7564],[-2.5995,53.7815],[-2.7113,53.7481],[-2.7939,53.7513],[-2.8038,53.7491],[-2.8291,53.7156],[-2.8199,53.6871],[-2.6588,53.6807],[-2.6716,53.7107],[-2.5616,53.7469],[-2.5513,53.7564]]]},"properties":{"LAD24CD":"E07000126","LAD24NM":"South Ribble"}},
{"type":"Feature","geometry":{"type":"Polygon","coordinates":[[[-2.8291,53.7156],[-2.9383,53.7249],[-2.9468,53.688],[-2.9401,53.6586],[-3.036,53.5872],[-3.0467,53.543],[-2.9773,53.5462],[-2.888,53.5038],[-2.825,53.4852],[-2.7825,53.5314],[-2.7304,53.5206],[-2.6895,53.6043],[-2.7959,53.616],[-2.8199,53.6871],[-2.8291,53.7156]]]},"properties":{"LAD24CD":"E07000127","LAD24NM":"West Lancashire"}},
{"type":"Feature","geometry":{"type":"Polygon","coordinates":[[[-2.6482,53.9489],[-2.7964,53.9755],[-2.8037,53.9358],[-2.881,53.9433],[-3.0498,53.92],[-3.0478,53.8746],[-3.0107,53.8262],[-2.9043,53.8648],[-2.826,53.82],[-2.7098,53.8536],[-2.6452,53.8938],[-2.6482,53.9489]]]},"properties":{"LAD24CD":"E07000128","LAD24NM":"Wyre"}},
{"type":"Feature","geometry":{"type":"Polygon","coordinates":[[[-1.1853,52.6606],[-1.1997,52.6644],[-1.3349,52.5602],[-1.3251,52.5011],[-1.3059,52.4934],[-1.2318,52.5554],[-1.2021,52.5274],[-1.0829,52.5566],[-1.1436,52.588],[-1.216,52.6345],[-1.1853,52.6606]]]},"properties":{"LAD24CD":"E07000129","LAD24NM":"Blaby"}},
{"type":"Feature","geometry":{"type":"Polygon","coordinates":[[[-1.0364,52.8159],[-1.0744,52.8247],[-1.1977,52.7894],[-1.2619,52.8104],[-1.3324,52.753],[-1.2827,52.7146],[-1.1997,52.6644],[-1.1853,52.6606],[-1.0486,52.655],[-0.9489,52.6804],[-1.008,52.6964],[-1.0459,52.766],[-1.0364,52.8159]]]},"properties":{"LAD24CD":"E07000130","LAD24NM":"Charnwood"}},
{"type":"Feature","geometry":{"type":"Polygon","coordinates":[[[-0.8088,52.6461],[-0.8555,52.6849],[-0.9489,52.6804],[-1.0486,52.655],[-1.0705,52.6181],[-1.0829,52.5566],[-1.2021,52.5274],[-1.2318,52.5554],[-1.3059,52.4934],[-1.2016,52.3967],[-1.1494,52.397],[-1.0007,52.4709],[-0.9013,52.4598],[-0.8687,52.527],[-0.7572,52.5109],[-0.7137,52.525],[-0.7653,52.5825],[-0.821,52.5965],[-0.8088,52.6461]]]},"properties":{"LAD24CD":"E07000131","LAD24NM":"Harborough"}},
{"type":"Feature","geometry":{"type":"Polygon","coordinates":[[[-1.1997,52.6644],[-1.2827,52.7146],[-1.3606,52.6765],[-1.5518,52.6675],[-1.5607,52.5961],[-1.46,52.5516],[-1.4173,52.5345],[-1.3251,52.5011],[-1.3349,52.5602],[-1.1997,52.6644]]]},"properties":{"LAD24CD":"E07000132","LAD24NM":"Hinckley and Bosworth"}},
{"type":"Feature","geometry":{"type":"Polygon","coordinates":[[[-0.6641,52.7567],[-0.6822,52.812],[-0.7769,52.9048],[-0.7783,52.9769],[-0.82,52.9605],[-0.8576,52.9056],[-0.9827,52.8207],[-1.0364,52.8159],[-1.0459,52.766],[-1.008,52.6964],[-0.9489,52.6804],[-0.8555,52.6849],[-0.8088,52.6461],[-0.8218,52.7157],[-0.6641,52.7567]]]},"properties":{"LAD24CD":"E07000133","LAD24NM":"Melton"}},
{"type":"Feature","geometry":{"type":"Polygon","coordinates":[[[-1.2619,52.8104],[-1.2679,52.8734],[-1.3193,52.8729],[-1.494,52.759],[-1.5528,52.7633],[-1.5975,52.7004],[-1.5896,52.6873],[-1.5518,52.6675],[-1.3606,52.6765],[-1.2827,52.7146],[-1.3324,52.753],[-1.2619,52.8104]]]},"properties":{"LAD24CD":"E07000134","LAD24NM":"North West Leicestershire"}},
{"type":"Feature","geometry":{"type":"Polygon","coordinates":[[[-1.0829,52.5566],[-1.0705,52.6181],[-1.1436,52.588],[-1.0829,52.5566]]]},"properties":{"LAD24CD":"E07000135","LAD24NM":"Oadby and Wigston"}},
{"type":"Feature","geometry":{"type":"Polygon","coordinates":[[[0.1994,53.0325],[0.1371,53.0867],[0.0362,53.0695],[0.0452,53.0301],[-0.0071,53.0011],[-0.1159,53.0106],[-0.1961,53.0696],[-0.225,53.03],[-0.1898,52.9965],[-0.2467,52.9288],[-0.1566,52.9122],[-0.0848,52.8645],[0.027,52.8985],[0.1994,53.0325]]]},"properties":{"LAD24CD":"E07000136","LAD24NM":"Boston"}},
{"type":"Feature","geometry":{"type":"Polygon","coordinates":[[[0.1994,53.0325],[0.3349,53.0944],[0.3556,53.1921],[0.2314,53.4024],[0.1467,53.4929],[0.0155,53.5279],[-0.065,53.5187],[-0.1318,53.4359],[-0.2145,53.4286],[-0.2049,53.3719],[-0.3164,53.2795],[-0.276,53.2342],[-0.2897,53.1794],[-0.1961,53.0696],[-0.1159,53.0106],[-0.0071,53.0011],[0.0452,53.0301],[0.0362,53.0695],[0.1371,53.0867],[0.1994,53.0325]]]},"properties":{"LAD24CD":"E07000137","LAD24NM":"East Lindsey"}},
{"type":"Feature","geometry":{"type":"Polygon","coordinates":[[[-0.4951,53.2253],[-0.5143,53.254],[-0.5951,53.2452],[-0.6197,53.2081],[-0.5528,53.1863],[-0.4951,53.2253]]]},"properties":{"LAD24CD":"E07000138","LAD24NM":"Lincoln"}},
{"type":"Feature","geometry":{"type":"Polygon","coordinates":[[[-0.5951,53.2452],[-0.6666,53.2397],[-0.764,53.1826],[-0.7182,53.1773],[-0.7162,53.0591],[-0.5228,53.0496],[-0.5262,52.9694],[-0.4373,52.887],[-0.3579,52.9157],[-0.2565,52.9059],[-0.2467,52.9288],[-0.1898,52.9965],[-0.225,53.03],[-0.1961,53.0696],[-0.2897,53.1794],[-0.3524,53.2279],[-0.4951,53.2253],[-0.5528,53.1863],[-0.6197,53.2081],[-0.5951,53.2452]]]},"properties":{"LAD24CD":"E07000139","LAD24NM":"North Kesteven"}},
{"type":"Feature","geometry":{"type":"Polygon","coordinates":[[[0.027,52.8985],[-0.0848,52.8645],[-0.1566,52.9122],[-0.2467,52.9288],[-0.2565,52.9059],[-0.2763,52.8612],[-0.2607,52.771],[-0.3067,52.7434],[-0.2125,52.6667],[-0.1411,52.6515],[-0.0313,52.6615],[0.0486,52.6814],[0.0441,52.7144],[0.1716,52.738],[0.2722,52.7728],[0.2657,52.8139],[0.2168,52.8209],[0.1763,52.8741],[0.027,52.8985]]]},"properties":{"LAD24CD":"E07000140","LAD24NM":"South Holland"}},
{"type":"Feature","geometry":{"type":"Polygon","coordinates":[[[-0.2565,52.9059],[-0.3579,52.9157],[-0.4373,52.887],[-0.5262,52.9694],[-0.5228,53.0496],[-0.7162,53.0591],[-0.8041,53.0125],[-0.7783,52.9769],[-0.7769,52.9048],[-0.6822,52.812],[-0.6641,52.7567],[-0.4304,52.7054],[-0.495,52.6402],[-0.4947,52.6403],[-0.335,52.6749],[-0.2608,52.6514],[-0.2125,52.6667],[-0.3067,52.7434],[-0.2607,52.771],[-0.2763,52.8612],[-0.2565,52.9059]]]},"properties":{"LAD24CD":"E07000141","LAD24NM":"South Kesteven"}},
{"type":"Feature","geometry":{"type":"Polygon","coordinates":[[[-0.2921,53.6133],[-0.3359,53.5586],[-0.429,53.5745],[-0.4051,53.5176],[-0.4884,53.5049],[-0.4717,53.4749],[-0.6298,53.4582],[-0.6245,53.5128],[-0.7396,53.5199],[-0.7975,53.4551],[-0.751,53.2936],[-0.7771,53.2469],[-0.6666,53.2397],[-0.5951,53.2452],[-0.5143,53.254],[-0.4951,53.2253],[-0.3524,53.2279],[-0.2897,53.1794],[-0.276,53.2342],[-0.3164,53.2795],[-0.2049,53.3719],[-0.2145,53.4286],[-0.1318,53.4359],[-0.2106,53.4863],[-0.1893,53.5659],[-0.2921,53.6133]]]},"properties":{"LAD24CD":"E07000142","LAD24NM":"West Lindsey"}},
{"type":"Feature","geometry":{"type":"Polygon","coordinates":[[[0.9936,52.7984],[0.8908,52.7907],[0.8394,52.8111],[0.7958,52.7691],[0.7079,52.7885],[0.6681,52.7406],[0.7182,52.7218],[0.551,52.6805],[0.5785,52.6535],[0.5305,52.5761],[0.6134,52.5316],[0.5825,52.4519],[0.7187,52.4497],[0.6686,52.4089],[0.8409,52.4009],[0.9675,52.3701],[1.03,52.3787],[1.0214,52.406],[1.0947,52.4604],[1.0614,52.5372],[0.9735,52.5548],[0.9638,52.5946],[1.0395,52.5882],[1.0235,52.6398],[1.0976,52.6498],[1.1052,52.7147],[0.9936,52.7984]]]},"properties":{"LAD24CD":"E07000143","LAD24NM":"Breckland"}},
{"type":"Feature","geometry":{"type":"Polygon","coordinates":[[[1.5494,52.6815],[1.4344,52.6896],[1.3082,52.8068],[1.2144,52.8297],[0.9936,52.7984],[1.1052,52.7147],[1.0976,52.6498],[1.2183,52.6728],[1.2485,52.6477],[1.3406,52.6497],[1.3282,52.6232],[1.4347,52.6201],[1.5406,52.5556],[1.6463,52.5886],[1.6772,52.614],[1.5681,52.6379],[1.5494,52.6815]]]},"properties":{"LAD24CD":"E07000144","LAD24NM":"Broadland"}},
{"type":"Feature","geometry":{"type":"Polygon","coordinates":[[[1.7402,52.5321],[1.7372,52.6452],[1.6748,52.7426],[1.5494,52.6815],[1.5681,52.6379],[1.6772,52.614],[1.6463,52.5886],[1.6286,52.526],[1.6677,52.5503],[1.7402,52.5321]]]},"properties":{"LAD24CD":"E07000145","LAD24NM":"Great Yarmouth"}},
{"type":"Feature","geometry":{"type":"Polygon","coordinates":[[[0.782,52.9783],[0.6938,52.979],[0.4902,52.948],[0.433,52.8531],[0.3576,52.8122],[0.2657,52.8139],[0.2722,52.7728],[0.1716,52.738],[0.1536,52.6822],[0.2191,52.622],[0.1916,52.599],[0.2363,52.5073],[0.3671,52.5012],[0.4293,52.4365],[0.5825,52.4519],[0.6134,52.5316],[0.5305,52.5761],[0.5785,52.6535],[0.551,52.6805],[0.7182,52.7218],[0.6681,52.7406],[0.7079,52.7885],[0.7563,52.8164],[0.7278,52.8553],[0.791,52.8599],[0.782,52.9783]]]},"properties":{"LAD24CD":"E07000146","LAD24NM":"King's Lynn and West Norfolk"}},
{"type":"Feature","geometry":{"type":"Polygon","coordinates":[[[1.6748,52.7426],[1.4321,52.8818],[1.301,52.9328],[1.0305,52.9666],[0.8942,52.96],[0.782,52.9783],[0.791,52.8599],[0.7278,52.8553],[0.7563,52.8164],[0.7079,52.7885],[0.7958,52.7691],[0.8394,52.8111],[0.8908,52.7907],[0.9936,52.7984],[1.2144,52.8297],[1.3082,52.8068],[1.4344,52.6896],[1.5494,52.6815],[1.6748,52.7426]]]},"properties":{"LAD24CD":"E07000147","LAD24NM":"North Norfolk"}},
{"type":"Feature","geometry":{"type":"Polygon","coordinates":[[[1.3282,52.6232],[1.3406,52.6497],[1.2485,52.6477],[1.2579,52.5981],[1.3282,52.6232]]]},"properties":{"LAD24CD":"E07000148","LAD24NM":"Norwich"}},
{"type":"Feature","geometry":{"type":"Polygon","coordinates":[[[1.2485,52.6477],[1.2183,52.6728],[1.0976,52.6498],[1.0235,52.6398],[1.0395,52.5882],[0.9638,52.5946],[0.9735,52.5548],[1.0614,52.5372],[1.0947,52.4604],[1.0214,52.406],[1.03,52.3787],[1.2139,52.3554],[1.3471,52.4044],[1.4807,52.4719],[1.5578,52.4577],[1.6587,52.4684],[1.6286,52.526],[1.6463,52.5886],[1.5406,52.5556],[1.4347,52.6201],[1.3282,52.6232],[1.2579,52.5981],[1.2485,52.6477]]]},"properties":{"LAD24CD":"E07000149","LAD24NM":"South Norfolk"}},
{"type":"Feature","geometry":{"type":"Polygon","coordinates":[[[-1.2599,53.1645],[-1.3235,53.1623],[-1.3316,53.081],[-1.3359,53.053],[-1.2252,53.0081],[-1.1827,53.0186],[-1.2259,53.0815],[-1.1643,53.1033],[-1.1779,53.1148],[-1.2599,53.1645]]]},"properties":{"LAD24CD":"E07000170","LAD24NM":"Ashfield"}},
{"type":"Feature","geometry":{"type":"Polygon","coordinates":[[[-0.7975,53.4551],[-0.9356,53.5025],[-0.9957,53.4369],[-1.116,53.4073],[-1.1997,53.3114],[-1.1747,53.2652],[-1.2094,53.2177],[-1.1033,53.2356],[-1.0276,53.261],[-0.9489,53.2141],[-0.8942,53.2237],[-0.7804,53.1964],[-0.7771,53.2469],[-0.751,53.2936],[-0.7975,53.4551]]]},"properties":{"LAD24CD":"E07000171","LAD24NM":"Bassetlaw"}},
{"type":"Feature","geometry":{"type":"Polygon","coordinates":[[[-1.2252,53.0081],[-1.3359,53.053],[-1.3074,53.0036],[-1.2818,52.9103],[-1.2397,52.8923],[-1.2139,52.9044],[-1.2469,52.9532],[-1.2252,53.0081]]]},"properties":{"LAD24CD":"E07000172","LAD24NM":"Broxtowe"}},
{"type":"Feature","geometry":{"type":"Polygon","coordinates":[[[-1.0071,52.9855],[-1.0886,53.0776],[-1.1643,53.1033],[-1.2259,53.0815],[-1.1827,53.0186],[-1.0861,52.9486],[-1.0071,52.9855]]]},"properties":{"LAD24CD":"E07000173","LAD24NM":"Gedling"}},
{"type":"Feature","geometry":{"type":"Polygon","coordinates":[[[-1.1779,53.1148],[-1.1202,53.1191],[-1.153,53.1751],[-1.1033,53.2356],[-1.2094,53.2177],[-1.197,53.1848],[-1.2599,53.1645],[-1.1779,53.1148]]]},"properties":{"LAD24CD":"E07000174","LAD24NM":"Mansfield"}},
{"type":"Feature","geometry":{"type":"Polygon","coordinates":[[[-0.6666,53.2397],[-0.7771,53.2469],[-0.7804,53.1964],[-0.8942,53.2237],[-0.9489,53.2141],[-1.0276,53.261],[-1.1033,53.2356],[-1.153,53.1751],[-1.1202,53.1191],[-1.1779,53.1148],[-1.1643,53.1033],[-1.0886,53.0776],[-1.0071,52.9855],[-0.9101,53.0359],[-0.8229,53.001],[-0.82,52.9605],[-0.7783,52.9769],[-0.8041,53.0125],[-0.7162,53.0591],[-0.7182,53.1773],[-0.764,53.1826],[-0.6666,53.2397]]]},"properties":{"LAD24CD":"E07000175","LAD24NM":"Newark and Sherwood"}},
{"type":"Feature","geometry":{"type":"Polygon","coordinates":[[[-0.82,52.9605],[-0.8229,53.001],[-0.9101,53.0359],[-1.0071,52.9855],[-1.0861,52.9486],[-1.2139,52.9044],[-1.2397,52.8923],[-1.2679,52.8734],[-1.2619,52.8104],[-1.1977,52.7894],[-1.0744,52.8247],[-1.0364,52.8159],[-0.9827,52.8207],[-0.8576,52.9056],[-0.82,52.9605]]]},"properties":{"LAD24CD":"E07000176","LAD24NM":"Rushcliffe"}},
{"type":"Feature","geometry":{"type":"Polygon","coordinates":[[[-1.1181,52.0154],[-1.1963,51.9774],[-1.2835,51.9796],[-1.3212,52.087],[-1.2481,52.0972],[-1.3319,52.1685],[-1.3487,52.1351],[-1.4878,52.094],[-1.5228,51.9968],[-1.4937,51.9749],[-1.3773,51.9796],[-1.2989,51.9132],[-1.334,51.8625],[-1.3223,51.7878],[-1.3028,51.781],[-1.2527,51.7865],[-1.242,51.81],[-1.1235,51.7942],[-1.1216,51.8453],[-1.0784,51.8293],[-1.0935,51.8939],[-1.0546,51.948],[-1.0952,51.9574],[-1.0531,52.0024],[-1.1181,52.0154]]]},"properties":{"LAD24CD":"E07000177","LAD24NM":"Cherwell"}},
{"type":"Feature","geometry":{"type":"Polygon","coordinates":[[[-1.2527,51.7865],[-1.3028,51.781],[-1.2413,51.7252],[-1.1896,51.7146],[-1.1802,51.7659],[-1.2527,51.7865]]]},"properties":{"LAD24CD":"E07000178","LAD24NM":"Oxford"}},
{"type":"Feature","geometry":{"type":"Polygon","coordinates":[[[-1.1235,51.7942],[-1.242,51.81],[-1.2527,51.7865],[-1.1802,51.7659],[-1.1896,51.7146],[-1.2413,51.7252],[-1.2221,51.6883],[-1.2895,51.6469],[-1.2191,51.6419],[-1.2902,51.5779],[-1.2039,51.5921],[-1.2268,51.5352],[-1.1404,51.5429],[-1.1022,51.4897],[-1.0366,51.4752],[-0.9575,51.4931],[-0.9492,51.4595],[-0.8703,51.5036],[-0.8969,51.5449],[-0.95,51.6289],[-0.8777,51.6684],[-0.8884,51.7192],[-0.9798,51.7607],[-1.0809,51.7566],[-1.1235,51.7942]]]},"properties":{"LAD24CD":"E07000179","LAD24NM":"South Oxfordshire"}},
{"type":"Feature","geometry":{"type":"Polygon","coordinates":[[[-1.3028,51.781],[-1.3223,51.7878],[-1.3638,51.7721],[-1.3919,51.7063],[-1.459,51.7133],[-1.6483,51.6841],[-1.6831,51.6901],[-1.6599,51.635],[-1.6906,51.6054],[-1.6028,51.5183],[-1.5847,51.5249],[-1.555,51.5534],[-1.4707,51.5286],[-1.3424,51.5437],[-1.3287,51.5637],[-1.2268,51.5352],[-1.2039,51.5921],[-1.2902,51.5779],[-1.2191,51.6419],[-1.2895,51.6469],[-1.2221,51.6883],[-1.2413,51.7252],[-1.3028,51.781]]]},"properties":{"LAD24CD":"E07000180","LAD24NM":"Vale of White Horse"}},
{"type":"Feature","geometry":{"type":"Polygon","coordinates":[[[-1.3223,51.7878],[-1.334,51.8625],[-1.2989,51.9132],[-1.3773,51.9796],[-1.4937,51.9749],[-1.5228,51.9968],[-1.6123,51.9554],[-1.6658,51.9875],[-1.6152,51.9377],[-1.6869,51.8655],[-1.6819,51.804],[-1.7195,51.7832],[-1.6483,51.6841],[-1.459,51.7133],[-1.3919,51.7063],[-1.3638,51.7721],[-1.3223,51.7878]]]},"properties":{"LAD24CD":"E07000181","LAD24NM":"West Oxfordshire"}},
{"type":"Feature","geometry":{"type":"Polygon","coordinates":[[[-1.9546,52.6627],[-1.9116,52.7593],[-1.944,52.7737],[-2.0268,52.7363],[-2.0519,52.6787],[-1.9866,52.6404],[-1.9546,52.6627]]]},"properties":{"LAD24CD":"E07000192","LAD24NM":"Cannock Chase"}},
{"type":"Feature","geometry":{"type":"Polygon","coordinates":[[[-1.746,52.8687],[-1.8282,52.8844],[-1.8566,52.9233],[-1.8268,52.9771],[-1.7624,52.9999],[-1.779,53.0449],[-1.7961,53.0132],[-1.8841,53.0201],[-1.8599,52.9778],[-1.9035,52.946],[-2.0416,52.9175],[-1.9367,52.8482],[-1.9513,52.8074],[-1.8095,52.7831],[-1.8175,52.7552],[-1.7042,52.7321],[-1.6665,52.7847],[-1.6111,52.7814],[-1.5854,52.8316],[-1.746,52.8687]]]},"properties":{"LAD24CD":"E07000193","LAD24NM":"East Staffordshire"}},
{"type":"Feature","geometry":{"type":"Polygon","coordinates":[[[-1.7042,52.7321],[-1.8175,52.7552],[-1.8095,52.7831],[-1.9513,52.8074],[-1.944,52.7737],[-1.9116,52.7593],[-1.9546,52.6627],[-1.8726,52.5849],[-1.788,52.5879],[-1.7003,52.5909],[-1.7224,52.6514],[-1.645,52.6575],[-1.5896,52.6873],[-1.5975,52.7004],[-1.7042,52.7321]]]},"properties":{"LAD24CD":"E07000194","LAD24NM":"Lichfield"}},
{"type":"Feature","geometry":{"type":"Polygon","coordinates":[[[-2.1811,53.0898],[-2.2113,53.1158],[-2.3815,53.0525],[-2.3808,52.9984],[-2.3862,52.9532],[-2.4708,52.9059],[-2.3789,52.8917],[-2.2125,52.9806],[-2.2388,53.0733],[-2.1811,53.0898]]]},"properties":{"LAD24CD":"E07000195","LAD24NM":"Newcastle-under-Lyme"}},
{"type":"Feature","geometry":{"type":"Polygon","coordinates":[[[-2.0268,52.7363],[-2.0952,52.7864],[-2.2454,52.7152],[-2.3122,52.7408],[-2.3156,52.7329],[-2.303,52.683],[-2.2477,52.683],[-2.2562,52.6098],[-2.3238,52.613],[-2.2619,52.5691],[-2.2609,52.5241],[-2.3127,52.4892],[-2.2874,52.4553],[-2.1677,52.4238],[-2.1649,52.4302],[-2.1919,52.5035],[-2.1335,52.5541],[-2.1964,52.6066],[-2.1316,52.6376],[-2.0507,52.6205],[-1.9866,52.6404],[-2.0519,52.6787],[-2.0268,52.7363]]]},"properties":{"LAD24CD":"E07000196","LAD24NM":"South Staffordshire"}},
{"type":"Feature","geometry":{"type":"Polygon","coordinates":[[[-2.0881,52.9738],[-2.1816,52.9462],[-2.2125,52.9806],[-2.3789,52.8917],[-2.4163,52.827],[-2.3122,52.7408],[-2.2454,52.7152],[-2.0952,52.7864],[-2.0268,52.7363],[-1.944,52.7737],[-1.9513,52.8074],[-1.9367,52.8482],[-2.0416,52.9175],[-2.0881,52.9738]]]},"properties":{"LAD24CD":"E07000197","LAD24NM":"Stafford"}},
{"type":"Feature","geometry":{"type":"Polygon","coordinates":[[[-1.8987,53.2],[-1.9874,53.2136],[-2.0702,53.1717],[-2.1404,53.1838],[-2.2113,53.1158],[-2.1811,53.0898],[-2.1254,53.0646],[-2.0881,52.9738],[-2.0416,52.9175],[-1.9035,52.946],[-1.8599,52.9778],[-1.8841,53.0201],[-1.7961,53.0132],[-1.779,53.0449],[-1.8126,53.1544],[-1.8987,53.2]]]},"properties":{"LAD24CD":"E07000198","LAD24NM":"Staffordshire Moorlands"}},
{"type":"Feature","geometry":{"type":"Polygon","coordinates":[[[-1.7003,52.5909],[-1.6438,52.6034],[-1.645,52.6575],[-1.7224,52.6514],[-1.7003,52.5909]]]},"properties":{"LAD24CD":"E07000199","LAD24NM":"Tamworth"}},
{"type":"Feature","geometry":{"type":"Polygon","coordinates":[[[0.8142,52.1707],[0.6981,52.1813],[0.6269,52.129],[0.6569,52.0854],[0.7815,51.9665],[0.9626,51.9772],[1.0247,51.9549],[1.0687,51.9504],[1.2756,51.9575],[1.2673,51.9878],[1.2118,51.9965],[1.1498,52.0336],[1.1092,52.071],[1.0359,52.0684],[0.9515,52.1106],[0.938,52.1575],[0.8142,52.1707]]]},"properties":{"LAD24CD":"E07000200","LAD24NM":"Babergh"}},
{"type":"Feature","geometry":{"type":"Polygon","coordinates":[[[1.1578,52.0888],[1.1092,52.071],[1.1498,52.0336],[1.1825,52.0205],[1.2065,52.064],[1.1578,52.0888]]]},"properties":{"LAD24CD":"E07000202","LAD24NM":"Ipswich"}},
{"type":"Feature","geometry":{"type":"Polygon","coordinates":[[[1.1578,52.0888],[1.2567,52.1984],[1.2474,52.2287],[1.4016,52.2857],[1.3574,52.3373],[1.4095,52.3633],[1.3471,52.4044],[1.2139,52.3554],[1.03,52.3787],[0.9675,52.3701],[0.9311,52.3129],[0.8431,52.2849],[0.8142,52.1707],[0.938,52.1575],[0.9515,52.1106],[1.0359,52.0684],[1.1092,52.071],[1.1578,52.0888]]]},"properties":{"LAD24CD":"E07000203","LAD24NM":"Mid Suffolk"}},
{"type":"Feature","geometry":{"type":"Polygon","coordinates":[[[-0.3177,51.3937],[-0.3834,51.4085],[-0.458,51.3806],[-0.4812,51.3494],[-0.4623,51.33],[-0.3947,51.298],[-0.3307,51.329],[-0.3177,51.3937]]]},"properties":{"LAD24CD":"E07000207","LAD24NM":"Elmbridge"}},
{"type":"Feature","geometry":{"type":"Polygon","coordinates":[[[-0.2208,51.3298],[-0.245,51.3801],[-0.3062,51.3351],[-0.2722,51.2923],[-0.2208,51.3298]]]},"properties":{"LAD24CD":"E07000208","LAD24NM":"Epsom and Ewell"}},
{"type":"Feature","geometry":{"type":"Polygon","coordinates":[[[-0.3947,51.298],[-0.4623,51.33],[-0.5492,51.2847],[-0.6468,51.3119],[-0.7311,51.2803],[-0.7455,51.2305],[-0.7318,51.1969],[-0.5324,51.2134],[-0.5053,51.1836],[-0.4186,51.1733],[-0.4346,51.2399],[-0.397,51.2379],[-0.3947,51.298]]]},"properties":{"LAD24CD":"E07000209","LAD24NM":"Guildford"}},
{"type":"Feature","geometry":{"type":"Polygon","coordinates":[[[-0.2722,51.2923],[-0.3062,51.3351],[-0.3307,51.329],[-0.3947,51.298],[-0.397,51.2379],[-0.4346,51.2399],[-0.4186,51.1733],[-0.4192,51.1052],[-0.2546,51.1391],[-0.1767,51.1668],[-0.2508,51.2271],[-0.226,51.2538],[-0.2722,51.2923]]]},"properties":{"LAD24CD":"E07000210","LAD24NM":"Mole Valley"}},
{"type":"Feature","geometry":{"type":"Polygon","coordinates":[[[-0.1565,51.3215],[-0.2208,51.3298],[-0.2722,51.2923],[-0.226,51.2538],[-0.2508,51.2271],[-0.1767,51.1668],[-0.1405,51.16],[-0.1551,51.2307],[-0.1243,51.2868],[-0.1565,51.3215]]]},"properties":{"LAD24CD":"E07000211","LAD24NM":"Reigate and Banstead"}},
{"type":"Feature","geometry":{"type":"Polygon","coordinates":[[[-0.5228,51.4353],[-0.594,51.4417],[-0.6185,51.3924],[-0.5485,51.348],[-0.4812,51.3494],[-0.458,51.3806],[-0.5228,51.4353]]]},"properties":{"LAD24CD":"E07000212","LAD24NM":"Runnymede"}},
{"type":"Feature","geometry":{"type":"Polygon","coordinates":[[[-0.5098,51.4692],[-0.5244,51.4715],[-0.5228,51.4353],[-0.458,51.3806],[-0.3834,51.4085],[-0.3913,51.4223],[-0.4587,51.4563],[-0.5098,51.4692]]]},"properties":{"LAD24CD":"E07000213","LAD24NM":"Spelthorne"}},
{"type":"Feature","geometry":{"type":"Polygon","coordinates":[[[-0.5485,51.348],[-0.6185,51.3924],[-0.6676,51.3846],[-0.7755,51.332],[-0.7629,51.3187],[-0.7311,51.2803],[-0.6468,51.3119],[-0.5485,51.348]]]},"properties":{"LAD24CD":"E07000214","LAD24NM":"Surrey Heath"}},
{"type":"Feature","geometry":{"type":"Polygon","coordinates":[[[0.0023,51.3291],[-0.0379,51.3387],[-0.1243,51.2868],[-0.1551,51.2307],[-0.1405,51.16],[-0.1376,51.1422],[0.0274,51.1398],[0.05,51.1427],[0.0424,51.2927],[0.0023,51.3291]]]},"properties":{"LAD24CD":"E07000215","LAD24NM":"Tandridge"}},
{"type":"Feature","geometry":{"type":"Polygon","coordinates":[[[-0.8489,51.2107],[-0.7535,51.0865],[-0.6968,51.0715],[-0.4921,51.0944],[-0.4192,51.1052],[-0.4186,51.1733],[-0.5053,51.1836],[-0.5324,51.2134],[-0.7318,51.1969],[-0.7455,51.2305],[-0.8047,51.2451],[-0.8489,51.2107]]]},"properties":{"LAD24CD":"E07000216","LAD24NM":"Waverley"}},
{"type":"Feature","geometry":{"type":"Polygon","coordinates":[[[-0.4623,51.33],[-0.4812,51.3494],[-0.5485,51.348],[-0.6468,51.3119],[-0.5492,51.2847],[-0.4623,51.33]]]},"properties":{"LAD24CD":"E07000217","LAD24NM":"Woking"}},
{"type":"Feature","geometry":{"type":"Polygon","coordinates":[[[-1.5518,52.6675],[-1.5896,52.6873],[-1.645,52.6575],[-1.6438,52.6034],[-1.7003,52.5909],[-1.788,52.5879],[-1.7535,52.513],[-1.6772,52.4364],[-1.5955,52.4559],[-1.5399,52.4648],[-1.556,52.5318],[-1.46,52.5516],[-1.5607,52.5961],[-1.5518,52.6675]]]},"properties":{"LAD24CD":"E07000218","LAD24NM":"North Warwickshire"}},
{"type":"Feature","geometry":{"type":"Polygon","coordinates":[[[-1.4173,52.5345],[-1.46,52.5516],[-1.556,52.5318],[-1.5399,52.4648],[-1.4591,52.4552],[-1.4104,52.4666],[-1.4173,52.5345]]]},"properties":{"LAD24CD":"E07000219","LAD24NM":"Nuneaton and Bedworth"}},
{"type":"Feature","geometry":{"type":"Polygon","coordinates":[[[-1.3251,52.5011],[-1.4173,52.5345],[-1.4104,52.4666],[-1.4591,52.4552],[-1.4239,52.433],[-1.464,52.3733],[-1.4194,52.3038],[-1.309,52.2575],[-1.233,52.2533],[-1.2092,52.3152],[-1.2654,52.3284],[-1.175,52.3563],[-1.2016,52.3967],[-1.3059,52.4934],[-1.3251,52.5011]]]},"properties":{"LAD24CD":"E07000220","LAD24NM":"Rugby"}},
{"type":"Feature","geometry":{"type":"Polygon","coordinates":[[[-1.7758,52.348],[-1.872,52.3676],[-1.881,52.3109],[-1.9346,52.252],[-1.9443,52.1553],[-1.8397,52.1527],[-1.7677,52.1126],[-1.6638,52.0313],[-1.6658,51.9875],[-1.6123,51.9554],[-1.5228,51.9968],[-1.4878,52.094],[-1.3487,52.1351],[-1.3319,52.1685],[-1.255,52.1978],[-1.2847,52.2384],[-1.233,52.2533],[-1.309,52.2575],[-1.4194,52.3038],[-1.4352,52.2728],[-1.5744,52.2162],[-1.6855,52.2828],[-1.7617,52.308],[-1.7758,52.348]]]},"properties":{"LAD24CD":"E07000221","LAD24NM":"Stratford-on-Avon"}},
{"type":"Feature","geometry":{"type":"Polygon","coordinates":[[[-1.464,52.3733],[-1.5524,52.3639],[-1.6011,52.3893],[-1.6484,52.3567],[-1.7758,52.348],[-1.7617,52.308],[-1.6855,52.2828],[-1.5744,52.2162],[-1.4352,52.2728],[-1.4194,52.3038],[-1.464,52.3733]]]},"properties":{"LAD24CD":"E07000222","LAD24NM":"Warwick"}},
{"type":"Feature","geometry":{"type":"Polygon","coordinates":[[[-0.245,50.8638],[-0.3646,50.8745],[-0.3675,50.8605],[-0.3331,50.8174],[-0.2168,50.8276],[-0.245,50.8638]]]},"properties":{"LAD24CD":"E07000223","LAD24NM":"Adur"}},
{"type":"Feature","geometry":{"type":"Polygon","coordinates":[[[-0.5531,50.9015],[-0.6492,50.9],[-0.6899,50.8128],[-0.7638,50.7725],[-0.5683,50.798],[-0.4357,50.8032],[-0.446,50.8399],[-0.3675,50.8605],[-0.3646,50.8745],[-0.3639,50.8885],[-0.5531,50.9015]]]},"properties":{"LAD24CD":"E07000224","LAD24NM":"Arun"}},
{"type":"Feature","geometry":{"type":"Polygon","coordinates":[[[-0.4921,51.0944],[-0.6968,51.0715],[-0.7535,51.0865],[-0.8428,51.0669],[-0.897,51.022],[-0.9576,50.8906],[-0.9387,50.8737],[-0.9345,50.8459],[-0.8775,50.8078],[-0.9068,50.7743],[-0.7892,50.7225],[-0.7638,50.7725],[-0.6899,50.8128],[-0.6492,50.9],[-0.5531,50.9015],[-0.5107,51.0078],[-0.4732,51.0339],[-0.4921,51.0944]]]},"properties":{"LAD24CD":"E07000225","LAD24NM":"Chichester"}},
{"type":"Feature","geometry":{"type":"Polygon","coordinates":[[[-0.1405,51.16],[-0.1767,51.1668],[-0.2546,51.1391],[-0.2003,51.1391],[-0.2121,51.0866],[-0.1452,51.1026],[-0.1376,51.1422],[-0.1405,51.16]]]},"properties":{"LAD24CD":"E07000226","LAD24NM":"Crawley"}},
{"type":"Feature","geometry":{"type":"Polygon","coordinates":[[[-0.2121,51.0866],[-0.2003,51.1391],[-0.2546,51.1391],[-0.4192,51.1052],[-0.4921,51.0944],[-0.4732,51.0339],[-0.5107,51.0078],[-0.5531,50.9015],[-0.3639,50.8885],[-0.3646,50.8745],[-0.245,50.8638],[-0.2392,50.8679],[-0.2409,50.9527],[-0.2121,51.0866]]]},"properties":{"LAD24CD":"E07000227","LAD24NM":"Horsham"}},
{"type":"Feature","geometry":{"type":"Polygon","coordinates":[[[-0.0164,51.0025],[-0.0362,51.0934],[0.0445,51.1106],[0.0274,51.1398],[-0.1376,51.1422],[-0.1452,51.1026],[-0.2121,51.0866],[-0.2409,50.9527],[-0.2392,50.8679],[-0.135,50.8867],[-0.1151,50.9761],[-0.0164,51.0025]]]},"properties":{"LAD24CD":"E07000228","LAD24NM":"Mid Sussex"}},
{"type":"Feature","geometry":{"type":"Polygon","coordinates":[[[-0.3675,50.8605],[-0.446,50.8399],[-0.4357,50.8032],[-0.3331,50.8174],[-0.3675,50.8605]]]},"properties":{"LAD24CD":"E07000229","LAD24NM":"Worthing"}},
{"type":"Feature","geometry":{"type":"Polygon","coordinates":[[[-2.017,52.4327],[-2.1649,52.4302],[-2.1677,52.4238],[-2.1372,52.35],[-2.0918,52.2886],[-2.0025,52.2796],[-1.955,52.321],[-1.881,52.3109],[-1.872,52.3676],[-1.8688,52.4047],[-1.9985,52.3811],[-2.017,52.4327]]]},"properties":{"LAD24CD":"E07000234","LAD24NM":"Bromsgrove"}},
{"type":"Feature","geometry":{"type":"Polygon","coordinates":[[[-2.2664,52.3236],[-2.4341,52.3227],[-2.4147,52.3682],[-2.4818,52.3311],[-2.5391,52.3441],[-2.6181,52.3069],[-2.629,52.2404],[-2.428,52.2706],[-2.465,52.2344],[-2.4039,52.2215],[-2.415,52.1452],[-2.3514,52.1446],[-2.3514,52.0214],[-2.3265,51.9758],[-2.2706,51.9689],[-2.1646,51.9961],[-2.1714,52.0476],[-2.1488,52.1033],[-2.2034,52.1673],[-2.2618,52.1819],[-2.2433,52.2219],[-2.2664,52.3236]]]},"properties":{"LAD24CD":"E07000235","LAD24NM":"Malvern Hills"}},
{"type":"Feature","geometry":{"type":"Polygon","coordinates":[[[-1.881,52.3109],[-1.955,52.321],[-2.0025,52.2796],[-2.0167,52.2373],[-1.9346,52.252],[-1.881,52.3109]]]},"properties":{"LAD24CD":"E07000236","LAD24NM":"Redditch"}},
{"type":"Feature","geometry":{"type":"Polygon","coordinates":[[[-2.2034,52.1673],[-2.1569,52.2132],[-2.2433,52.2219],[-2.2618,52.1819],[-2.2034,52.1673]]]},"properties":{"LAD24CD":"E07000237","LAD24NM":"Worcester"}},
{"type":"Feature","geometry":{"type":"Polygon","coordinates":[[[-2.1372,52.35],[-2.1746,52.3166],[-2.2457,52.361],[-2.2664,52.3236],[-2.2433,52.2219],[-2.1569,52.2132],[-2.2034,52.1673],[-2.1488,52.1033],[-2.1714,52.0476],[-2.1497,52.0113],[-2.0384,52.0046],[-1.9134,52.0445],[-1.8391,52.0068],[-1.8744,52.07],[-1.7677,52.1126],[-1.8397,52.1527],[-1.9443,52.1553],[-1.9346,52.252],[-2.0167,52.2373],[-2.0025,52.2796],[-2.0918,52.2886],[-2.1372,52.35]]]},"properties":{"LAD24CD":"E07000238","LAD24NM":"Wychavon"}},
{"type":"Feature","geometry":{"type":"Polygon","coordinates":[[[-2.1677,52.4238],[-2.2874,52.4553],[-2.3635,52.4394],[-2.4147,52.3682],[-2.4341,52.3227],[-2.2664,52.3236],[-2.2457,52.361],[-2.1746,52.3166],[-2.1372,52.35],[-2.1677,52.4238]]]},"properties":{"LAD24CD":"E07000239","LAD24NM":"Wyre Forest"}},
{"type":"Feature","geometry":{"type":"Polygon","coordinates":[[[-0.2735,51.8354],[-0.3395,51.8496],[-0.4049,51.8406],[-0.4406,51.7869],[-0.4221,51.7408],[-0.3756,51.6929],[-0.3754,51.6925],[-0.2551,51.7295],[-0.2735,51.8354]]]},"properties":{"LAD24CD":"E07000240","LAD24NM":"St Albans"}},
{"type":"Feature","geometry":{"type":"Polygon","coordinates":[[[-0.1728,51.8566],[-0.2735,51.8354],[-0.2551,51.7295],[-0.1635,51.6881],[-0.1058,51.6919],[-0.0987,51.7359],[-0.1384,51.7373],[-0.1728,51.8566]]]},"properties":{"LAD24CD":"E07000241","LAD24NM":"Welwyn Hatfield"}},
{"type":"Feature","geometry":{"type":"Polygon","coordinates":[[[0.0691,51.984],[-0.0237,51.9972],[-0.1622,51.9203],[-0.1736,51.8753],[-0.1728,51.8566],[-0.1384,51.7373],[-0.0987,51.7359],[-0.0479,51.7688],[0.014,51.7644],[0.0577,51.7797],[0.1461,51.7962],[0.1663,51.8222],[0.1839,51.8935],[0.1248,51.8846],[0.0965,51.9843],[0.0691,51.984]]]},"properties":{"LAD24CD":"E07000242","LAD24NM":"East Hertfordshire"}},
{"type":"Feature","geometry":{"type":"Polygon","coordinates":[[[-0.1622,51.9203],[-0.2344,51.9053],[-0.1736,51.8753],[-0.1622,51.9203]]]},"properties":{"LAD24CD":"E07000243","LAD24NM":"Stevenage"}},
{"type":"Feature","geometry":{"type":"Polygon","coordinates":[[[1.7402,52.5321],[1.6677,52.5503],[1.6286,52.526],[1.6587,52.4684],[1.5578,52.4577],[1.4807,52.4719],[1.3471,52.4044],[1.4095,52.3633],[1.3574,52.3373],[1.4016,52.2857],[1.2474,52.2287],[1.2567,52.1984],[1.1578,52.0888],[1.2065,52.064],[1.1825,52.0205],[1.2803,51.9931],[1.3199,51.9331],[1.4625,52.0466],[1.5795,52.0874],[1.6231,52.1885],[1.6333,52.2768],[1.6749,52.3136],[1.7637,52.4816],[1.7402,52.5321]]]},"properties":{"LAD24CD":"E07000244","LAD24NM":"East Suffolk"}},
{"type":"Feature","geometry":{"type":"Polygon","coordinates":[[[0.9675,52.3701],[0.8409,52.4009],[0.6686,52.4089],[0.7187,52.4497],[0.5825,52.4519],[0.4293,52.4365],[0.3748,52.4097],[0.4242,52.3292],[0.5047,52.2847],[0.4242,52.2559],[0.3589,52.2975],[0.3427,52.2423],[0.427,52.2536],[0.5145,52.2268],[0.4913,52.1651],[0.4173,52.1593],[0.4046,52.0655],[0.5017,52.0539],[0.6569,52.0854],[0.6269,52.129],[0.6981,52.1813],[0.8142,52.1707],[0.8431,52.2849],[0.9311,52.3129],[0.9675,52.3701]]]},"properties":{"LAD24CD":"E07000245","LAD24NM":"West Suffolk"}},
{"type":"Feature","geometry":{"type":"Polygon","coordinates":[[[-2.3791,53.6309],[-2.5113,53.627],[-2.6259,53.5937],[-2.5337,53.523],[-2.4511,53.5286],[-2.3382,53.5336],[-2.3791,53.6309]]]},"properties":{"LAD24CD":"E08000001","LAD24NM":"Bolton"}},
{"type":"Feature","geometry":{"type":"Polygon","coordinates":[[[-2.2718,53.6145],[-2.3712,53.6671],[-2.3791,53.6309],[-2.3382,53.5336],[-2.257,53.5179],[-2.2372,53.5389],[-2.2718,53.6145]]]},"properties":{"LAD24CD":"E08000002","LAD24NM":"Bury"}},
{"type":"Feature","geometry":{"type":"Polygon","coordinates":[[[-2.2372,53.5389],[-2.257,53.5179],[-2.2653,53.4727],[-2.3199,53.4116],[-2.314,53.3574],[-2.2408,53.3596],[-2.2468,53.3961],[-2.1585,53.4549],[-2.163,53.4928],[-2.186,53.5291],[-2.2372,53.5389]]]},"properties":{"LAD24CD":"E08000003","LAD24NM":"Manchester"}},
{"type":"Feature","geometry":{"type":"Polygon","coordinates":[[[-2.0095,53.6168],[-2.0268,53.6242],[-2.0599,53.5925],[-2.1566,53.5823],[-2.186,53.5291],[-2.163,53.4928],[-2.0549,53.5314],[-1.9634,53.5098],[-1.9096,53.5384],[-2.0095,53.6168]]]},"properties":{"LAD24CD":"E08000004","LAD24NM":"Oldham"}},
{"type":"Feature","geometry":{"type":"Polygon","coordinates":[[[-2.0268,53.6242],[-2.0512,53.6837],[-2.1463,53.6822],[-2.1614,53.6414],[-2.2177,53.669],[-2.2718,53.6145],[-2.2372,53.5389],[-2.186,53.5291],[-2.1566,53.5823],[-2.0599,53.5925],[-2.0268,53.6242]]]},"properties":{"LAD24CD":"E08000005","LAD24NM":"Rochdale"}},
{"type":"Feature","geometry":{"type":"Polygon","coordinates":[[[-2.3382,53.5336],[-2.4511,53.5286],[-2.4345,53.465],[-2.4897,53.4603],[-2.4494,53.4159],[-2.3963,53.4584],[-2.2653,53.4727],[-2.257,53.5179],[-2.3382,53.5336]]]},"properties":{"LAD24CD":"E08000006","LAD24NM":"Salford"}},
{"type":"Feature","geometry":{"type":"Polygon","coordinates":[[[-2.0263,53.4299],[-2.1585,53.4549],[-2.2468,53.3961],[-2.2408,53.3596],[-2.1607,53.3272],[-2.139,53.3673],[-2.0311,53.3703],[-2.0263,53.4299]]]},"properties":{"LAD24CD":"E08000007","LAD24NM":"Stockport"}},
{"type":"Feature","geometry":{"type":"Polygon","coordinates":[[[-1.9634,53.5098],[-2.0549,53.5314],[-2.163,53.4928],[-2.1585,53.4549],[-2.0263,53.4299],[-1.9634,53.5098]]]},"properties":{"LAD24CD":"E08000008","LAD24NM":"Tameside"}},
{"type":"Feature","geometry":{"type":"Polygon","coordinates":[[[-2.2653,53.4727],[-2.3963,53.4584],[-2.4494,53.4159],[-2.4266,53.3875],[-2.314,53.3574],[-2.3199,53.4116],[-2.2653,53.4727]]]},"properties":{"LAD24CD":"E08000009","LAD24NM":"Trafford"}},
{"type":"Feature","geometry":{"type":"Polygon","coordinates":[[[-2.6259,53.5937],[-2.6895,53.6043],[-2.7304,53.5206],[-2.5767,53.4461],[-2.4897,53.4603],[-2.4345,53.465],[-2.4511,53.5286],[-2.5337,53.523],[-2.6259,53.5937]]]},"properties":{"LAD24CD":"E08000010","LAD24NM":"Wigan"}},
{"type":"Feature","geometry":{"type":"Polygon","coordinates":[[[-2.825,53.4852],[-2.888,53.5038],[-2.9226,53.475],[-2.8679,53.4493],[-2.8924,53.4108],[-2.8188,53.348],[-2.7452,53.4021],[-2.825,53.4852]]]},"properties":{"LAD24CD":"E08000011","LAD24NM":"Knowsley"}},
{"type":"Feature","geometry":{"type":"Polygon","coordinates":[[[-2.8188,53.348],[-2.8924,53.4108],[-2.8679,53.4493],[-2.9226,53.475],[-3.0086,53.4379],[-2.9747,53.3788],[-2.8279,53.3315],[-2.8188,53.348]]]},"properties":{"LAD24CD":"E08000012","LAD24NM":"Liverpool"}},
{"type":"Feature","geometry":{"type":"Polygon","coordinates":[[[-2.7304,53.5206],[-2.7825,53.5314],[-2.825,53.4852],[-2.7452,53.4021],[-2.6906,53.3854],[-2.6636,53.4287],[-2.5767,53.4461],[-2.7304,53.5206]]]},"properties":{"LAD24CD":"E08000013","LAD24NM":"St. Helens"}},
{"type":"Feature","geometry":{"type":"Polygon","coordinates":[[[-2.9468,53.688],[-3.0587,53.6212],[-3.1042,53.5545],[-3.0086,53.4379],[-2.9226,53.475],[-2.888,53.5038],[-2.9773,53.5462],[-3.0467,53.543],[-3.036,53.5872],[-2.9401,53.6586],[-2.9468,53.688]]]},"properties":{"LAD24CD":"E08000014","LAD24NM":"Sefton"}},
{"type":"Feature","geometry":{"type":"Polygon","coordinates":[[[-2.9288,53.3084],[-3.0025,53.3747],[-3.0412,53.4429],[-3.2041,53.3832],[-3.109,53.297],[-2.9288,53.3084]]]},"properties":{"LAD24CD":"E08000015","LAD24NM":"Wirral"}},
{"type":"Feature","geometry":{"type":"Polygon","coordinates":[[[-1.3487,53.5833],[-1.4476,53.6127],[-1.5865,53.6072],[-1.6156,53.563],[-1.7232,53.5599],[-1.8222,53.5211],[-1.8014,53.481],[-1.7011,53.5031],[-1.5497,53.4785],[-1.5329,53.4383],[-1.4947,53.4863],[-1.4552,53.4718],[-1.3801,53.5142],[-1.3124,53.5138],[-1.2977,53.5515],[-1.3487,53.5833]]]},"properties":{"LAD24CD":"E08000016","LAD24NM":"Barnsley"}},
{"type":"Feature","geometry":{"type":"Polygon","coordinates":[[[-0.8653,53.6377],[-0.9468,53.6591],[-1.0487,53.6561],[-1.2098,53.6432],[-1.2328,53.6211],[-1.3078,53.5754],[-1.3487,53.5833],[-1.2977,53.5515],[-1.3124,53.5138],[-1.2499,53.4768],[-1.2381,53.4328],[-1.116,53.4073],[-0.9957,53.4369],[-0.9356,53.5025],[-0.8923,53.5375],[-0.8653,53.6377]]]},"properties":{"LAD24CD":"E08000017","LAD24NM":"Doncaster"}},
{"type":"Feature","geometry":{"type":"Polygon","coordinates":[[[-1.3124,53.5138],[-1.3801,53.5142],[-1.4552,53.4718],[-1.3914,53.3833],[-1.3247,53.3288],[-1.282,53.3095],[-1.1997,53.3114],[-1.116,53.4073],[-1.2381,53.4328],[-1.2499,53.4768],[-1.3124,53.5138]]]},"properties":{"LAD24CD":"E08000018","LAD24NM":"Rotherham"}},
{"type":"Feature","geometry":{"type":"Polygon","coordinates":[[[-1.4552,53.4718],[-1.4947,53.4863],[-1.5329,53.4383],[-1.5497,53.4785],[-1.7011,53.5031],[-1.8014,53.481],[-1.7398,53.421],[-1.6538,53.3919],[-1.5905,53.3459],[-1.5991,53.3113],[-1.5368,53.3047],[-1.411,53.342],[-1.3247,53.3288],[-1.3914,53.3833],[-1.4552,53.4718]]]},"properties":{"LAD24CD":"E08000019","LAD24NM":"Sheffield"}},
{"type":"Feature","geometry":{"type":"Polygon","coordinates":[[[-1.6379,55.0648],[-1.7138,55.0655],[-1.7695,54.9809],[-1.6401,54.9593],[-1.5355,54.9652],[-1.5292,54.9833],[-1.6003,55.0098],[-1.6379,55.0648]]]},"properties":{"LAD24CD":"E08000021","LAD24NM":"Newcastle upon Tyne"}},
{"type":"Feature","geometry":{"type":"Polygon","coordinates":[[[-1.4745,54.9864],[-1.4207,55.0196],[-1.4618,55.0744],[-1.4878,55.0536],[-1.6379,55.0648],[-1.6003,55.0098],[-1.5292,54.9833],[-1.4745,54.9864]]]},"properties":{"LAD24CD":"E08000022","LAD24NM":"North Tyneside"}},
{"type":"Feature","geometry":{"type":"Polygon","coordinates":[[[-1.364,54.9438],[-1.4258,55.0062],[-1.4745,54.9864],[-1.5292,54.9833],[-1.5355,54.9652],[-1.5112,54.9317],[-1.364,54.9438]]]},"properties":{"LAD24CD":"E08000023","LAD24NM":"South Tyneside"}},
{"type":"Feature","geometry":{"type":"Polygon","coordinates":[[[-1.3474,54.8605],[-1.364,54.9438],[-1.5112,54.9317],[-1.5689,54.9246],[-1.5595,54.882],[-1.5065,54.8711],[-1.4907,54.7993],[-1.4226,54.8032],[-1.4216,54.8395],[-1.3474,54.8605]]]},"properties":{"LAD24CD":"E08000024","LAD24NM":"Sunderland"}},
{"type":"Feature","geometry":{"type":"Polygon","coordinates":[[[-1.788,52.5879],[-1.8726,52.5849],[-1.9182,52.5473],[-1.9381,52.4984],[-2.0132,52.4622],[-2.017,52.4327],[-1.9985,52.3811],[-1.8688,52.4047],[-1.8003,52.4583],[-1.7596,52.4519],[-1.7535,52.513],[-1.788,52.5879]]]},"properties":{"LAD24CD":"E08000025","LAD24NM":"Birmingham"}},
{"type":"Feature","geometry":{"type":"Polygon","coordinates":[[[-1.4591,52.4552],[-1.5399,52.4648],[-1.5955,52.4559],[-1.6011,52.3893],[-1.5524,52.3639],[-1.464,52.3733],[-1.4239,52.433],[-1.4591,52.4552]]]},"properties":{"LAD24CD":"E08000026","LAD24NM":"Coventry"}},
{"type":"Feature","geometry":{"type":"Polygon","coordinates":[[[-2.0739,52.5499],[-2.1335,52.5541],[-2.1919,52.5035],[-2.1649,52.4302],[-2.017,52.4327],[-2.0132,52.4622],[-2.0643,52.4872],[-2.0739,52.5499]]]},"properties":{"LAD24CD":"E08000027","LAD24NM":"Dudley"}},
{"type":"Feature","geometry":{"type":"Polygon","coordinates":[[[-1.9182,52.5473],[-2.011,52.5691],[-2.051,52.5527],[-2.0739,52.5499],[-2.0643,52.4872],[-2.0132,52.4622],[-1.9381,52.4984],[-1.9182,52.5473]]]},"properties":{"LAD24CD":"E08000028","LAD24NM":"Sandwell"}},
{"type":"Feature","geometry":{"type":"Polygon","coordinates":[[[-1.5955,52.4559],[-1.6772,52.4364],[-1.7535,52.513],[-1.7596,52.4519],[-1.8003,52.4583],[-1.8688,52.4047],[-1.872,52.3676],[-1.7758,52.348],[-1.6484,52.3567],[-1.6011,52.3893],[-1.5955,52.4559]]]},"properties":{"LAD24CD":"E08000029","LAD24NM":"Solihull"}},
{"type":"Feature","geometry":{"type":"Polygon","coordinates":[[[-1.8726,52.5849],[-1.9546,52.6627],[-1.9866,52.6404],[-2.0507,52.6205],[-2.051,52.5527],[-2.011,52.5691],[-1.9182,52.5473],[-1.8726,52.5849]]]},"properties":{"LAD24CD":"E08000030","LAD24NM":"Walsall"}},
{"type":"Feature","geometry":{"type":"Polygon","coordinates":[[[-2.0507,52.6205],[-2.1316,52.6376],[-2.1964,52.6066],[-2.1335,52.5541],[-2.0739,52.5499],[-2.051,52.5527],[-2.0507,52.6205]]]},"properties":{"LAD24CD":"E08000031","LAD24NM":"Wolverhampton"}},
{"type":"Feature","geometry":{"type":"Polygon","coordinates":[[[-1.7272,53.9102],[-1.8795,53.9628],[-1.9662,53.9516],[-1.9802,53.8711],[-2.0461,53.8501],[-2.0612,53.8256],[-1.9868,53.7962],[-1.8094,53.7644],[-1.7701,53.7263],[-1.6816,53.7565],[-1.712,53.7831],[-1.6951,53.8575],[-1.7875,53.8969],[-1.7272,53.9102]]]},"properties":{"LAD24CD":"E08000032","LAD24NM":"Bradford"}},
{"type":"Feature","geometry":{"type":"Polygon","coordinates":[[[-1.7701,53.7263],[-1.8094,53.7644],[-1.9868,53.7962],[-2.0612,53.8256],[-2.1123,53.8057],[-2.1733,53.723],[-2.1463,53.6822],[-2.0512,53.6837],[-2.0268,53.6242],[-2.0095,53.6168],[-1.7473,53.6946],[-1.7701,53.7263]]]},"properties":{"LAD24CD":"E08000033","LAD24NM":"Calderdale"}},
{"type":"Feature","geometry":{"type":"Polygon","coordinates":[[[-1.6816,53.7565],[-1.7701,53.7263],[-1.7473,53.6946],[-2.0095,53.6168],[-1.9096,53.5384],[-1.8222,53.5211],[-1.7232,53.5599],[-1.6156,53.563],[-1.5865,53.6072],[-1.6249,53.6536],[-1.5711,53.7064],[-1.6816,53.7565]]]},"properties":{"LAD24CD":"E08000034","LAD24NM":"Kirklees"}},
{"type":"Feature","geometry":{"type":"Polygon","coordinates":[[[-1.302,53.7417],[-1.3071,53.9345],[-1.3972,53.9425],[-1.433,53.9108],[-1.7272,53.9102],[-1.7875,53.8969],[-1.6951,53.8575],[-1.712,53.7831],[-1.6816,53.7565],[-1.5711,53.7064],[-1.5104,53.7297],[-1.3997,53.7193],[-1.302,53.7417]]]},"properties":{"LAD24CD":"E08000035","LAD24NM":"Leeds"}},
{"type":"Feature","geometry":{"type":"Polygon","coordinates":[[[-1.2328,53.6211],[-1.2555,53.6454],[-1.2198,53.7144],[-1.302,53.7417],[-1.3997,53.7193],[-1.5104,53.7297],[-1.5711,53.7064],[-1.6249,53.6536],[-1.5865,53.6072],[-1.4476,53.6127],[-1.3487,53.5833],[-1.3078,53.5754],[-1.2328,53.6211]]]},"properties":{"LAD24CD":"E08000036","LAD24NM":"Wakefield"}},
{"type":"Feature","geometry":{"type":"Polygon","coordinates":[[[-1.7695,54.9809],[-1.8128,54.9763],[-1.8206,54.9058],[-1.6748,54.9096],[-1.6506,54.8793],[-1.5595,54.882],[-1.5689,54.9246],[-1.5112,54.9317],[-1.5355,54.9652],[-1.6401,54.9593],[-1.7695,54.9809]]]},"properties":{"LAD24CD":"E08000037","LAD24NM":"Gateshead"}},
{"type":"Feature","geometry":{"type":"Polygon","coordinates":[[[-0.0802,51.5069],[-0.0785,51.5215],[-0.0852,51.5203],[-0.1053,51.5186],[-0.1116,51.5153],[-0.1114,51.5098],[-0.1092,51.5099],[-0.0802,51.5069]]]},"properties":{"LAD24CD":"E09000001","LAD24NM":"City of London"}},
{"type":"Feature","geometry":{"type":"Polygon","coordinates":[[[0.1601,51.5118],[0.1902,51.5527],[0.1482,51.599],[0.0684,51.5444],[0.0981,51.5149],[0.1601,51.5118]]]},"properties":{"LAD24CD":"E09000002","LAD24NM":"Barking and Dagenham"}},
{"type":"Feature","geometry":{"type":"Polygon","coordinates":[[[-0.182,51.6687],[-0.3044,51.6363],[-0.2671,51.6004],[-0.2135,51.5552],[-0.1712,51.5724],[-0.1387,51.6102],[-0.182,51.6687]]]},"properties":{"LAD24CD":"E09000003","LAD24NM":"Barnet"}},
{"type":"Feature","geometry":{"type":"Polygon","coordinates":[[[0.2212,51.4788],[0.1187,51.5113],[0.0754,51.432],[0.1489,51.4084],[0.1529,51.4087],[0.2212,51.4788]]]},"properties":{"LAD24CD":"E09000004","LAD24NM":"Bexley"}},
{"type":"Feature","geometry":{"type":"Polygon","coordinates":[[[-0.2135,51.5552],[-0.2671,51.6004],[-0.3356,51.5566],[-0.2463,51.5327],[-0.2284,51.5303],[-0.216,51.5279],[-0.1915,51.5363],[-0.2135,51.5552]]]},"properties":{"LAD24CD":"E09000005","LAD24NM":"Brent"}},
{"type":"Feature","geometry":{"type":"Polygon","coordinates":[[[0.0754,51.432],[0.0294,51.4417],[-0.0103,51.4136],[-0.0739,51.4262],[-0.0783,51.4206],[-0.0786,51.4199],[0.0023,51.3291],[0.0424,51.2927],[0.137,51.3442],[0.1489,51.4084],[0.0754,51.432]]]},"properties":{"LAD24CD":"E09000006","LAD24NM":"Bromley"}},
{"type":"Feature","geometry":{"type":"Polygon","coordinates":[[[-0.1424,51.5691],[-0.1712,51.5724],[-0.2135,51.5552],[-0.1915,51.5363],[-0.1116,51.5153],[-0.1053,51.5186],[-0.1424,51.5691]]]},"properties":{"LAD24CD":"E09000007","LAD24NM":"Camden"}},
{"type":"Feature","geometry":{"type":"Polygon","coordinates":[[[-0.0786,51.4199],[-0.1277,51.4123],[-0.1343,51.3908],[-0.1168,51.3458],[-0.1565,51.3215],[-0.1243,51.2868],[-0.0379,51.3387],[0.0023,51.3291],[-0.0786,51.4199]]]},"properties":{"LAD24CD":"E09000008","LAD24NM":"Croydon"}},
{"type":"Feature","geometry":{"type":"Polygon","coordinates":[[[-0.2463,51.5327],[-0.3356,51.5566],[-0.3778,51.555],[-0.4069,51.4997],[-0.253,51.5014],[-0.2463,51.5327]]]},"properties":{"LAD24CD":"E09000009","LAD24NM":"Ealing"}},
{"type":"Feature","geometry":{"type":"Polygon","coordinates":[[[-0.0119,51.6809],[-0.1058,51.6919],[-0.1635,51.6881],[-0.182,51.6687],[-0.1387,51.6102],[-0.0414,51.6056],[-0.0123,51.6462],[-0.0119,51.6809]]]},"properties":{"LAD24CD":"E09000010","LAD24NM":"Enfield"}},
{"type":"Feature","geometry":{"type":"Polygon","coordinates":[[[0.1187,51.5113],[0.0936,51.5091],[0.0908,51.5079],[0.002,51.5044],[0.0014,51.5042],[-0.0192,51.4772],[0.0294,51.4417],[0.0754,51.432],[0.1187,51.5113]]]},"properties":{"LAD24CD":"E09000011","LAD24NM":"Greenwich"}},
{"type":"Feature","geometry":{"type":"Polygon","coordinates":[[[-0.0172,51.5516],[-0.0612,51.5778],[-0.1044,51.5648],[-0.0852,51.5203],[-0.0785,51.5215],[-0.0165,51.5433],[-0.0172,51.5516]]]},"properties":{"LAD24CD":"E09000012","LAD24NM":"Hackney"}},
{"type":"Feature","geometry":{"type":"Polygon","coordinates":[[[-0.2284,51.5303],[-0.2463,51.5327],[-0.253,51.5014],[-0.2434,51.4879],[-0.2217,51.4723],[-0.1777,51.4775],[-0.2284,51.5303]]]},"properties":{"LAD24CD":"E09000013","LAD24NM":"Hammersmith and Fulham"}},
{"type":"Feature","geometry":{"type":"Polygon","coordinates":[[[-0.0414,51.6056],[-0.1387,51.6102],[-0.1712,51.5724],[-0.1424,51.5691],[-0.1044,51.5648],[-0.0612,51.5778],[-0.0414,51.6056]]]},"properties":{"LAD24CD":"E09000014","LAD24NM":"Haringey"}},
{"type":"Feature","geometry":{"type":"Polygon","coordinates":[[[-0.3044,51.6363],[-0.3626,51.6235],[-0.404,51.6132],[-0.3778,51.555],[-0.3356,51.5566],[-0.2671,51.6004],[-0.3044,51.6363]]]},"properties":{"LAD24CD":"E09000015","LAD24NM":"Harrow"}},
{"type":"Feature","geometry":{"type":"Polygon","coordinates":[[[0.313,51.5658],[0.2003,51.6249],[0.1382,51.6235],[0.1482,51.599],[0.1902,51.5527],[0.1601,51.5118],[0.2118,51.4898],[0.249,51.5287],[0.334,51.5405],[0.313,51.5658]]]},"properties":{"LAD24CD":"E09000016","LAD24NM":"Havering"}},
{"type":"Feature","geometry":{"type":"Polygon","coordinates":[[[-0.404,51.6132],[-0.4968,51.6317],[-0.5006,51.5997],[-0.49,51.4947],[-0.5098,51.4692],[-0.4587,51.4563],[-0.4069,51.4997],[-0.3778,51.555],[-0.404,51.6132]]]},"properties":{"LAD24CD":"E09000017","LAD24NM":"Hillingdon"}},
{"type":"Feature","geometry":{"type":"Polygon","coordinates":[[[-0.253,51.5014],[-0.4069,51.4997],[-0.4587,51.4563],[-0.3913,51.4223],[-0.373,51.4575],[-0.2434,51.4879],[-0.253,51.5014]]]},"properties":{"LAD24CD":"E09000018","LAD24NM":"Hounslow"}},
{"type":"Feature","geometry":{"type":"Polygon","coordinates":[[[-0.1044,51.5648],[-0.1424,51.5691],[-0.1053,51.5186],[-0.0852,51.5203],[-0.1044,51.5648]]]},"properties":{"LAD24CD":"E09000019","LAD24NM":"Islington"}},
{"type":"Feature","geometry":{"type":"Polygon","coordinates":[[[-0.216,51.5279],[-0.2284,51.5303],[-0.1777,51.4775],[-0.1498,51.4845],[-0.216,51.5279]]]},"properties":{"LAD24CD":"E09000020","LAD24NM":"Kensington and Chelsea"}},
{"type":"Feature","geometry":{"type":"Polygon","coordinates":[[[-0.2511,51.4326],[-0.2541,51.4373],[-0.3177,51.3937],[-0.3307,51.329],[-0.3062,51.3351],[-0.245,51.3801],[-0.2397,51.3893],[-0.2511,51.4326]]]},"properties":{"LAD24CD":"E09000021","LAD24NM":"Kingston upon Thames"}},
{"type":"Feature","geometry":{"type":"Polygon","coordinates":[[[-0.0783,51.4206],[-0.1092,51.5099],[-0.1114,51.5098],[-0.1295,51.4859],[-0.1404,51.4193],[-0.1277,51.4123],[-0.0786,51.4199],[-0.0783,51.4206]]]},"properties":{"LAD24CD":"E09000022","LAD24NM":"Lambeth"}},
{"type":"Feature","geometry":{"type":"Polygon","coordinates":[[[-0.022,51.4837],[-0.0323,51.493],[-0.0739,51.4262],[-0.0103,51.4136],[0.0294,51.4417],[-0.0192,51.4772],[-0.0196,51.4782],[-0.022,51.4837]]]},"properties":{"LAD24CD":"E09000023","LAD24NM":"Lewisham"}},
{"type":"Feature","geometry":{"type":"Polygon","coordinates":[[[-0.1404,51.4193],[-0.2511,51.4326],[-0.2397,51.3893],[-0.1343,51.3908],[-0.1277,51.4123],[-0.1404,51.4193]]]},"properties":{"LAD24CD":"E09000024","LAD24NM":"Merton"}},
{"type":"Feature","geometry":{"type":"Polygon","coordinates":[[[0.0684,51.5444],[0.0205,51.5561],[-0.0172,51.5516],[-0.0165,51.5433],[0.0057,51.5076],[0.0981,51.5149],[0.0684,51.5444]]]},"properties":{"LAD24CD":"E09000025","LAD24NM":"Newham"}},
{"type":"Feature","geometry":{"type":"Polygon","coordinates":[[[0.1382,51.6235],[0.0729,51.6047],[0.0218,51.6288],[0.0205,51.5561],[0.0684,51.5444],[0.1482,51.599],[0.1382,51.6235]]]},"properties":{"LAD24CD":"E09000026","LAD24NM":"Redbridge"}},
{"type":"Feature","geometry":{"type":"Polygon","coordinates":[[[-0.2217,51.4723],[-0.2434,51.4879],[-0.373,51.4575],[-0.3913,51.4223],[-0.3834,51.4085],[-0.3177,51.3937],[-0.2541,51.4373],[-0.2217,51.4723]]]},"properties":{"LAD24CD":"E09000027","LAD24NM":"Richmond upon Thames"}},
{"type":"Feature","geometry":{"type":"Polygon","coordinates":[[[-0.0802,51.5069],[-0.1092,51.5099],[-0.0783,51.4206],[-0.0739,51.4262],[-0.0323,51.493],[-0.073,51.505],[-0.0802,51.5069]]]},"properties":{"LAD24CD":"E09000028","LAD24NM":"Southwark"}},
{"type":"Feature","geometry":{"type":"Polygon","coordinates":[[[-0.1343,51.3908],[-0.2397,51.3893],[-0.245,51.3801],[-0.2208,51.3298],[-0.1565,51.3215],[-0.1168,51.3458],[-0.1343,51.3908]]]},"properties":{"LAD24CD":"E09000029","LAD24NM":"Sutton"}},
{"type":"Feature","geometry":{"type":"Polygon","coordinates":[[[0.0057,51.5076],[-0.0165,51.5433],[-0.0785,51.5215],[-0.0802,51.5069],[-0.073,51.505],[0.0057,51.5076]]]},"properties":{"LAD24CD":"E09000030","LAD24NM":"Tower Hamlets"}},
{"type":"Feature","geometry":{"type":"Polygon","coordinates":[[[0.0218,51.6288],[-0.0123,51.6462],[-0.0414,51.6056],[-0.0612,51.5778],[-0.0172,51.5516],[0.0205,51.5561],[0.0218,51.6288]]]},"properties":{"LAD24CD":"E09000031","LAD24NM":"Waltham Forest"}},
{"type":"Feature","geometry":{"type":"Polygon","coordinates":[[[-0.1404,51.4193],[-0.1295,51.4859],[-0.1498,51.4845],[-0.1777,51.4775],[-0.2217,51.4723],[-0.2541,51.4373],[-0.2511,51.4326],[-0.1404,51.4193]]]},"properties":{"LAD24CD":"E09000032","LAD24NM":"Wandsworth"}},
{"type":"Feature","geometry":{"type":"Polygon","coordinates":[[[-0.1116,51.5153],[-0.1915,51.5363],[-0.216,51.5279],[-0.1498,51.4845],[-0.1295,51.4859],[-0.1114,51.5098],[-0.1116,51.5153]]]},"properties":{"LAD24CD":"E09000033","LAD24NM":"Westminster"}},
{"type":"Feature","geometry":{"type":"Polygon","coordinates":[[[-5.8683,54.6889],[-5.9059,54.7658],[-6.0098,54.8001],[-6.172,54.8119],[-6.2272,54.7885],[-6.3454,54.8011],[-6.4771,54.7809],[-6.4959,54.7137],[-6.4071,54.6488],[-6.426,54.5682],[-6.3046,54.5729],[-6.0873,54.6244],[-6.0455,54.6059],[-5.9864,54.6594],[-5.9129,54.648],[-5.8683,54.6889]]]},"properties":{"LAD24CD":"N09000001","LAD24NM":"Antrim and Newtownabbey"}},
{"type":"Feature","geometry":{"type":"Polygon","coordinates":[[[-6.3046,54.5729],[-6.426,54.5682],[-6.6295,54.5038],[-6.7101,54.4039],[-6.7937,54.415],[-6.8639,54.3301],[-6.8162,54.223],[-6.7408,54.1819],[-6.6441,54.1798],[-6.5999,54.2189],[-6.4017,54.273],[-6.2123,54.2586],[-6.1603,54.2189],[-6.0388,54.2631],[-6.1044,54.3185],[-6.0185,54.3705],[-6.1565,54.4442],[-6.2581,54.4795],[-6.3046,54.5729]]]},"properties":{"LAD24CD":"N09000002","LAD24NM":"Armagh City, Banbridge and Craigavon"}},
{"type":"Feature","geometry":{"type":"Polygon","coordinates":[[[-5.9129,54.648],[-5.9864,54.6594],[-6.0455,54.6059],[-6.041,54.5641],[-5.9757,54.5306],[-5.8232,54.5815],[-5.8091,54.6155],[-5.8551,54.6337],[-5.9129,54.648]]]},"properties":{"LAD24CD":"N09000003","LAD24NM":"Belfast"}},
{"type":"Feature","geometry":{"type":"Polygon","coordinates":[[[-5.9769,55.0563],[-6.0425,55.053],[-6.0269,55.1612],[-6.146,55.228],[-6.2362,55.2027],[-6.3681,55.2458],[-6.4759,55.2522],[-6.5285,55.225],[-6.7219,55.1899],[-6.7526,55.1685],[-6.8747,55.1681],[-6.9659,55.1948],[-6.9688,55.1479],[-7.0514,55.0495],[-7.147,55.0467],[-7.1267,54.9853],[-7.081,54.9858],[-7.0876,54.9274],[-7.0436,54.914],[-7.0069,54.8209],[-6.9121,54.8204],[-6.8866,54.853],[-6.8026,54.8466],[-6.7758,54.9138],[-6.6903,54.9163],[-6.5376,54.952],[-6.4999,54.9188],[-6.4221,54.9168],[-6.4482,54.9646],[-6.323,54.9791],[-6.1653,55.0307],[-6.098,54.984],[-5.9769,55.0563]]]},"properties":{"LAD24CD":"N09000004","LAD24NM":"Causeway Coast and Glens"}},
{"type":"Feature","geometry":{"type":"Polygon","coordinates":[[[-7.147,55.0467],[-7.3462,55.0505],[-7.4056,55.0033],[-7.3921,54.9454],[-7.4473,54.935],[-7.4431,54.8713],[-7.5493,54.7894],[-7.5433,54.7427],[-7.6366,54.7515],[-7.7499,54.7043],[-7.8367,54.7364],[-7.9181,54.7027],[-7.8545,54.6319],[-7.8133,54.6439],[-7.7035,54.6085],[-7.5104,54.6538],[-7.4479,54.641],[-7.3917,54.6931],[-7.2262,54.752],[-7.1173,54.7494],[-7.0054,54.7799],[-6.94,54.7736],[-6.9121,54.8204],[-7.0069,54.8209],[-7.0436,54.914],[-7.0876,54.9274],[-7.081,54.9858],[-7.1267,54.9853],[-7.147,55.0467]]]},"properties":{"LAD24CD":"N09000005","LAD24NM":"Derry City and Strabane"}},
{"type":"Feature","geometry":{"type":"Polygon","coordinates":[[[-6.94,54.7736],[-7.0054,54.7799],[-7.1173,54.7494],[-7.2262,54.752],[-7.3917,54.6931],[-7.4479,54.641],[-7.5104,54.6538],[-7.7035,54.6085],[-7.8505,54.533],[-8.006,54.5459],[-8.0426,54.4877],[-8.1775,54.4648],[-8.0574,54.3657],[-7.9617,54.3124],[-7.8619,54.2935],[-7.8602,54.2176],[-7.8115,54.2009],[-7.6854,54.2078],[-7.6104,54.1438],[-7.4793,54.1222],[-7.4423,54.1539],[-7.3395,54.1467],[-7.2481,54.2044],[-7.145,54.2247],[-7.2122,54.2996],[-7.1888,54.3376],[-7.2462,54.327],[-7.2805,54.3716],[-7.3344,54.3717],[-7.367,54.4375],[-7.2358,54.4545],[-6.9745,54.5437],[-6.9613,54.6123],[-7.0026,54.6715],[-6.9914,54.7408],[-6.94,54.7736]]]},"properties":{"LAD24CD":"N09000006","LAD24NM":"Fermanagh and Omagh"}},
{"type":"Feature","geometry":{"type":"Polygon","coordinates":[[[-6.0455,54.6059],[-6.0873,54.6244],[-6.3046,54.5729],[-6.2581,54.4795],[-6.1565,54.4442],[-6.0185,54.3705],[-5.9384,54.3839],[-5.9022,54.4622],[-5.8235,54.4954],[-5.7575,54.5814],[-5.8091,54.6155],[-5.8232,54.5815],[-5.9757,54.5306],[-6.041,54.5641],[-6.0455,54.6059]]]},"properties":{"LAD24CD":"N09000007","LAD24NM":"Lisburn and Castlereagh"}},
{"type":"Feature","geometry":{"type":"Polygon","coordinates":[[[-5.8683,54.6889],[-5.7549,54.7213],[-5.688,54.767],[-5.7251,54.848],[-5.7976,54.8522],[-5.919,54.9618],[-5.9901,54.9845],[-5.9769,55.0563],[-6.098,54.984],[-6.1653,55.0307],[-6.323,54.9791],[-6.4482,54.9646],[-6.4221,54.9168],[-6.4999,54.9188],[-6.4573,54.8245],[-6.4771,54.7809],[-6.3454,54.8011],[-6.2272,54.7885],[-6.172,54.8119],[-6.0098,54.8001],[-5.9059,54.7658],[-5.8683,54.6889]]]},"properties":{"LAD24CD":"N09000008","LAD24NM":"Mid and East Antrim"}},
{"type":"Feature","geometry":{"type":"Polygon","coordinates":[[[-6.4999,54.9188],[-6.5376,54.952],[-6.6903,54.9163],[-6.7758,54.9138],[-6.8026,54.8466],[-6.8866,54.853],[-6.9121,54.8204],[-6.94,54.7736],[-6.9914,54.7408],[-7.0026,54.6715],[-6.9613,54.6123],[-6.9745,54.5437],[-7.2358,54.4545],[-7.367,54.4375],[-7.3344,54.3717],[-7.2805,54.3716],[-7.2462,54.327],[-7.1888,54.3376],[-7.1527,54.3352],[-7.0291,54.4213],[-6.9112,54.3747],[-6.8639,54.3301],[-6.7937,54.415],[-6.7101,54.4039],[-6.6295,54.5038],[-6.426,54.5682],[-6.4071,54.6488],[-6.4959,54.7137],[-6.4771,54.7809],[-6.4573,54.8245],[-6.4999,54.9188]]]},"properties":{"LAD24CD":"N09000009","LAD24NM":"Mid Ulster"}},
{"type":"Feature","geometry":{"type":"Polygon","coordinates":[[[-5.516,54.3243],[-5.5955,54.4069],[-5.5837,54.4495],[-5.7017,54.4464],[-5.8235,54.4954],[-5.9022,54.4622],[-5.9384,54.3839],[-6.0185,54.3705],[-6.1044,54.3185],[-6.0388,54.2631],[-6.1603,54.2189],[-6.2123,54.2586],[-6.4017,54.273],[-6.5999,54.2189],[-6.6441,54.1798],[-6.669,54.0728],[-6.4435,54.0565],[-6.3635,54.0726],[-6.3664,54.1136],[-6.1981,54.0982],[-6.0949,54.0626],[-6.0627,54.0227],[-5.8969,54.1047],[-5.8929,54.2054],[-5.8297,54.2419],[-5.6928,54.2513],[-5.6602,54.2256],[-5.516,54.3243]]]},"properties":{"LAD24CD":"N09000010","LAD24NM":"Newry, Mourne and Down"}},
{"type":"Feature","geometry":{"type":"Polygon","coordinates":[[[-5.516,54.3243],[-5.4602,54.3864],[-5.48,54.4284],[-5.4356,54.4571],[-5.5302,54.645],[-5.5839,54.6777],[-5.741,54.6776],[-5.8551,54.6337],[-5.8091,54.6155],[-5.7575,54.5814],[-5.8235,54.4954],[-5.7017,54.4464],[-5.5837,54.4495],[-5.5955,54.4069],[-5.516,54.3243]]]},"properties":{"LAD24CD":"N09000011","LAD24NM":"Ards and North Down"}},
{"type":"Feature","geometry":{"type":"Polygon","coordinates":[[[-3.6283,56.1328],[-3.6479,56.1597],[-3.5752,56.1961],[-3.8294,56.1965],[-3.8851,56.1291],[-3.8215,56.1007],[-3.7934,56.1046],[-3.7394,56.0771],[-3.6283,56.1328]]]},"properties":{"LAD24CD":"S12000005","LAD24NM":"Clackmannanshire"}},
{"type":"Feature","geometry":{"type":"Polygon","coordinates":[[[-3.9862,55.4641],[-4.0908,55.4121],[-4.0857,55.3513],[-4.1393,55.2846],[-4.2029,55.3182],[-4.3013,55.3104],[-4.3602,55.258],[-4.3774,55.2015],[-4.4409,55.1397],[-4.4618,55.1702],[-4.565,55.158],[-4.6583,55.1199],[-4.6252,55.0684],[-4.7152,55.0375],[-4.9308,55.0514],[-5.0397,54.9977],[-4.9959,54.9362],[-5.0303,54.9062],[-5.1,55.0183],[-5.1786,54.9867],[-5.1851,54.9152],[-5.1382,54.8513],[-5.0106,54.7834],[-4.9574,54.7285],[-4.9648,54.664],[-4.8749,54.6333],[-4.9611,54.8041],[-4.9361,54.8326],[-4.8178,54.867],[-4.6007,54.7769],[-4.5717,54.7382],[-4.393,54.6774],[-4.3545,54.8134],[-4.4141,54.828],[-4.4283,54.8841],[-4.2573,54.8374],[-4.2269,54.8654],[-4.1597,54.7803],[-3.9848,54.7685],[-3.8314,54.8213],[-3.8199,54.8867],[-3.7879,54.8531],[-3.7276,54.8801],[-3.5952,54.8729],[-3.5808,55.014],[-3.5604,54.98],[-3.1496,54.9638],[-3.0522,54.9905],[-3.0259,55.0365],[-2.9586,55.0493],[-2.8585,55.1083],[-2.9048,55.1737],[-2.8638,55.2364],[-2.9621,55.2903],[-3.043,55.2715],[-3.1272,55.3597],[-3.2174,55.3761],[-3.3037,55.3424],[-3.3028,55.3938],[-3.2436,55.4277],[-3.3316,55.4411],[-3.3543,55.4125],[-3.5074,55.4123],[-3.5785,55.385],[-3.574,55.3284],[-3.6636,55.2918],[-3.711,55.3632],[-3.8255,55.4444],[-3.9862,55.4641]]]},"properties":{"LAD24CD":"S12000006","LAD24NM":"Dumfries and Galloway"}},
{"type":"Feature","geometry":{"type":"Polygon","coordinates":[[[-4.2469,55.679],[-4.3249,55.6883],[-4.5071,55.7631],[-4.5299,55.7446],[-4.6107,55.6765],[-4.5719,55.6484],[-4.5922,55.5979],[-4.5182,55.5654],[-4.4095,55.5533],[-4.3991,55.5108],[-4.4935,55.4702],[-4.4504,55.4119],[-4.565,55.4263],[-4.5198,55.3836],[-4.5646,55.3575],[-4.438,55.3078],[-4.4291,55.254],[-4.4618,55.1702],[-4.4409,55.1397],[-4.3774,55.2015],[-4.3602,55.258],[-4.3013,55.3104],[-4.2029,55.3182],[-4.1393,55.2846],[-4.0857,55.3513],[-4.0908,55.4121],[-3.9862,55.4641],[-4.0257,55.4925],[-3.9587,55.5408],[-4.0396,55.5924],[-4.0816,55.5676],[-4.2426,55.5621],[-4.175,55.6048],[-4.2469,55.679]]]},"properties":{"LAD24CD":"S12000008","LAD24NM":"East Ayrshire"}},
{"type":"Feature","geometry":{"type":"Polygon","coordinates":[[[-2.3654,55.9454],[-2.4453,55.9879],[-2.5531,55.9964],[-2.6606,56.0593],[-2.8159,56.0624],[-2.9153,55.9752],[-3.077,55.9468],[-3.0886,55.9314],[-2.9669,55.9118],[-2.9372,55.8635],[-2.8462,55.819],[-2.7772,55.8443],[-2.5942,55.8287],[-2.5047,55.9119],[-2.4668,55.8844],[-2.3654,55.9454]]]},"properties":{"LAD24CD":"S12000010","LAD24NM":"East Lothian"}},
{"type":"Feature","geometry":{"type":"Polygon","coordinates":[[[-4.2507,55.7849],[-4.2607,55.811],[-4.3721,55.7948],[-4.3814,55.8231],[-4.4951,55.8014],[-4.5509,55.7664],[-4.5299,55.7446],[-4.5071,55.7631],[-4.3249,55.6883],[-4.2469,55.679],[-4.2231,55.7276],[-4.2507,55.7849]]]},"properties":{"LAD24CD":"S12000011","LAD24NM":"East Renfrewshire"}},
{"type":"Feature","geometry":{"type":"MultiPolygon","coordinates":[[[[-7.533,56.9462],[-7.436,56.9486],[-7.457,57.0241],[-7.5287,57.0131],[-7.533,56.9462]]],[[[-7.3258,57.4056],[-7.4295,57.388],[-7.3968,57.3017],[-7.4355,57.2364],[-7.3735,57.1039],[-7.2293,57.0959],[-7.2119,57.1174],[-7.3212,57.1641],[-7.2446,57.1636],[-7.2676,57.2241],[-7.2308,57.3357],[-7.3258,57.4056]]],[[[-7.3366,57.4801],[-7.41,57.4703],[-7.3926,57.4241],[-7.238,57.4017],[-7.216,57.4363],[-7.3366,57.4801]]],[[[-7.116,57.6623],[-7.1697,57.6339],[-7.1003,57.6079],[-7.116,57.6623]]],[[[-7.2546,57.5706],[-7.1177,57.5662],[-7.2191,57.6389],[-7.1562,57.6769],[-7.1829,57.703],[-7.3829,57.6308],[-7.4857,57.6505],[-7.5202,57.6048],[-7.4418,57.5878],[-7.3131,57.5084],[-7.1458,57.5124],[-7.1351,57.554],[-7.3065,57.5541],[-7.2546,57.5706]]],[[[-6.8495,58.2568],[-6.8672,58.2075],[-6.7853,58.2189],[-6.8495,58.2568]]],[[[-6.7452,57.9528],[-6.7124,58.0113],[-6.651,57.9177],[-6.5771,57.9105],[-6.4718,57.9375],[-6.4755,58.0012],[-6.3885,57.9999],[-6.3583,58.0394],[-6.3998,58.1111],[-6.3704,58.1315],[-6.3969,58.2076],[-6.2885,58.2053],[-6.2509,58.1796],[-6.1537,58.2209],[-6.1357,58.259],[-6.2849,58.2067],[-6.3432,58.2291],[-6.3187,58.27],[-6.1944,58.3395],[-6.2185,58.3682],[-6.1672,58.43],[-6.2618,58.5158],[-6.3002,58.4804],[-6.4359,58.4345],[-6.5471,58.3651],[-6.6525,58.3535],[-6.8252,58.281],[-6.7341,58.1663],[-6.8284,58.2044],[-6.8835,58.1695],[-6.9585,58.2346],[-7.0488,58.2325],[-7.1354,58.1229],[-7.1026,58.0731],[-7.0196,58.0331],[-7.0824,58.0205],[-7.08,57.9671],[-6.9439,57.9507],[-6.8139,57.9009],[-6.9184,57.9108],[-6.9392,57.872],[-7.0754,57.8221],[-7.1335,57.8374],[-6.9747,57.7291],[-6.8729,57.7739],[-6.8836,57.8005],[-6.7366,57.8269],[-6.8029,57.8976],[-6.6655,57.8823],[-6.7063,57.953],[-6.7452,57.9528]]]]},"properties":{"LAD24CD":"S12000013","LAD24NM":"Na h-Eileanan Siar"}},
{"type":"Feature","geometry":{"type":"Polygon","coordinates":[[[-3.509,56.0011],[-3.675,56.0117],[-3.7934,56.1046],[-3.8215,56.1007],[-3.8143,56.0528],[-3.9734,56.0486],[-4.0201,56.028],[-3.9038,55.9379],[-3.8226,55.8965],[-3.7821,55.9016],[-3.6,55.9968],[-3.509,56.0011]]]},"properties":{"LAD24CD":"S12000014","LAD24NM":"Falkirk"}},
{"type":"Feature","geometry":{"type":"MultiPolygon","coordinates":[[[[-6.1117,56.9245],[-6.1386,56.9442],[-6.2075,56.8877],[-6.1391,56.872],[-6.1117,56.9245]]],[[[-6.33,57.0604],[-6.4601,57.0074],[-6.3111,56.9349],[-6.2569,56.9671],[-6.2602,57.0368],[-6.33,57.0604]]],[[[-5.929,57.2809],[-5.9261,57.3075],[-6.0224,57.3058],[-5.929,57.2809]]],[[[-5.9784,57.4946],[-6.0566,57.4598],[-6.088,57.3509],[-5.9928,57.3582],[-6.0323,57.4294],[-5.9784,57.4946]]],[[[-6.3524,57.708],[-6.4277,57.6422],[-6.3898,57.5493],[-6.3046,57.4823],[-6.3998,57.5088],[-6.4526,57.4807],[-6.6348,57.6085],[-6.6417,57.5521],[-6.5606,57.508],[-6.6375,57.5025],[-6.5739,57.4302],[-6.6397,57.4427],[-6.7167,57.5137],[-6.72,57.4497],[-6.7802,57.4578],[-6.7195,57.3717],[-6.5636,57.3386],[-6.573,57.3885],[-6.4941,57.3986],[-6.4515,57.2624],[-6.3223,57.1601],[-6.1681,57.1986],[-6.0838,57.1268],[-6.0297,57.1846],[-5.9201,57.1619],[-6.005,57.1148],[-6.036,57.0525],[-6.0018,57.0202],[-5.8937,57.0612],[-5.805,57.1207],[-5.8007,57.1664],[-5.6694,57.2089],[-5.6476,57.2551],[-5.7535,57.2747],[-5.8637,57.2416],[-5.9939,57.2704],[-6.057,57.3137],[-6.1174,57.3137],[-6.1457,57.4301],[-6.139,57.5454],[-6.1913,57.6333],[-6.3524,57.708]]],[[[-3.7629,57.6305],[-3.86,57.5923],[-4.0125,57.601],[-4.0407,57.5601],[-4.1783,57.4853],[-4.2887,57.4812],[-4.383,57.5116],[-4.2344,57.5008],[-4.1744,57.5662],[-4.0913,57.5741],[-4.102,57.6075],[-3.9946,57.6765],[-4.1653,57.6569],[-4.2329,57.6676],[-4.4068,57.5927],[-4.2889,57.6812],[-4.1672,57.6854],[-4.0095,57.7423],[-4.0359,57.6953],[-3.9753,57.6944],[-3.7933,57.8365],[-3.8592,57.8245],[-3.9609,57.8459],[-4.0481,57.8153],[-4.1638,57.8337],[-4.2325,57.8751],[-4.0115,57.8611],[-4.0047,57.9285],[-4.069,57.9368],[-3.8476,58.0066],[-3.7454,58.0682],[-3.5097,58.1712],[-3.3816,58.2705],[-3.2207,58.3054],[-3.1079,58.3712],[-3.0491,58.4757],[-3.1041,58.4741],[-3.1258,58.5274],[-3.0678,58.5642],[-3.0252,58.6438],[-3.1576,58.6373],[-3.1899,58.6601],[-3.4136,58.6404],[-3.3684,58.5952],[-3.5359,58.623],[-3.6558,58.6213],[-3.78,58.5629],[-4.0044,58.5635],[-4.019,58.6017],[-4.0735,58.5505],[-4.1261,58.5694],[-4.2654,58.5266],[-4.3521,58.5374],[-4.4333,58.492],[-4.4244,58.5498],[-4.5894,58.5778],[-4.5933,58.5347],[-4.664,58.483],[-4.7496,58.4583],[-4.6534,58.5328],[-4.7657,58.5806],[-4.8205,58.5626],[-4.8764,58.615],[-5.007,58.6257],[-5.0509,58.5408],[-5.1258,58.4891],[-5.0558,58.4639],[-5.1759,58.362],[-5.109,58.2747],[-5.3105,58.2242],[-5.376,58.2642],[-5.2789,58.1146],[-5.2822,58.0738],[-5.357,58.0577],[-5.4267,58.1059],[-5.4579,58.077],[-5.3108,57.979],[-5.1922,57.9575],[-5.2397,57.9176],[-5.3401,57.9065],[-5.2316,57.8471],[-5.4223,57.9091],[-5.4545,57.8509],[-5.5406,57.8696],[-5.6184,57.9243],[-5.6424,57.856],[-5.5819,57.8361],[-5.6229,57.7678],[-5.6835,57.8651],[-5.8138,57.8554],[-5.8129,57.7499],[-5.6964,57.7301],[-5.682,57.689],[-5.7892,57.6974],[-5.8187,57.6393],[-5.7556,57.6236],[-5.7038,57.564],[-5.5338,57.5522],[-5.6496,57.5089],[-5.8116,57.5856],[-5.8729,57.4741],[-5.8061,57.439],[-5.8313,57.391],[-5.7884,57.3464],[-5.6226,57.4011],[-5.5345,57.3529],[-5.7167,57.3151],[-5.7181,57.2835],[-5.5926,57.2709],[-5.6317,57.2003],[-5.693,57.1691],[-5.592,57.1192],[-5.722,57.1182],[-5.7967,57.0659],[-5.7076,57.0412],[-5.6356,56.9698],[-5.7274,57.0183],[-5.8245,57.0086],[-5.8432,56.9076],[-5.9234,56.8902],[-5.7377,56.8961],[-5.7602,56.8474],[-5.865,56.8107],[-5.9095,56.7496],[-5.9659,56.7847],[-6.118,56.7656],[-6.2268,56.726],[-6.1422,56.6832],[-6.0515,56.693],[-5.8191,56.6669],[-6.0045,56.6455],[-5.9046,56.5512],[-5.7714,56.5325],[-5.684,56.4973],[-5.5521,56.5512],[-5.4883,56.6102],[-5.3608,56.6826],[-5.2428,56.7204],[-5.2336,56.756],[-5.1238,56.8341],[-5.1504,56.8365],[-5.1799,56.8466],[-5.246,56.8425],[-5.3284,56.8583],[-5.1921,56.8547],[-5.1498,56.8389],[-5.1111,56.8391],[-5.1021,56.8266],[-5.2291,56.7294],[-5.2238,56.6861],[-5.3174,56.6534],[-5.325,56.6207],[-5.2165,56.6022],[-5.2138,56.6319],[-5.08,56.6095],[-5.0975,56.5357],[-5.096,56.5285],[-4.9943,56.5421],[-4.9475,56.5757],[-4.8785,56.566],[-4.6264,56.6156],[-4.6298,56.655],[-4.7154,56.6423],[-4.7175,56.6766],[-4.592,56.6932],[-4.5899,56.7599],[-4.5205,56.8053],[-4.4418,56.7738],[-4.3743,56.8323],[-4.2277,56.8576],[-4.1745,56.9117],[-4.0229,56.8888],[-3.9507,56.9471],[-3.8947,56.9228],[-3.8016,56.9359],[-3.7324,57.0567],[-3.6837,57.0952],[-3.5361,57.1672],[-3.4523,57.1769],[-3.4297,57.2233],[-3.4939,57.3047],[-3.3946,57.3711],[-3.4128,57.4236],[-3.5028,57.4607],[-3.7006,57.4362],[-3.6827,57.4898],[-3.7629,57.6305]]]]},"properties":{"LAD24CD":"S12000017","LAD24NM":"Highland"}},
{"type":"Feature","geometry":{"type":"Polygon","coordinates":[[[-4.6164,55.9304],[-4.8178,55.9629],[-4.8785,55.9426],[-4.8884,55.8747],[-4.7997,55.8926],[-4.7509,55.8498],[-4.6433,55.8391],[-4.5991,55.8797],[-4.6164,55.9304]]]},"properties":{"LAD24CD":"S12000018","LAD24NM":"Inverclyde"}},
{"type":"Feature","geometry":{"type":"Polygon","coordinates":[[[-2.8462,55.819],[-2.9372,55.8635],[-2.9669,55.9118],[-3.0886,55.9314],[-3.0927,55.8998],[-3.2015,55.8948],[-3.369,55.8241],[-3.2744,55.7753],[-3.1851,55.8017],[-3.1283,55.7103],[-3.0753,55.7598],[-2.9516,55.819],[-2.9411,55.7946],[-2.8462,55.819]]]},"properties":{"LAD24CD":"S12000019","LAD24NM":"Midlothian"}},
{"type":"Feature","geometry":{"type":"Polygon","coordinates":[[[-2.8015,57.6951],[-2.8803,57.7046],[-3.0272,57.6636],[-3.342,57.7249],[-3.4975,57.7042],[-3.5285,57.6644],[-3.644,57.6632],[-3.7629,57.6305],[-3.6827,57.4898],[-3.7006,57.4362],[-3.5028,57.4607],[-3.4128,57.4236],[-3.3946,57.3711],[-3.4939,57.3047],[-3.4297,57.2233],[-3.4523,57.1769],[-3.5361,57.1672],[-3.6837,57.0952],[-3.5168,57.0864],[-3.3781,57.0978],[-3.3225,57.1304],[-3.3535,57.1782],[-3.2426,57.2021],[-3.2085,57.2561],[-3.1432,57.2779],[-3.0191,57.2617],[-2.9519,57.3182],[-2.9545,57.3778],[-3.024,57.4052],[-2.9555,57.4385],[-3.0199,57.4495],[-2.9726,57.4967],[-2.8335,57.5384],[-2.7419,57.504],[-2.7084,57.5305],[-2.8106,57.6099],[-2.7724,57.6499],[-2.8015,57.6951]]]},"properties":{"LAD24CD":"S12000020","LAD24NM":"Moray"}},
{"type":"Feature","geometry":{"type":"MultiPolygon","coordinates":[[[[-5.2664,55.7211],[-5.3649,55.6783],[-5.3953,55.6113],[-5.3376,55.5495],[-5.3554,55.5067],[-5.3132,55.465],[-5.1966,55.4338],[-5.0836,55.4545],[-5.0829,55.5527],[-5.1603,55.5837],[-5.1281,55.6099],[-5.1611,55.6789],[-5.2664,55.7211]]],[[[-4.7509,55.8498],[-4.7997,55.8926],[-4.8884,55.8747],[-4.8573,55.7469],[-4.9054,55.6991],[-4.7945,55.6305],[-4.753,55.6296],[-4.6584,55.5684],[-4.5922,55.5979],[-4.5719,55.6484],[-4.6107,55.6765],[-4.5299,55.7446],[-4.5509,55.7664],[-4.6611,55.7597],[-4.7509,55.8498]]]]},"properties":{"LAD24CD":"S12000021","LAD24NM":"North Ayrshire"}},
{"type":"Feature","geometry":{"type":"MultiPolygon","coordinates":[[[[-3.2593,58.7869],[-3.2055,58.8269],[-3.2129,58.8781],[-3.3256,58.9277],[-3.4027,58.9222],[-3.4342,58.8737],[-3.297,58.7781],[-3.2593,58.7869]]],[[[-2.8022,59.0808],[-2.9024,59.0773],[-2.9339,59.0304],[-2.8252,59.0193],[-2.8022,59.0808]]],[[[-3.1979,59.154],[-3.325,59.1358],[-3.3662,59.0152],[-3.3557,58.9649],[-3.2509,58.9755],[-3.198,58.9132],[-3.0312,58.9392],[-2.9835,58.9626],[-2.8958,58.8904],[-2.9026,58.8432],[-2.9833,58.812],[-2.9613,58.7301],[-2.8963,58.819],[-2.8841,58.9002],[-2.8296,58.8747],[-2.712,58.922],[-2.7079,58.9727],[-2.8035,58.9471],[-2.8018,58.9908],[-2.9192,58.9654],[-3.0069,59.0101],[-3.1114,59.0043],[-3.0118,59.0388],[-3.0457,59.105],[-3.1979,59.154]]],[[[-2.6298,59.162],[-2.6736,59.1517],[-2.6056,59.0719],[-2.5271,59.0929],[-2.6298,59.162]]],[[[-3.0326,59.1785],[-3.1184,59.1726],[-3.0402,59.1265],[-2.9656,59.1351],[-2.9528,59.1799],[-3.0326,59.1785]]],[[[-2.7662,59.1918],[-2.8234,59.1946],[-2.7882,59.1381],[-2.7662,59.1918]]],[[[-2.408,59.2846],[-2.4239,59.312],[-2.545,59.2601],[-2.5293,59.303],[-2.6961,59.221],[-2.5238,59.2387],[-2.408,59.2846]]],[[[-3.0706,59.3296],[-2.9832,59.2593],[-2.8826,59.2859],[-2.9793,59.3359],[-3.0706,59.3296]]]]},"properties":{"LAD24CD":"S12000023","LAD24NM":"Orkney Islands"}},
{"type":"Feature","geometry":{"type":"Polygon","coordinates":[[[-2.0345,55.8112],[-2.1379,55.917],[-2.3654,55.9454],[-2.4668,55.8844],[-2.5047,55.9119],[-2.5942,55.8287],[-2.7772,55.8443],[-2.8462,55.819],[-2.9411,55.7946],[-2.9516,55.819],[-3.0753,55.7598],[-3.1283,55.7103],[-3.1851,55.8017],[-3.2744,55.7753],[-3.369,55.8241],[-3.3948,55.8197],[-3.4716,55.771],[-3.397,55.7107],[-3.53,55.6114],[-3.4866,55.5171],[-3.5396,55.4432],[-3.5074,55.4123],[-3.3543,55.4125],[-3.3316,55.4411],[-3.2436,55.4277],[-3.3028,55.3938],[-3.3037,55.3424],[-3.2174,55.3761],[-3.1272,55.3597],[-3.043,55.2715],[-2.9621,55.2903],[-2.8638,55.2364],[-2.9048,55.1737],[-2.8585,55.1083],[-2.6898,55.189],[-2.559,55.3179],[-2.4754,55.3547],[-2.3789,55.3492],[-2.3449,55.3993],[-2.2313,55.4284],[-2.2013,55.4753],[-2.2403,55.5556],[-2.336,55.6325],[-2.2483,55.6521],[-2.0345,55.8112]]]},"properties":{"LAD24CD":"S12000026","LAD24NM":"Scottish Borders"}},
{"type":"Feature","geometry":{"type":"MultiPolygon","coordinates":[[[[-1.0808,60.1884],[-1.1297,60.1843],[-1.1223,60.1199],[-1.0729,60.1027],[-1.0454,60.1664],[-1.0808,60.1884]]],[[[-0.9137,60.3772],[-1.0027,60.3692],[-0.9788,60.3314],[-0.9137,60.3772]]],[[[-0.8663,60.6327],[-0.9363,60.6308],[-0.8967,60.5869],[-0.8081,60.5989],[-0.8663,60.6327]]],[[[-1.5347,60.1799],[-1.4223,60.1647],[-1.2898,60.2546],[-1.3284,60.1642],[-1.2667,60.1374],[-1.3292,59.948],[-1.3816,59.8887],[-1.3189,59.8975],[-1.2777,59.8534],[-1.2039,60.1307],[-1.132,60.1489],[-1.2103,60.266],[-1.085,60.3251],[-1.1839,60.3498],[-1.0755,60.3567],[-1.141,60.3828],[-1.0534,60.4366],[-1.1192,60.4289],[-1.1639,60.3774],[-1.1674,60.442],[-1.2288,60.495],[-1.3202,60.4517],[-1.3088,60.6376],[-1.4212,60.6147],[-1.4346,60.5738],[-1.6107,60.5089],[-1.6128,60.4735],[-1.4537,60.4899],[-1.4527,60.416],[-1.3306,60.3374],[-1.3877,60.3137],[-1.5054,60.3195],[-1.5731,60.2875],[-1.671,60.3036],[-1.7032,60.2549],[-1.6253,60.2074],[-1.5148,60.2291],[-1.5347,60.1799]]],[[[-0.9998,60.7211],[-1.1278,60.7268],[-1.2032,60.6067],[-1.1679,60.4991],[-1.0375,60.5019],[-1.0031,60.5811],[-1.0323,60.6428],[-0.9832,60.6383],[-0.9998,60.7211]]],[[[-0.8759,60.8457],[-0.9549,60.7913],[-0.9843,60.7194],[-0.9475,60.6733],[-0.8707,60.7022],[-0.7664,60.8175],[-0.8759,60.8457]]]]},"properties":{"LAD24CD":"S12000027","LAD24NM":"Shetland Islands"}},
{"type":"Feature","geometry":{"type":"Polygon","coordinates":[[[-4.4618,55.1702],[-4.4291,55.254],[-4.438,55.3078],[-4.5646,55.3575],[-4.5198,55.3836],[-4.565,55.4263],[-4.4504,55.4119],[-4.4935,55.4702],[-4.3991,55.5108],[-4.4095,55.5533],[-4.5182,55.5654],[-4.5922,55.5979],[-4.6584,55.5684],[-4.6855,55.5466],[-4.6202,55.4982],[-4.6535,55.4414],[-4.7696,55.4006],[-4.7748,55.3599],[-4.8453,55.3249],[-4.8602,55.2271],[-4.9918,55.1435],[-5.0524,55.0513],[-5.0397,54.9977],[-4.9308,55.0514],[-4.7152,55.0375],[-4.6252,55.0684],[-4.6583,55.1199],[-4.565,55.158],[-4.4618,55.1702]]]},"properties":{"LAD24CD":"S12000028","LAD24NM":"South Ayrshire"}},
{"type":"Feature","geometry":{"type":"Polygon","coordinates":[[[-4.107,55.8347],[-4.203,55.8441],[-4.2507,55.7849],[-4.2231,55.7276],[-4.2469,55.679],[-4.175,55.6048],[-4.2426,55.5621],[-4.0816,55.5676],[-4.0396,55.5924],[-3.9587,55.5408],[-4.0257,55.4925],[-3.9862,55.4641],[-3.8255,55.4444],[-3.711,55.3632],[-3.6636,55.2918],[-3.574,55.3284],[-3.5785,55.385],[-3.5074,55.4123],[-3.5396,55.4432],[-3.4866,55.5171],[-3.53,55.6114],[-3.397,55.7107],[-3.4716,55.771],[-3.5915,55.8102],[-3.744,55.782],[-3.9301,55.7485],[-4.107,55.8347]]]},"properties":{"LAD24CD":"S12000029","LAD24NM":"South Lanarkshire"}},
{"type":"Feature","geometry":{"type":"Polygon","coordinates":[[[-3.8294,56.1965],[-3.8472,56.226],[-3.9404,56.228],[-4.0053,56.2749],[-4.1157,56.281],[-4.2373,56.329],[-4.1965,56.3867],[-4.2021,56.4578],[-4.0986,56.4653],[-4.1545,56.5103],[-4.2969,56.475],[-4.3312,56.539],[-4.6391,56.476],[-4.7264,56.4595],[-4.8545,56.3704],[-4.6585,56.3219],[-4.6971,56.2744],[-4.6956,56.2001],[-4.5982,56.0842],[-4.4755,56.0612],[-4.4824,56.0115],[-4.402,55.9718],[-4.2727,55.9653],[-4.2995,56.0174],[-4.1524,56.008],[-4.0201,56.028],[-3.9734,56.0486],[-3.8143,56.0528],[-3.8215,56.1007],[-3.8851,56.1291],[-3.8294,56.1965]]]},"properties":{"LAD24CD":"S12000030","LAD24NM":"Stirling"}},
{"type":"Feature","geometry":{"type":"Polygon","coordinates":[[[-2.0611,57.2123],[-2.1747,57.2103],[-2.2751,57.2343],[-2.2543,57.1584],[-2.317,57.08],[-2.1261,57.1184],[-2.0852,57.0859],[-2.0611,57.2123]]]},"properties":{"LAD24CD":"S12000033","LAD24NM":"Aberdeen City"}},
{"type":"Feature","geometry":{"type":"Polygon","coordinates":[[[-2.0611,57.2123],[-1.9899,57.306],[-1.8586,57.3898],[-1.7762,57.4727],[-1.8264,57.6145],[-1.9201,57.6749],[-2.1181,57.7011],[-2.1919,57.6713],[-2.2975,57.6962],[-2.3446,57.6699],[-2.5209,57.6706],[-2.8015,57.6951],[-2.7724,57.6499],[-2.8106,57.6099],[-2.7084,57.5305],[-2.7419,57.504],[-2.8335,57.5384],[-2.9726,57.4967],[-3.0199,57.4495],[-2.9555,57.4385],[-3.024,57.4052],[-2.9545,57.3778],[-2.9519,57.3182],[-3.0191,57.2617],[-3.1432,57.2779],[-3.2085,57.2561],[-3.2426,57.2021],[-3.3535,57.1782],[-3.3225,57.1304],[-3.3781,57.0978],[-3.5168,57.0864],[-3.6837,57.0952],[-3.7324,57.0567],[-3.8016,56.9359],[-3.7103,56.9136],[-3.5832,56.931],[-3.4657,56.8728],[-3.3721,56.8746],[-3.2842,56.9286],[-3.1203,56.8884],[-3.0832,56.9584],[-2.8924,56.9868],[-2.765,56.9598],[-2.6611,56.8857],[-2.6706,56.8423],[-2.6162,56.7835],[-2.5302,56.7853],[-2.425,56.7535],[-2.3259,56.7962],[-2.1965,56.9089],[-2.2092,56.9676],[-2.0852,57.0859],[-2.1261,57.1184],[-2.317,57.08],[-2.2543,57.1584],[-2.2751,57.2343],[-2.1747,57.2103],[-2.0611,57.2123]]]},"properties":{"LAD24CD":"S12000034","LAD24NM":"Aberdeenshire"}},
{"type":"Feature","geometry":{"type":"MultiPolygon","coordinates":[[[[-5.062,55.8591],[-5.1821,55.925],[-5.2214,55.9012],[-5.1292,55.8452],[-5.1204,55.7723],[-5.0042,55.7306],[-5.0247,55.8434],[-5.062,55.8591]]],[[[-6.1232,55.929],[-6.1974,55.9267],[-6.3048,55.8667],[-6.3292,55.8906],[-6.4546,55.8524],[-6.4571,55.7825],[-6.5257,55.6929],[-6.4885,55.6711],[-6.4148,55.706],[-6.3466,55.7841],[-6.2611,55.7847],[-6.3315,55.742],[-6.2582,55.658],[-6.3392,55.5911],[-6.2678,55.5791],[-6.0308,55.6836],[-6.0469,55.7636],[-6.084,55.7826],[-6.1321,55.8896],[-6.1232,55.929]]],[[[-6.1331,56.1212],[-6.2476,56.0834],[-6.2497,56.0342],[-6.1331,56.1212]]],[[[-5.7093,56.1495],[-5.95,56.0375],[-6.0059,55.9743],[-5.915,55.9563],[-6.027,55.947],[-6.0868,55.9002],[-6.0871,55.8313],[-6.0359,55.7954],[-5.9639,55.7926],[-5.9365,55.8674],[-5.845,55.9403],[-5.6876,56.1114],[-5.7093,56.1495]]],[[[-5.6723,56.1682],[-5.6901,56.2008],[-5.7443,56.1615],[-5.6723,56.1682]]],[[[-5.5855,56.3243],[-5.6542,56.2977],[-5.6261,56.266],[-5.5855,56.3243]]],[[[-5.4891,56.4211],[-5.5634,56.4082],[-5.5515,56.3728],[-5.4891,56.4211]]],[[[-6.2264,56.4994],[-6.2686,56.4784],[-6.1418,56.4713],[-6.2264,56.4994]]],[[[-5.4285,56.5618],[-5.5713,56.4977],[-5.507,56.4981],[-5.4285,56.5618]]],[[[-5.096,56.5285],[-5.1754,56.455],[-5.2487,56.4374],[-5.3505,56.4596],[-5.4839,56.4359],[-5.4728,56.4129],[-5.5141,56.3956],[-5.5777,56.3332],[-5.596,56.2501],[-5.5408,56.2175],[-5.6005,56.1611],[-5.5013,56.1861],[-5.6326,56.0525],[-5.7144,55.9493],[-5.5662,56.0413],[-5.6769,55.9303],[-5.6778,55.8869],[-5.609,55.9292],[-5.6644,55.7993],[-5.5894,55.7672],[-5.4355,55.8572],[-5.479,55.804],[-5.5698,55.7669],[-5.6631,55.6678],[-5.7162,55.5735],[-5.7222,55.4267],[-5.7963,55.3912],[-5.7998,55.3022],[-5.7554,55.2895],[-5.6036,55.3075],[-5.5203,55.3612],[-5.5523,55.4177],[-5.5104,55.4876],[-5.4837,55.6426],[-5.3943,55.752],[-5.3276,55.7646],[-5.3398,55.8272],[-5.4195,55.8965],[-5.4511,55.9719],[-5.4406,56.0379],[-5.4067,56.0011],[-5.2543,56.1139],[-5.1174,56.1707],[-5.0715,56.2384],[-4.9168,56.2722],[-5.0608,56.2078],[-5.1009,56.1568],[-5.2032,56.1286],[-5.338,55.9979],[-5.3522,55.8983],[-5.3124,55.8566],[-5.2044,55.8283],[-5.2422,55.8944],[-5.1787,55.9329],[-4.9789,55.8618],[-4.8976,55.9841],[-4.9144,56.0513],[-4.7897,56.182],[-4.8786,56.0535],[-4.8524,55.9899],[-4.7007,55.9931],[-4.6099,55.9466],[-4.6303,56.0027],[-4.5982,56.0842],[-4.6956,56.2001],[-4.6971,56.2744],[-4.6585,56.3219],[-4.8545,56.3704],[-4.7264,56.4595],[-4.6391,56.476],[-4.6862,56.4905],[-4.6976,56.55],[-4.5598,56.573],[-4.6264,56.6156],[-4.8785,56.566],[-4.9475,56.5757],[-4.9943,56.5421],[-5.096,56.5285]]],[[[-6.7263,56.5408],[-6.7545,56.5559],[-6.8743,56.5187],[-6.951,56.529],[-6.98,56.4518],[-6.8942,56.4453],[-6.8777,56.4884],[-6.7263,56.5408]]],[[[-5.0975,56.5357],[-5.08,56.6095],[-5.2138,56.6319],[-5.2165,56.6022],[-5.325,56.6207],[-5.43,56.5219],[-5.407,56.4589],[-5.3465,56.4718],[-5.1845,56.4608],[-5.0975,56.5357]]],[[[-6.1126,56.6439],[-6.227,56.6334],[-6.2236,56.6047],[-6.3238,56.6062],[-6.2797,56.5773],[-6.3405,56.5372],[-6.2254,56.5289],[-6.1232,56.473],[-6.0018,56.478],[-6.1252,56.4486],[-6.206,56.3852],[-6.1949,56.3588],[-6.0186,56.3645],[-6.1903,56.3322],[-6.3513,56.3467],[-6.3769,56.3088],[-6.3201,56.2696],[-6.2455,56.2886],[-6.0442,56.2931],[-5.9868,56.3229],[-5.8341,56.3109],[-5.6795,56.3837],[-5.6616,56.4482],[-5.7969,56.5151],[-5.9515,56.518],[-5.9894,56.5797],[-6.1126,56.6439]]],[[[-6.4534,56.6878],[-6.4947,56.6905],[-6.6122,56.6378],[-6.6554,56.5935],[-6.6109,56.5753],[-6.506,56.6166],[-6.4534,56.6878]]]]},"properties":{"LAD24CD":"S12000035","LAD24NM":"Argyll and Bute"}},
{"type":"Feature","geometry":{"type":"Polygon","coordinates":[[[-3.077,55.9468],[-3.1823,55.9914],[-3.3038,55.9753],[-3.426,55.9939],[-3.4442,55.9077],[-3.3877,55.9029],[-3.3948,55.8197],[-3.369,55.8241],[-3.2015,55.8948],[-3.0927,55.8998],[-3.0886,55.9314],[-3.077,55.9468]]]},"properties":{"LAD24CD":"S12000036","LAD24NM":"City of Edinburgh"}},
{"type":"Feature","geometry":{"type":"Polygon","coordinates":[[[-4.3932,55.8891],[-4.4841,55.9283],[-4.5755,55.9341],[-4.6164,55.9304],[-4.5991,55.8797],[-4.6433,55.8391],[-4.7509,55.8498],[-4.6611,55.7597],[-4.5509,55.7664],[-4.4951,55.8014],[-4.3814,55.8231],[-4.3932,55.8891]]]},"properties":{"LAD24CD":"S12000038","LAD24NM":"Renfrewshire"}},
{"type":"Feature","geometry":{"type":"Polygon","coordinates":[[[-4.402,55.9718],[-4.4824,56.0115],[-4.4755,56.0612],[-4.5982,56.0842],[-4.6303,56.0027],[-4.6099,55.9466],[-4.5755,55.9341],[-4.4841,55.9283],[-4.3932,55.8891],[-4.3796,55.921],[-4.402,55.9718]]]},"properties":{"LAD24CD":"S12000039","LAD24NM":"West Dunbartonshire"}},
{"type":"Feature","geometry":{"type":"Polygon","coordinates":[[[-3.426,55.9939],[-3.509,56.0011],[-3.6,55.9968],[-3.7821,55.9016],[-3.8226,55.8965],[-3.7111,55.8738],[-3.744,55.782],[-3.5915,55.8102],[-3.4716,55.771],[-3.3948,55.8197],[-3.3877,55.9029],[-3.4442,55.9077],[-3.426,55.9939]]]},"properties":{"LAD24CD":"S12000040","LAD24NM":"West Lothian"}},
{"type":"Feature","geometry":{"type":"Polygon","coordinates":[[[-2.425,56.7535],[-2.5302,56.7853],[-2.6162,56.7835],[-2.6706,56.8423],[-2.6611,56.8857],[-2.765,56.9598],[-2.8924,56.9868],[-3.0832,56.9584],[-3.1203,56.8884],[-3.2842,56.9286],[-3.3721,56.8746],[-3.407,56.8434],[-3.3516,56.8203],[-3.3898,56.7692],[-3.3085,56.6899],[-3.1513,56.6532],[-3.1913,56.6219],[-3.1327,56.5791],[-3.1902,56.5613],[-3.1916,56.5033],[-3.0894,56.4669],[-3.0317,56.5025],[-2.8384,56.4925],[-2.8397,56.4737],[-2.7332,56.4661],[-2.716,56.4954],[-2.5375,56.5669],[-2.4802,56.6214],[-2.5113,56.6516],[-2.4531,56.6786],[-2.425,56.7535]]]},"properties":{"LAD24CD":"S12000041","LAD24NM":"Angus"}},
{"type":"Feature","geometry":{"type":"Polygon","coordinates":[[[-2.8397,56.4737],[-2.8384,56.4925],[-3.0317,56.5025],[-3.0894,56.4669],[-3.0521,56.4583],[-2.8397,56.4737]]]},"properties":{"LAD24CD":"S12000042","LAD24NM":"Dundee City"}},
{"type":"Feature","geometry":{"type":"Polygon","coordinates":[[[-4.1524,56.008],[-4.2995,56.0174],[-4.2727,55.9653],[-4.402,55.9718],[-4.3796,55.921],[-4.3278,55.8997],[-4.2684,55.9285],[-4.1804,55.9049],[-4.0579,55.9235],[-4.0628,55.9682],[-4.123,55.9531],[-4.1524,56.008]]]},"properties":{"LAD24CD":"S12000045","LAD24NM":"East Dunbartonshire"}},
{"type":"Feature","geometry":{"type":"Polygon","coordinates":[[[-3.7394,56.0771],[-3.6863,56.0481],[-3.5755,56.0589],[-3.3914,56.0061],[-3.3954,56.0292],[-3.1744,56.0626],[-3.151,56.1167],[-2.9433,56.2135],[-2.8123,56.1837],[-2.6924,56.2212],[-2.5855,56.2791],[-2.6604,56.3183],[-2.7775,56.3327],[-2.8198,56.3679],[-2.8083,56.4415],[-2.9219,56.4514],[-3.2263,56.3551],[-3.2746,56.3506],[-3.2937,56.2887],[-3.3837,56.2688],[-3.28,56.2338],[-3.2609,56.1961],[-3.3699,56.1458],[-3.6283,56.1328],[-3.7394,56.0771]]]},"properties":{"LAD24CD":"S12000047","LAD24NM":"Fife"}},
{"type":"Feature","geometry":{"type":"Polygon","coordinates":[[[-3.8016,56.9359],[-3.8947,56.9228],[-3.9507,56.9471],[-4.0229,56.8888],[-4.1745,56.9117],[-4.2277,56.8576],[-4.3743,56.8323],[-4.4418,56.7738],[-4.5205,56.8053],[-4.5899,56.7599],[-4.592,56.6932],[-4.7175,56.6766],[-4.7154,56.6423],[-4.6298,56.655],[-4.6264,56.6156],[-4.5598,56.573],[-4.6976,56.55],[-4.6862,56.4905],[-4.6391,56.476],[-4.3312,56.539],[-4.2969,56.475],[-4.1545,56.5103],[-4.0986,56.4653],[-4.2021,56.4578],[-4.1965,56.3867],[-4.2373,56.329],[-4.1157,56.281],[-4.0053,56.2749],[-3.9404,56.228],[-3.8472,56.226],[-3.8294,56.1965],[-3.5752,56.1961],[-3.6479,56.1597],[-3.6283,56.1328],[-3.3699,56.1458],[-3.2609,56.1961],[-3.28,56.2338],[-3.3837,56.2688],[-3.2937,56.2887],[-3.2746,56.3506],[-3.0521,56.4583],[-3.0894,56.4669],[-3.1916,56.5033],[-3.1902,56.5613],[-3.1327,56.5791],[-3.1913,56.6219],[-3.1513,56.6532],[-3.3085,56.6899],[-3.3898,56.7692],[-3.3516,56.8203],[-3.407,56.8434],[-3.3721,56.8746],[-3.4657,56.8728],[-3.5832,56.931],[-3.7103,56.9136],[-3.8016,56.9359]]]},"properties":{"LAD24CD":"S12000048","LAD24NM":"Perth and Kinross"}},
{"type":"Feature","geometry":{"type":"Polygon","coordinates":[[[-4.1804,55.9049],[-4.2684,55.9285],[-4.3278,55.8997],[-4.3796,55.921],[-4.3932,55.8891],[-4.3814,55.8231],[-4.3721,55.7948],[-4.2607,55.811],[-4.2507,55.7849],[-4.203,55.8441],[-4.107,55.8347],[-4.0788,55.8816],[-4.1804,55.9049]]]},"properties":{"LAD24CD":"S12000049","LAD24NM":"Glasgow City"}},
{"type":"Feature","geometry":{"type":"Polygon","coordinates":[[[-4.0201,56.028],[-4.1524,56.008],[-4.123,55.9531],[-4.0628,55.9682],[-4.0579,55.9235],[-4.1804,55.9049],[-4.0788,55.8816],[-4.107,55.8347],[-3.9301,55.7485],[-3.744,55.782],[-3.7111,55.8738],[-3.8226,55.8965],[-3.9038,55.9379],[-4.0201,56.028]]]},"properties":{"LAD24CD":"S12000050","LAD24NM":"North Lanarkshire"}},
{"type":"Feature","geometry":{"type":"MultiPolygon","coordinates":[[[[-4.644,53.3204],[-4.6815,53.3225],[-4.597,53.2404],[-4.585,53.3012],[-4.644,53.3204]]],[[[-4.4094,53.4237],[-4.5741,53.4034],[-4.5551,53.3737],[-4.5886,53.2813],[-4.4436,53.155],[-4.355,53.1344],[-4.2185,53.1856],[-4.2028,53.2158],[-4.1007,53.2547],[-4.0402,53.3106],[-4.1197,53.3192],[-4.2041,53.2922],[-4.2301,53.3577],[-4.2957,53.3646],[-4.293,53.4111],[-4.4094,53.4237]]]]},"properties":{"LAD24CD":"W06000001","LAD24NM":"Isle of Anglesey"}},
{"type":"Feature","geometry":{"type":"Polygon","coordinates":[[[-3.458,52.9849],[-3.583,52.9675],[-3.5996,53.0117],[-3.8132,52.9494],[-3.8989,53.0206],[-3.9854,53.0107],[-3.9771,53.0689],[-4.0313,53.1056],[-3.9353,53.2149],[-4.0074,53.2469],[-4.1224,53.2371],[-4.3119,53.1272],[-4.3539,53.0332],[-4.5196,52.9403],[-4.6498,52.9062],[-4.7669,52.7967],[-4.644,52.7998],[-4.6015,52.8249],[-4.4865,52.7948],[-4.5062,52.825],[-4.3872,52.8959],[-4.2191,52.9191],[-4.1452,52.8937],[-4.119,52.848],[-4.1506,52.8083],[-4.0589,52.7178],[-3.9892,52.7361],[-4.095,52.6684],[-4.1286,52.6117],[-4.0644,52.5414],[-3.9418,52.5578],[-3.9265,52.5608],[-3.8419,52.5999],[-3.8081,52.6779],[-3.7094,52.6711],[-3.602,52.705],[-3.5865,52.8277],[-3.483,52.8655],[-3.4914,52.9337],[-3.458,52.9849]]]},"properties":{"LAD24CD":"W06000002","LAD24NM":"Gwynedd"}},
{"type":"Feature","geometry":{"type":"Polygon","coordinates":[[[-3.5052,53.3135],[-3.6058,53.2908],[-3.7069,53.2937],[-3.7752,53.3283],[-4.0074,53.2469],[-3.9353,53.2149],[-4.0313,53.1056],[-3.9771,53.0689],[-3.9854,53.0107],[-3.8989,53.0206],[-3.8132,52.9494],[-3.5996,53.0117],[-3.583,52.9675],[-3.458,52.9849],[-3.4869,53.084],[-3.5649,53.0947],[-3.5341,53.1399],[-3.461,53.165],[-3.466,53.2208],[-3.5331,53.2489],[-3.5052,53.3135]]]},"properties":{"LAD24CD":"W06000003","LAD24NM":"Conwy"}},
{"type":"Feature","geometry":{"type":"Polygon","coordinates":[[[-3.1296,53.0724],[-3.1823,53.154],[-3.2712,53.1575],[-3.3618,53.2531],[-3.3296,53.2734],[-3.4006,53.3138],[-3.3667,53.3514],[-3.5052,53.3135],[-3.5331,53.2489],[-3.466,53.2208],[-3.461,53.165],[-3.5341,53.1399],[-3.5649,53.0947],[-3.4869,53.084],[-3.458,52.9849],[-3.4914,52.9337],[-3.483,52.8655],[-3.375,52.8925],[-3.3243,52.9318],[-3.0967,52.9592],[-3.1488,52.9986],[-3.1296,53.0724]]]},"properties":{"LAD24CD":"W06000004","LAD24NM":"Denbighshire"}},
{"type":"Feature","geometry":{"type":"Polygon","coordinates":[[[-3.086,53.2568],[-3.0661,53.2271],[-3.3124,53.3423],[-3.3667,53.3514],[-3.4006,53.3138],[-3.3296,53.2734],[-3.3618,53.2531],[-3.2712,53.1575],[-3.1823,53.154],[-3.1296,53.0724],[-2.9638,53.1328],[-2.9951,53.1542],[-2.9223,53.1893],[-3.036,53.2518],[-3.086,53.2568]]]},"properties":{"LAD24CD":"W06000005","LAD24NM":"Flintshire"}},
{"type":"Feature","geometry":{"type":"Polygon","coordinates":[[[-2.7268,52.9833],[-2.836,52.9972],[-2.8757,53.0815],[-2.9638,53.1328],[-3.1296,53.0724],[-3.1488,52.9986],[-3.0967,52.9592],[-3.3243,52.9318],[-3.375,52.8925],[-3.233,52.867],[-3.1475,52.8902],[-3.096,52.9303],[-3.0351,52.9295],[-2.975,52.969],[-2.9289,52.9387],[-2.841,52.9426],[-2.7988,52.8958],[-2.7284,52.9253],[-2.7268,52.9833]]]},"properties":{"LAD24CD":"W06000006","LAD24NM":"Wrexham"}},
{"type":"Feature","geometry":{"type":"Polygon","coordinates":[[[-3.7578,52.1282],[-3.7316,52.2715],[-3.745,52.3176],[-3.6582,52.3476],[-3.7121,52.4134],[-3.7716,52.4422],[-3.7333,52.5066],[-3.8125,52.4789],[-3.8409,52.5514],[-3.9265,52.5608],[-3.9418,52.5578],[-4.0563,52.5323],[-4.0517,52.4816],[-4.1404,52.3225],[-4.2075,52.2637],[-4.325,52.2136],[-4.3776,52.2157],[-4.5186,52.135],[-4.6419,52.1383],[-4.6886,52.1042],[-4.6649,52.0578],[-4.5598,52.0437],[-4.2345,52.0382],[-4.144,52.0943],[-4.0181,52.0971],[-3.9405,52.1384],[-3.7578,52.1282]]]},"properties":{"LAD24CD":"W06000008","LAD24NM":"Ceredigion"}},
{"type":"Feature","geometry":{"type":"Polygon","coordinates":[[[-4.6886,52.1042],[-4.91,52.0349],[-4.97,51.9974],[-5.0713,52.0301],[-5.0858,51.9682],[-5.1964,51.9506],[-5.3055,51.9083],[-5.3198,51.8617],[-5.1378,51.8639],[-5.1076,51.7742],[-5.254,51.7382],[-5.1872,51.7089],[-5.1051,51.7236],[-4.9767,51.6882],[-5.1051,51.6921],[-5.0594,51.6206],[-4.9249,51.5972],[-4.8608,51.6471],[-4.7111,51.6518],[-4.6966,51.7127],[-4.6322,51.7352],[-4.6169,51.8116],[-4.7043,51.8391],[-4.7134,51.9158],[-4.6356,51.9186],[-4.4871,51.9887],[-4.5598,52.0437],[-4.6649,52.0578],[-4.6886,52.1042]]]},"properties":{"LAD24CD":"W06000009","LAD24NM":"Pembrokeshire"}},
{"type":"Feature","geometry":{"type":"Polygon","coordinates":[[[-3.7578,52.1282],[-3.9405,52.1384],[-4.0181,52.0971],[-4.144,52.0943],[-4.2345,52.0382],[-4.5598,52.0437],[-4.4871,51.9887],[-4.6356,51.9186],[-4.7134,51.9158],[-4.7043,51.8391],[-4.6169,51.8116],[-4.6322,51.7352],[-4.4632,51.7317],[-4.3635,51.7965],[-4.3483,51.6951],[-4.1823,51.6807],[-4.1462,51.6547],[-4.0813,51.6839],[-4.0814,51.6841],[-4.0514,51.6998],[-4.0433,51.7065],[-4.0493,51.7296],[-3.9365,51.7714],[-3.8999,51.8036],[-3.8067,51.788],[-3.7138,51.8871],[-3.7112,51.9619],[-3.6471,52.0388],[-3.7578,52.1282]]]},"properties":{"LAD24CD":"W06000010","LAD24NM":"Carmarthenshire"}},
{"type":"Feature","geometry":{"type":"Polygon","coordinates":[[[-3.9365,51.7714],[-4.0493,51.7296],[-4.0433,51.7065],[-4.0514,51.6998],[-4.133,51.6325],[-4.2455,51.6476],[-4.3092,51.6096],[-4.2788,51.5615],[-4.2108,51.5371],[-4.1113,51.5699],[-3.9768,51.5685],[-3.9939,51.5987],[-3.8864,51.6175],[-3.8427,51.6974],[-3.9365,51.7714]]]},"properties":{"LAD24CD":"W06000011","LAD24NM":"Swansea"}},
{"type":"Feature","geometry":{"type":"Polygon","coordinates":[[[-3.8067,51.788],[-3.8999,51.8036],[-3.9365,51.7714],[-3.8427,51.6974],[-3.8864,51.6175],[-3.8508,51.6145],[-3.7623,51.5348],[-3.6566,51.5392],[-3.6944,51.5943],[-3.6657,51.6412],[-3.5633,51.6455],[-3.5913,51.7546],[-3.6704,51.7872],[-3.7703,51.7545],[-3.8067,51.788]]]},"properties":{"LAD24CD":"W06000012","LAD24NM":"Neath Port Talbot"}},
{"type":"Feature","geometry":{"type":"Polygon","coordinates":[[[-3.4975,51.5126],[-3.463,51.5434],[-3.4725,51.6013],[-3.5633,51.6455],[-3.6657,51.6412],[-3.6944,51.5943],[-3.6566,51.5392],[-3.7623,51.5348],[-3.7208,51.4797],[-3.6399,51.4707],[-3.6264,51.4742],[-3.6212,51.4755],[-3.4975,51.5126]]]},"properties":{"LAD24CD":"W06000013","LAD24NM":"Bridgend"}},
{"type":"Feature","geometry":{"type":"Polygon","coordinates":[[[-3.3357,51.5084],[-3.4975,51.5126],[-3.6212,51.4755],[-3.559,51.4013],[-3.3424,51.3811],[-3.1697,51.4063],[-3.1659,51.444],[-3.2711,51.4651],[-3.3357,51.5084]]]},"properties":{"LAD24CD":"W06000014","LAD24NM":"Vale of Glamorgan"}},
{"type":"Feature","geometry":{"type":"Polygon","coordinates":[[[-3.1189,51.5456],[-3.2377,51.5526],[-3.3412,51.5353],[-3.3357,51.5084],[-3.2711,51.4651],[-3.1659,51.444],[-3.0835,51.5017],[-3.1189,51.5456]]]},"properties":{"LAD24CD":"W06000015","LAD24NM":"Cardiff"}},
{"type":"Feature","geometry":{"type":"Polygon","coordinates":[[[-3.4442,51.8165],[-3.5913,51.7546],[-3.5633,51.6455],[-3.4725,51.6013],[-3.463,51.5434],[-3.4975,51.5126],[-3.3357,51.5084],[-3.3412,51.5353],[-3.2377,51.5526],[-3.3139,51.6447],[-3.4531,51.7617],[-3.4442,51.8165]]]},"properties":{"LAD24CD":"W06000016","LAD24NM":"Rhondda Cynon Taf"}},
{"type":"Feature","geometry":{"type":"Polygon","coordinates":[[[-3.1161,51.6908],[-3.2101,51.7501],[-3.2229,51.7231],[-3.3101,51.7943],[-3.3345,51.7904],[-3.2739,51.6823],[-3.3139,51.6447],[-3.2377,51.5526],[-3.1189,51.5456],[-3.0818,51.6194],[-3.1161,51.6908]]]},"properties":{"LAD24CD":"W06000018","LAD24NM":"Caerphilly"}},
{"type":"Feature","geometry":{"type":"Polygon","coordinates":[[[-3.1574,51.8161],[-3.2834,51.8255],[-3.3101,51.7943],[-3.2229,51.7231],[-3.2101,51.7501],[-3.1161,51.6908],[-3.1061,51.7613],[-3.1342,51.7928],[-3.1574,51.8161]]]},"properties":{"LAD24CD":"W06000019","LAD24NM":"Blaenau Gwent"}},
{"type":"Feature","geometry":{"type":"Polygon","coordinates":[[[-2.9589,51.6288],[-3.0035,51.6691],[-2.9835,51.7154],[-3.0313,51.7227],[-3.0589,51.7836],[-3.1342,51.7928],[-3.1061,51.7613],[-3.1161,51.6908],[-3.0818,51.6194],[-2.9589,51.6288]]]},"properties":{"LAD24CD":"W06000020","LAD24NM":"Torfaen"}},
{"type":"Feature","geometry":{"type":"Polygon","coordinates":[[[-2.6504,51.8261],[-2.7197,51.8489],[-2.8778,51.9338],[-2.9718,51.905],[-3.0674,51.9831],[-3.0931,51.9652],[-3.0401,51.8846],[-3.1574,51.8161],[-3.1342,51.7928],[-3.0589,51.7836],[-3.0313,51.7227],[-2.9835,51.7154],[-3.0035,51.6691],[-2.9589,51.6288],[-2.8345,51.6484],[-2.8592,51.5794],[-2.8222,51.5539],[-2.7126,51.5824],[-2.6633,51.6356],[-2.6875,51.7304],[-2.6504,51.8261]]]},"properties":{"LAD24CD":"W06000021","LAD24NM":"Monmouthshire"}},
{"type":"Feature","geometry":{"type":"Polygon","coordinates":[[[-2.8222,51.5539],[-2.8592,51.5794],[-2.8345,51.6484],[-2.9589,51.6288],[-3.0818,51.6194],[-3.1189,51.5456],[-3.0835,51.5017],[-2.9887,51.5495],[-2.9049,51.5324],[-2.8222,51.5539]]]},"properties":{"LAD24CD":"W06000022","LAD24NM":"Newport"}},
{"type":"Feature","geometry":{"type":"Polygon","coordinates":[[[-3.1475,52.8902],[-3.233,52.867],[-3.375,52.8925],[-3.483,52.8655],[-3.5865,52.8277],[-3.602,52.705],[-3.7094,52.6711],[-3.8081,52.6779],[-3.8419,52.5999],[-3.9265,52.5608],[-3.8409,52.5514],[-3.8125,52.4789],[-3.7333,52.5066],[-3.7716,52.4422],[-3.7121,52.4134],[-3.6582,52.3476],[-3.745,52.3176],[-3.7316,52.2715],[-3.7578,52.1282],[-3.6471,52.0388],[-3.7112,51.9619],[-3.7138,51.8871],[-3.8067,51.788],[-3.7703,51.7545],[-3.6704,51.7872],[-3.5913,51.7546],[-3.4442,51.8165],[-3.3345,51.7904],[-3.3101,51.7943],[-3.2834,51.8255],[-3.1574,51.8161],[-3.0401,51.8846],[-3.0931,51.9652],[-3.0674,51.9831],[-3.1259,52.0783],[-3.1359,52.1379],[-3.073,52.2359],[-3.0058,52.2643],[-3.0009,52.3218],[-2.9547,52.3492],[-3.0402,52.3443],[-3.1544,52.3877],[-3.2356,52.4425],[-3.1972,52.476],[-3.0292,52.5013],[-3.0142,52.5755],[-3.1115,52.5414],[-3.1395,52.5857],[-3.0896,52.5995],[-3.047,52.6913],[-2.9651,52.7323],[-3.0171,52.7676],[-3.1609,52.7957],[-3.1475,52.8902]]]},"properties":{"LAD24CD":"W06000023","LAD24NM":"Powys"}},
{"type":"Feature","geometry":{"type":"Polygon","coordinates":[[[-3.3345,51.7904],[-3.4442,51.8165],[-3.4531,51.7617],[-3.3139,51.6447],[-3.2739,51.6823],[-3.3345,51.7904]]]},"properties":{"LAD24CD":"W06000024","LAD24NM":"Merthyr Tydfil"}}
]}