{"type":"FeatureCollection", "features": [
{"type":"Feature","geometry":{"type":"Polygon","coordinates":[[[-0.7755,51.332],[-0.7871,51.3392],[-0.8374,51.3529],[-0.8429,51.3523],[-0.831,51.3475],[-0.839,51.3223],[-0.8336,51.299],[-0.7971,51.3024],[-0.8072,51.2757],[-0.8047,51.2451],[-0.776,51.242],[-0.7455,51.2305],[-0.7358,51.2377],[-0.7311,51.2803],[-0.7442,51.3093],[-0.7755,51.332]]]},"properties":{"PCON24CD":"E14001063","PCON24NM":"Aldershot"}},
{"type":"Feature","geometry":{"type":"Polygon","coordinates":[[[-1.9051,52.6432],[-1.9337,52.6616],[-1.9546,52.6627],[-1.9646,52.6409],[-1.9866,52.6404],[-1.9909,52.6367],[-1.9423,52.5914],[-1.9499,52.5723],[-1.9425,52.5605],[-1.9182,52.5473],[-1.8916,52.5625],[-1.8726,52.5849],[-1.8923,52.5992],[-1.8849,52.6105],[-1.916,52.6353],[-1.9051,52.6432]]]},"properties":{"PCON24CD":"E14001064","PCON24NM":"Aldridge-Brownhills"}},
{"type":"Feature","geometry":{"type":"Polygon","coordinates":[[[-2.316,53.4347],[-2.3409,53.4364],[-2.3723,53.4157],[-2.4067,53.4105],[-2.4537,53.4132],[-2.4784,53.3962],[-2.4484,53.3948],[-2.4109,53.3839],[-2.3656,53.3633],[-2.34,53.3674],[-2.314,53.3574],[-2.3001,53.36],[-2.2857,53.3762],[-2.3199,53.4116],[-2.3455,53.4079],[-2.316,53.4347]]]},"properties":{"PCON24CD":"E14001065","PCON24NM":"Altrincham and Sale West"}},
{"type":"Feature","geometry":{"type":"Polygon","coordinates":[[[-1.3316,53.081],[-1.3732,53.1078],[-1.4482,53.1037],[-1.4654,53.1108],[-1.4581,53.0835],[-1.4817,53.0475],[-1.4431,53.0366],[-1.4714,52.9965],[-1.4448,52.9788],[-1.3328,52.9782],[-1.3074,53.0036],[-1.3312,53.0319],[-1.3359,53.053],[-1.3316,53.081]]]},"properties":{"PCON24CD":"E14001066","PCON24NM":"Amber Valley"}},
{"type":"Feature","geometry":{"type":"MultiPolygon","coordinates":[[[[-0.2387,50.95],[-0.2739,50.9548],[-0.3021,50.9366],[-0.3022,50.9363],[-0.2929,50.8995],[-0.2929,50.8994],[-0.3095,50.8887],[-0.3031,50.8799],[-0.3035,50.8722],[-0.2982,50.8681],[-0.2984,50.8655],[-0.2999,50.8647],[-0.2925,50.8629],[-0.2879,50.8642],[-0.2695,50.8637],[-0.2566,50.8623],[-0.245,50.8638],[-0.2392,50.8679],[-0.2387,50.95]]],[[[-0.5442,50.8963],[-0.5666,50.8291],[-0.5382,50.8308],[-0.5156,50.826],[-0.5036,50.8335],[-0.4983,50.8622],[-0.4766,50.8851],[-0.4495,50.8822],[-0.396,50.8919],[-0.3646,50.8745],[-0.3397,50.8625],[-0.3136,50.8645],[-0.3076,50.8665],[-0.2987,50.8663],[-0.3037,50.872],[-0.3034,50.8798],[-0.3097,50.8888],[-0.2929,50.8994],[-0.2929,50.8995],[-0.3022,50.9363],[-0.3021,50.9366],[-0.3212,50.948],[-0.3829,50.9408],[-0.4309,51.0027],[-0.4768,51.0206],[-0.4921,51.0944],[-0.6874,51.0755],[-0.7623,51.0855],[-0.7954,51.0649],[-0.8501,51.0593],[-0.8953,51.0234],[-0.9312,50.9353],[-0.8474,50.9492],[-0.7844,50.9396],[-0.7595,50.896],[-0.7214,50.8866],[-0.6866,50.8211],[-0.6553,50.8044],[-0.6223,50.8259],[-0.6227,50.833],[-0.5695,50.832],[-0.5561,50.9054],[-0.5194,50.9562],[-0.5195,50.9562],[-0.5194,50.9562],[-0.5015,50.9517],[-0.5003,50.9514],[-0.4968,50.953],[-0.4958,50.9528],[-0.4877,50.9526],[-0.4873,50.9525],[-0.4877,50.9526],[-0.4958,50.9528],[-0.4968,50.953],[-0.5003,50.9514],[-0.5015,50.9517],[-0.5442,50.8963]]]]},"properties":{"PCON24CD":"E14001067","PCON24NM":"Arundel and South Downs"}},
{"type":"Feature","geometry":{"type":"Polygon","coordinates":[[[-1.2299,53.1785],[-1.2547,53.1648],[-1.296,53.1712],[-1.3256,53.1565],[-1.3029,53.0882],[-1.3316,53.081],[-1.3359,53.053],[-1.2576,53.0409],[-1.2286,53.052],[-1.2262,53.0813],[-1.1676,53.1159],[-1.1938,53.1199],[-1.2379,53.1397],[-1.2409,53.153],[-1.214,53.1661],[-1.2299,53.1785]]]},"properties":{"PCON24CD":"E14001068","PCON24NM":"Ashfield"}},
{"type":"Feature","geometry":{"type":"Polygon","coordinates":[[[1.1476,51.1772],[1.0801,51.1918],[0.9897,51.1908],[0.9503,51.1995],[0.8387,51.1613],[0.8382,51.1274],[0.9735,51.1072],[0.9835,51.0911],[1.0364,51.0856],[1.0821,51.1045],[1.2027,51.0996],[1.1789,51.1345],[1.2111,51.1515],[1.1476,51.1772]]]},"properties":{"PCON24CD":"E14001069","PCON24NM":"Ashford"}},
{"type":"Feature","geometry":{"type":"Polygon","coordinates":[[[-2.0619,53.5223],[-2.0921,53.5206],[-2.1033,53.5097],[-2.1197,53.5057],[-2.1409,53.4911],[-2.1666,53.4909],[-2.1677,53.4801],[-2.1499,53.4709],[-2.1302,53.4649],[-2.0984,53.4636],[-2.0777,53.4665],[-2.0759,53.4785],[-2.0562,53.506],[-2.0619,53.5223]]]},"properties":{"PCON24CD":"E14001070","PCON24NM":"Ashton-under-Lyne"}},
{"type":"Feature","geometry":{"type":"Polygon","coordinates":[[[-0.7022,51.9091],[-0.8341,51.8985],[-0.859,51.8592],[-0.8607,51.8258],[-0.8202,51.7935],[-0.7651,51.7779],[-0.6734,51.7685],[-0.6854,51.8002],[-0.7445,51.8374],[-0.6923,51.857],[-0.6672,51.8158],[-0.6119,51.812],[-0.5536,51.8268],[-0.5773,51.866],[-0.6603,51.8945],[-0.7022,51.9091]]]},"properties":{"PCON24CD":"E14001071","PCON24NM":"Aylesbury"}},
{"type":"Feature","geometry":{"type":"Polygon","coordinates":[[[-1.2518,52.102],[-1.3319,52.1685],[-1.341,52.1449],[-1.4801,52.0936],[-1.4993,52.0636],[-1.5243,51.994],[-1.6123,51.9554],[-1.6658,51.9875],[-1.6289,51.9532],[-1.6333,51.8996],[-1.5789,51.8982],[-1.5209,51.838],[-1.4756,51.838],[-1.4368,51.8445],[-1.3826,51.9206],[-1.2351,51.9394],[-1.2006,51.9779],[-1.2873,51.9876],[-1.308,52.0923],[-1.2518,52.102]]]},"properties":{"PCON24CD":"E14001072","PCON24NM":"Banbury"}},
{"type":"Feature","geometry":{"type":"MultiPolygon","coordinates":[[[[0.0733,51.5294],[0.0693,51.544],[0.0684,51.5444],[0.067,51.5396],[0.0733,51.5294]]],[[[0.1432,51.5154],[0.1482,51.5353],[0.1616,51.5434],[0.1453,51.5558],[0.1272,51.5556],[0.125,51.5643],[0.1111,51.5525],[0.0935,51.5459],[0.0697,51.544],[0.0764,51.5298],[0.0922,51.5267],[0.0958,51.5168],[0.1066,51.514],[0.1267,51.5196],[0.1432,51.5154]]]]},"properties":{"PCON24CD":"E14001073","PCON24NM":"Barking"}},
{"type":"Feature","geometry":{"type":"Polygon","coordinates":[[[-1.3487,53.5833],[-1.3638,53.6018],[-1.4004,53.5987],[-1.448,53.6117],[-1.4786,53.5984],[-1.5014,53.5998],[-1.5364,53.5938],[-1.5576,53.6059],[-1.5742,53.5869],[-1.4975,53.5535],[-1.4642,53.5395],[-1.4483,53.5538],[-1.3321,53.5629],[-1.3487,53.5833]]]},"properties":{"PCON24CD":"E14001074","PCON24NM":"Barnsley North"}},
{"type":"Feature","geometry":{"type":"Polygon","coordinates":[[[-1.3321,53.5629],[-1.4483,53.5538],[-1.4642,53.5395],[-1.4975,53.5535],[-1.5075,53.5388],[-1.4816,53.5256],[-1.4904,53.5099],[-1.4552,53.4718],[-1.4056,53.5048],[-1.3801,53.5142],[-1.3124,53.5138],[-1.2813,53.5165],[-1.2886,53.5438],[-1.3321,53.5629]]]},"properties":{"PCON24CD":"E14001075","PCON24NM":"Barnsley South"}},
{"type":"Feature","geometry":{"type":"MultiPolygon","coordinates":[[[[-3.2076,54.0546],[-3.246,54.0935],[-3.2473,54.0944],[-3.2481,54.0941],[-3.2473,54.0944],[-3.2445,54.0972],[-3.2516,54.0976],[-3.2517,54.0975],[-3.2516,54.0976],[-3.2546,54.1313],[-3.2554,54.1331],[-3.2555,54.1331],[-3.2556,54.1328],[-3.2559,54.1333],[-3.2555,54.1331],[-3.2554,54.1331],[-3.2567,54.135],[-3.2572,54.135],[-3.2567,54.135],[-3.2576,54.1358],[-3.2605,54.1373],[-3.2604,54.1374],[-3.2605,54.1373],[-3.2612,54.1384],[-3.2617,54.1379],[-3.2622,54.1383],[-3.2623,54.1384],[-3.2629,54.1384],[-3.2629,54.1382],[-3.2629,54.1384],[-3.2623,54.1384],[-3.2622,54.1383],[-3.2617,54.1379],[-3.2612,54.1384],[-3.2607,54.1385],[-3.2621,54.1388],[-3.2625,54.1391],[-3.2626,54.1391],[-3.2625,54.1391],[-3.2641,54.139],[-3.2642,54.1407],[-3.2643,54.1405],[-3.2642,54.1407],[-3.2664,54.1432],[-3.2471,54.082],[-3.2076,54.0546]]],[[[-3.0365,54.2099],[-3.0393,54.2083],[-3.0378,54.2063],[-3.0341,54.2089],[-3.0331,54.2125],[-3.0334,54.2124],[-3.034,54.2118],[-3.0342,54.2116],[-3.0352,54.2109],[-3.0365,54.2099]]],[[[-3.1671,54.4541],[-3.1968,54.4656],[-3.3039,54.4248],[-3.3994,54.3664],[-3.3544,54.3639],[-3.3544,54.3642],[-3.3544,54.3639],[-3.374,54.3503],[-3.3739,54.3506],[-3.374,54.3503],[-3.3919,54.3389],[-3.3919,54.3387],[-3.3919,54.3389],[-3.4003,54.3326],[-3.4001,54.3326],[-3.4003,54.3326],[-3.4202,54.2833],[-3.3308,54.1974],[-3.2878,54.1973],[-3.2677,54.1901],[-3.24,54.2041],[-3.2562,54.2145],[-3.2557,54.2146],[-3.2562,54.2145],[-3.2561,54.212],[-3.2561,54.2115],[-3.2561,54.212],[-3.2577,54.2117],[-3.2593,54.212],[-3.2595,54.2121],[-3.2593,54.212],[-3.2577,54.2117],[-3.2573,54.2133],[-3.2574,54.2132],[-3.2594,54.2133],[-3.2595,54.2132],[-3.2599,54.2127],[-3.2598,54.2127],[-3.2599,54.2127],[-3.2595,54.2132],[-3.2594,54.2133],[-3.2574,54.2132],[-3.2573,54.2133],[-3.2598,54.2133],[-3.26,54.2132],[-3.2598,54.2133],[-3.2558,54.2165],[-3.2561,54.2165],[-3.2558,54.2165],[-3.251,54.2224],[-3.2506,54.2224],[-3.2522,54.2237],[-3.2521,54.2238],[-3.2541,54.2242],[-3.2523,54.224],[-3.2523,54.2243],[-3.2523,54.224],[-3.2521,54.2238],[-3.2522,54.2237],[-3.2506,54.2224],[-3.251,54.2224],[-3.2499,54.218],[-3.25,54.218],[-3.2499,54.218],[-3.249,54.2215],[-3.2489,54.2216],[-3.2488,54.2218],[-3.2488,54.2219],[-3.2487,54.222],[-3.2488,54.2219],[-3.2488,54.2218],[-3.2489,54.2216],[-3.249,54.2215],[-3.2479,54.2226],[-3.248,54.2228],[-3.2479,54.2226],[-3.2461,54.223],[-3.2485,54.2243],[-3.2489,54.2244],[-3.2485,54.2243],[-3.2477,54.2251],[-3.2481,54.225],[-3.2482,54.225],[-3.2483,54.225],[-3.2482,54.225],[-3.2481,54.225],[-3.2477,54.2251],[-3.248,54.227],[-3.2483,54.227],[-3.248,54.227],[-3.2448,54.2267],[-3.2452,54.2273],[-3.2458,54.2272],[-3.2461,54.2274],[-3.2469,54.2281],[-3.247,54.2281],[-3.2469,54.2281],[-3.2461,54.2274],[-3.2458,54.2272],[-3.2452,54.2273],[-3.245,54.2274],[-3.2448,54.2274],[-3.2448,54.228],[-3.245,54.228],[-3.2448,54.2286],[-3.2453,54.2289],[-3.2448,54.2286],[-3.245,54.228],[-3.2448,54.228],[-3.2448,54.2274],[-3.245,54.2274],[-3.2437,54.2251],[-3.2434,54.2251],[-3.2427,54.2254],[-3.2425,54.2253],[-3.2425,54.2257],[-3.2425,54.2258],[-3.2425,54.2257],[-3.2425,54.2253],[-3.2434,54.2251],[-3.2437,54.2251],[-3.2443,54.2226],[-3.2427,54.2211],[-3.2423,54.2217],[-3.2433,54.2222],[-3.2421,54.2217],[-3.2423,54.2223],[-3.2424,54.2223],[-3.2426,54.2223],[-3.2424,54.2223],[-3.2423,54.2223],[-3.2418,54.2226],[-3.2422,54.2226],[-3.2418,54.2226],[-3.2415,54.2227],[-3.2391,54.2261],[-3.2399,54.2263],[-3.2406,54.2276],[-3.2407,54.2276],[-3.2406,54.2276],[-3.2399,54.2263],[-3.2391,54.2261],[-3.2394,54.2276],[-3.2391,54.2278],[-3.2392,54.228],[-3.2391,54.2278],[-3.2398,54.2299],[-3.2364,54.2256],[-3.2364,54.2245],[-3.2363,54.2244],[-3.2359,54.224],[-3.2363,54.2244],[-3.2364,54.2245],[-3.2399,54.2232],[-3.2364,54.2219],[-3.2364,54.2221],[-3.2364,54.2219],[-3.2317,54.2233],[-3.2316,54.2234],[-3.2316,54.2238],[-3.2316,54.2234],[-3.2317,54.2233],[-3.2308,54.225],[-3.231,54.2249],[-3.2322,54.225],[-3.231,54.2249],[-3.2308,54.225],[-3.2322,54.2258],[-3.2299,54.2256],[-3.2281,54.2276],[-3.2282,54.2276],[-3.2298,54.228],[-3.2299,54.228],[-3.2298,54.228],[-3.2282,54.2276],[-3.2281,54.2276],[-3.2314,54.229],[-3.233,54.2287],[-3.2332,54.2287],[-3.233,54.2287],[-3.2339,54.2298],[-3.2385,54.233],[-3.2386,54.2332],[-3.2385,54.233],[-3.2317,54.2335],[-3.2332,54.2335],[-3.2317,54.2335],[-3.2328,54.2354],[-3.2325,54.2374],[-3.2306,54.2378],[-3.2305,54.2378],[-3.2306,54.2378],[-3.2325,54.2355],[-3.2306,54.2332],[-3.2323,54.2317],[-3.228,54.2303],[-3.2308,54.2314],[-3.2282,54.2317],[-3.2267,54.232],[-3.2271,54.2321],[-3.2267,54.232],[-3.2298,54.234],[-3.23,54.2341],[-3.2298,54.234],[-3.2259,54.2337],[-3.226,54.234],[-3.2264,54.2345],[-3.226,54.234],[-3.2259,54.2337],[-3.2253,54.2338],[-3.2252,54.2339],[-3.2253,54.2338],[-3.2251,54.233],[-3.2248,54.2331],[-3.2251,54.233],[-3.224,54.2329],[-3.2239,54.2329],[-3.224,54.2329],[-3.2248,54.232],[-3.2247,54.2319],[-3.2248,54.232],[-3.2242,54.2306],[-3.2243,54.2313],[-3.2242,54.2306],[-3.2237,54.2308],[-3.2236,54.2309],[-3.2227,54.2318],[-3.2212,54.2332],[-3.2208,54.234],[-3.2211,54.234],[-3.2216,54.2339],[-3.2226,54.2333],[-3.2227,54.2333],[-3.2226,54.2333],[-3.2216,54.2339],[-3.2211,54.234],[-3.2208,54.234],[-3.2206,54.234],[-3.2208,54.2344],[-3.2221,54.2351],[-3.2225,54.2351],[-3.2221,54.2351],[-3.2239,54.2353],[-3.2208,54.2344],[-3.2206,54.234],[-3.2207,54.2353],[-3.2226,54.2366],[-3.2202,54.2364],[-3.2206,54.2367],[-3.2202,54.2364],[-3.2199,54.2364],[-3.2206,54.2409],[-3.2241,54.2419],[-3.2245,54.2417],[-3.2247,54.2413],[-3.2254,54.2407],[-3.2255,54.2406],[-3.2254,54.2407],[-3.2247,54.2413],[-3.2245,54.2417],[-3.2241,54.2419],[-3.2248,54.2441],[-3.2248,54.2439],[-3.225,54.2437],[-3.2264,54.2438],[-3.225,54.2437],[-3.2248,54.2439],[-3.2248,54.2441],[-3.2266,54.2473],[-3.2262,54.2471],[-3.2259,54.2468],[-3.2259,54.2465],[-3.2259,54.2468],[-3.2262,54.2471],[-3.2266,54.2473],[-3.2336,54.2489],[-3.2338,54.249],[-3.2336,54.2489],[-3.2291,54.2517],[-3.2291,54.2518],[-3.2291,54.2519],[-3.2291,54.2523],[-3.2291,54.2519],[-3.2291,54.2518],[-3.2291,54.2517],[-3.2311,54.2595],[-3.2175,54.2561],[-3.216,54.256],[-3.1945,54.2288],[-3.1947,54.23],[-3.1947,54.2305],[-3.1945,54.2306],[-3.1947,54.2305],[-3.1947,54.23],[-3.1945,54.2288],[-3.193,54.2323],[-3.1932,54.2327],[-3.193,54.2323],[-3.192,54.2289],[-3.206,54.2088],[-3.2122,54.2084],[-3.2172,54.1775],[-3.2386,54.1567],[-3.2213,54.0917],[-3.1693,54.0786],[-3.0623,54.1824],[-3.0532,54.1989],[-3.0441,54.2007],[-3.0391,54.2043],[-3.0401,54.2067],[-3.0393,54.2085],[-3.0365,54.2099],[-3.0352,54.2109],[-3.0342,54.2116],[-3.034,54.2118],[-3.0334,54.2124],[-3.0331,54.2125],[-3.043,54.2178],[-3.0429,54.2177],[-3.043,54.2178],[-3.0515,54.233],[-3.0518,54.2342],[-3.0522,54.2358],[-3.1488,54.3517],[-3.1141,54.4183],[-3.1671,54.4541]]]]},"properties":{"PCON24CD":"E14001076","PCON24NM":"Barrow and Furness"}},
{"type":"Feature","geometry":{"type":"Polygon","coordinates":[[[0.4945,51.6236],[0.4468,51.6267],[0.4429,51.6467],[0.4022,51.651],[0.3758,51.6149],[0.386,51.5859],[0.3826,51.5658],[0.4314,51.567],[0.4927,51.5732],[0.4993,51.5927],[0.4945,51.6236]]]},"properties":{"PCON24CD":"E14001077","PCON24NM":"Basildon and Billericay"}},
{"type":"Feature","geometry":{"type":"Polygon","coordinates":[[[-1.1096,51.2376],[-1.0654,51.2579],[-1.0684,51.2663],[-1.0416,51.3023],[-1.0708,51.2977],[-1.0698,51.2876],[-1.1129,51.2756],[-1.1396,51.2796],[-1.1774,51.2974],[-1.2195,51.2686],[-1.2486,51.1911],[-1.2485,51.191],[-1.1911,51.2033],[-1.1096,51.2376]]]},"properties":{"PCON24CD":"E14001078","PCON24NM":"Basingstoke"}},
{"type":"Feature","geometry":{"type":"Polygon","coordinates":[[[-0.798,53.4553],[-0.9005,53.4752],[-0.9356,53.5025],[-0.9985,53.4388],[-1.0571,53.4254],[-1.087,53.4255],[-1.116,53.4073],[-1.1449,53.3713],[-1.1457,53.3406],[-1.1997,53.3114],[-1.1665,53.2777],[-1.2025,53.2612],[-1.2094,53.2177],[-1.1238,53.2246],[-1.1033,53.2356],[-1.0275,53.2609],[-0.9706,53.2974],[-0.9208,53.412],[-0.8494,53.3841],[-0.787,53.384],[-0.7947,53.414],[-0.8183,53.426],[-0.8208,53.4411],[-0.798,53.4553]]]},"properties":{"PCON24CD":"E14001079","PCON24NM":"Bassetlaw"}},
{"type":"Feature","geometry":{"type":"Polygon","coordinates":[[[-2.2946,51.4288],[-2.342,51.4394],[-2.4031,51.4316],[-2.4443,51.4224],[-2.451,51.4028],[-2.4142,51.3763],[-2.3739,51.3548],[-2.3441,51.3552],[-2.3075,51.365],[-2.2908,51.4057],[-2.2946,51.4288]]]},"properties":{"PCON24CD":"E14001080","PCON24NM":"Bath"}},
{"type":"Feature","geometry":{"type":"Polygon","coordinates":[[[-0.1339,51.4756],[-0.1284,51.4851],[-0.1367,51.4828],[-0.1498,51.4836],[-0.172,51.4801],[-0.1785,51.4708],[-0.1871,51.4642],[-0.1818,51.4581],[-0.1727,51.4594],[-0.1648,51.4471],[-0.1559,51.4508],[-0.1518,51.4446],[-0.1436,51.4418],[-0.1477,51.4523],[-0.1505,51.4676],[-0.1339,51.4756]]]},"properties":{"PCON24CD":"E14001081","PCON24NM":"Battersea"}},
{"type":"Feature","geometry":{"type":"Polygon","coordinates":[[[-0.5225,51.6051],[-0.541,51.5674],[-0.6066,51.5879],[-0.6127,51.6324],[-0.6759,51.6082],[-0.7685,51.6123],[-0.7696,51.5844],[-0.791,51.5528],[-0.7279,51.5772],[-0.6965,51.5652],[-0.7035,51.5128],[-0.6623,51.4879],[-0.6422,51.5006],[-0.6535,51.5005],[-0.6532,51.5151],[-0.6599,51.5284],[-0.6305,51.5389],[-0.581,51.5231],[-0.5687,51.5113],[-0.5283,51.51],[-0.5287,51.4971],[-0.49,51.4947],[-0.4855,51.51],[-0.4955,51.5385],[-0.4773,51.5553],[-0.4996,51.5967],[-0.5006,51.5997],[-0.5225,51.6051]]]},"properties":{"PCON24CD":"E14001082","PCON24NM":"Beaconsfield"}},
{"type":"Feature","geometry":{"type":"Polygon","coordinates":[[[-0.0077,51.4145],[-0.021,51.416],[-0.0301,51.4256],[-0.0399,51.4243],[-0.0581,51.4232],[-0.0739,51.4262],[-0.0786,51.4199],[-0.0728,51.4085],[-0.0598,51.3992],[-0.0365,51.3884],[-0.0198,51.3636],[0.004,51.3766],[0.0026,51.3881],[0.0144,51.4001],[-0.0077,51.4145]]]},"properties":{"PCON24CD":"E14001083","PCON24NM":"Beckenham and Penge"}},
{"type":"Feature","geometry":{"type":"Polygon","coordinates":[[[-0.443,52.1157],[-0.4088,52.1297],[-0.4142,52.1401],[-0.4111,52.1568],[-0.4658,52.1648],[-0.4912,52.1405],[-0.5,52.1373],[-0.501,52.121],[-0.519,52.115],[-0.5043,52.1028],[-0.4655,52.1154],[-0.443,52.1157]]]},"properties":{"PCON24CD":"E14001084","PCON24NM":"Bedford"}},
{"type":"Feature","geometry":{"type":"Polygon","coordinates":[[[-0.0324,51.4931],[-0.0323,51.5043],[-0.0444,51.507],[-0.0507,51.5029],[-0.0638,51.5006],[-0.0811,51.5059],[-0.0961,51.5084],[-0.1089,51.5084],[-0.1059,51.502],[-0.1109,51.4955],[-0.1018,51.4923],[-0.0998,51.4951],[-0.0847,51.4936],[-0.078,51.4889],[-0.0657,51.4871],[-0.054,51.4879],[-0.0391,51.4929],[-0.0324,51.4931]]]},"properties":{"PCON24CD":"E14001085","PCON24NM":"Bermondsey and Old Southwark"}},
{"type":"Feature","geometry":{"type":"Polygon","coordinates":[[[-0.0529,51.5349],[-0.0629,51.5349],[-0.0742,51.5301],[-0.0785,51.5215],[-0.0738,51.5143],[-0.0745,51.51],[-0.0475,51.5098],[-0.0365,51.5126],[-0.0337,51.5165],[-0.037,51.5242],[-0.0429,51.5311],[-0.0529,51.5349]]]},"properties":{"PCON24CD":"E14001086","PCON24NM":"Bethnal Green and Stepney"}},
{"type":"Feature","geometry":{"type":"MultiPolygon","coordinates":[[[[-0.3682,53.913],[-0.3948,53.8582],[-0.3941,53.8571],[-0.3537,53.8085],[-0.3486,53.8089],[-0.3161,53.8133],[-0.3035,53.7981],[-0.2783,53.7821],[-0.2523,53.7813],[-0.2543,53.7635],[-0.2415,53.7549],[-0.2473,53.7412],[-0.1693,53.6782],[-0.1694,53.6789],[-0.1693,53.6782],[-0.169,53.6774],[-0.0584,53.6295],[0.1176,53.6612],[-0.1019,53.8465],[-0.1834,53.8902],[-0.3682,53.913]]],[[[-0.3843,53.9098],[-0.3872,53.9114],[-0.3889,53.9139],[-0.3936,53.9189],[-0.4111,53.9244],[-0.4136,53.9236],[-0.5787,53.9406],[-0.58,53.8577],[-0.6157,53.7986],[-0.4104,53.8052],[-0.3649,53.8038],[-0.3941,53.8571],[-0.3948,53.8582],[-0.3843,53.9098]]]]},"properties":{"PCON24CD":"E14001087","PCON24NM":"Beverley and Holderness"}},
{"type":"Feature","geometry":{"type":"Polygon","coordinates":[[[0.6054,51.0121],[0.4664,51.0343],[0.3965,51.0831],[0.3226,51.0001],[0.3667,50.8891],[0.3081,50.8911],[0.3005,50.8396],[0.3139,50.8087],[0.3393,50.7991],[0.4167,50.8309],[0.5007,50.8423],[0.5201,50.8526],[0.5291,50.8923],[0.6037,50.8786],[0.6195,50.8864],[0.6253,50.9281],[0.6912,50.928],[0.7109,50.9566],[0.6506,50.9487],[0.6809,51.0015],[0.6054,51.0121]]]},"properties":{"PCON24CD":"E14001088","PCON24NM":"Bexhill and Battle"}},
{"type":"Feature","geometry":{"type":"MultiPolygon","coordinates":[[[[0.2008,51.4786],[0.1987,51.4783],[0.2,51.4784],[0.2008,51.4786]]],[[[0.2031,51.4579],[0.1984,51.4582],[0.1983,51.4581],[0.1984,51.4582],[0.2102,51.4625],[0.2008,51.4786],[0.2,51.4784],[0.1987,51.4783],[0.1866,51.4804],[0.1669,51.4765],[0.122,51.483],[0.1125,51.4734],[0.1242,51.4622],[0.12,51.4493],[0.1512,51.4482],[0.1709,51.4412],[0.1842,51.4446],[0.2031,51.4579]]]]},"properties":{"PCON24CD":"E14001089","PCON24NM":"Bexleyheath and Crayford"}},
{"type":"Feature","geometry":{"type":"Polygon","coordinates":[[[-1.0559,51.9426],[-1.0579,51.9994],[-1.1181,52.0154],[-1.2006,51.9779],[-1.2351,51.9394],[-1.3826,51.9206],[-1.4368,51.8445],[-1.4756,51.838],[-1.4739,51.7686],[-1.3634,51.7618],[-1.3355,51.7854],[-1.2845,51.7951],[-1.2527,51.7865],[-1.1721,51.8124],[-1.1235,51.7942],[-1.062,51.8441],[-1.0812,51.9276],[-1.0559,51.9426]]]},"properties":{"PCON24CD":"E14001090","PCON24NM":"Bicester and Woodstock"}},
{"type":"Feature","geometry":{"type":"Polygon","coordinates":[[[-3.0129,53.4015],[-3.0446,53.404],[-3.0629,53.4152],[-3.0814,53.4109],[-3.0888,53.4004],[-3.0857,53.3864],[-3.0677,53.3628],[-3.0441,53.3469],[-3.0173,53.346],[-2.9991,53.3502],[-3.006,53.3638],[-2.9955,53.368],[-3.0068,53.3825],[-3.0129,53.4015]]]},"properties":{"PCON24CD":"E14001091","PCON24NM":"Birkenhead"}},
{"type":"Feature","geometry":{"type":"Polygon","coordinates":[[[-1.9014,52.4549],[-1.9012,52.4673],[-1.9355,52.4773],[-1.9274,52.4856],[-1.943,52.4915],[-1.9508,52.4832],[-1.9775,52.4673],[-2.0132,52.4622],[-2.017,52.4327],[-2.002,52.421],[-1.986,52.4167],[-1.975,52.4205],[-1.9769,52.4449],[-1.9598,52.4459],[-1.9243,52.4465],[-1.9086,52.4498],[-1.9014,52.4549]]]},"properties":{"PCON24CD":"E14001092","PCON24NM":"Birmingham Edgbaston"}},
{"type":"Feature","geometry":{"type":"Polygon","coordinates":[[[-1.7917,52.5092],[-1.7754,52.5155],[-1.7839,52.5279],[-1.8349,52.5349],[-1.8832,52.5593],[-1.8943,52.5469],[-1.9118,52.5404],[-1.8959,52.5286],[-1.8809,52.5336],[-1.8738,52.5192],[-1.8624,52.5094],[-1.8314,52.505],[-1.7917,52.5092]]]},"properties":{"PCON24CD":"E14001093","PCON24NM":"Birmingham Erdington"}},
{"type":"Feature","geometry":{"type":"Polygon","coordinates":[[[-1.8593,52.4646],[-1.8761,52.4711],[-1.8832,52.4541],[-1.9014,52.4549],[-1.9086,52.4498],[-1.9104,52.4259],[-1.8885,52.4266],[-1.8697,52.4347],[-1.8622,52.4327],[-1.8494,52.4108],[-1.8337,52.4182],[-1.8253,52.4293],[-1.839,52.4341],[-1.8448,52.4568],[-1.8593,52.4646]]]},"properties":{"PCON24CD":"E14001094","PCON24NM":"Birmingham Hall Green and Moseley"}},
{"type":"Feature","geometry":{"type":"Polygon","coordinates":[[[-1.7535,52.513],[-1.7685,52.5142],[-1.7917,52.5092],[-1.8314,52.505],[-1.8574,52.4989],[-1.8319,52.4896],[-1.8478,52.4831],[-1.8417,52.4759],[-1.828,52.4706],[-1.8172,52.4854],[-1.7962,52.483],[-1.7921,52.4693],[-1.7819,52.4629],[-1.7593,52.469],[-1.7608,52.4936],[-1.7332,52.4921],[-1.7535,52.513]]]},"properties":{"PCON24CD":"E14001095","PCON24NM":"Birmingham Hodge Hill and Solihull North"}},
{"type":"Feature","geometry":{"type":"Polygon","coordinates":[[[-1.8624,52.5094],[-1.8783,52.5065],[-1.8861,52.4985],[-1.9151,52.4969],[-1.9425,52.5047],[-1.951,52.5015],[-1.943,52.4915],[-1.9274,52.4856],[-1.9355,52.4773],[-1.9012,52.4673],[-1.9014,52.4549],[-1.8832,52.4541],[-1.8761,52.4711],[-1.8593,52.4646],[-1.8543,52.4732],[-1.8417,52.4759],[-1.8478,52.4831],[-1.8319,52.4896],[-1.8574,52.4989],[-1.8314,52.505],[-1.8624,52.5094]]]},"properties":{"PCON24CD":"E14001096","PCON24NM":"Birmingham Ladywood"}},
{"type":"Feature","geometry":{"type":"Polygon","coordinates":[[[-1.9598,52.4459],[-1.9769,52.4449],[-1.975,52.4205],[-1.986,52.4167],[-2.0128,52.4095],[-2.0214,52.4001],[-2.013,52.3887],[-1.9893,52.3825],[-1.9649,52.3922],[-1.9346,52.3879],[-1.9186,52.3982],[-1.9137,52.4075],[-1.9194,52.4132],[-1.9491,52.4128],[-1.9562,52.4246],[-1.9456,52.4353],[-1.9598,52.4459]]]},"properties":{"PCON24CD":"E14001097","PCON24NM":"Birmingham Northfield"}},
{"type":"Feature","geometry":{"type":"Polygon","coordinates":[[[-1.8832,52.5593],[-1.8916,52.5625],[-1.9182,52.5473],[-1.9303,52.5334],[-1.9621,52.528],[-1.962,52.5099],[-1.951,52.5015],[-1.9425,52.5047],[-1.9151,52.4969],[-1.8861,52.4985],[-1.8783,52.5065],[-1.8624,52.5094],[-1.8738,52.5192],[-1.8809,52.5336],[-1.8959,52.5286],[-1.9118,52.5404],[-1.8943,52.5469],[-1.8832,52.5593]]]},"properties":{"PCON24CD":"E14001098","PCON24NM":"Birmingham Perry Barr"}},
{"type":"Feature","geometry":{"type":"Polygon","coordinates":[[[-1.9086,52.4498],[-1.9243,52.4465],[-1.9598,52.4459],[-1.9456,52.4353],[-1.9562,52.4246],[-1.9491,52.4128],[-1.9194,52.4132],[-1.9137,52.4075],[-1.9046,52.4031],[-1.8688,52.4047],[-1.8494,52.4108],[-1.8622,52.4327],[-1.8697,52.4347],[-1.8885,52.4266],[-1.9104,52.4259],[-1.9086,52.4498]]]},"properties":{"PCON24CD":"E14001099","PCON24NM":"Birmingham Selly Oak"}},
{"type":"Feature","geometry":{"type":"Polygon","coordinates":[[[-1.7593,52.469],[-1.7819,52.4629],[-1.7921,52.4693],[-1.7962,52.483],[-1.8172,52.4854],[-1.828,52.4706],[-1.8417,52.4759],[-1.8543,52.4732],[-1.8593,52.4646],[-1.8448,52.4568],[-1.839,52.4341],[-1.8253,52.4293],[-1.8171,52.4326],[-1.8049,52.4544],[-1.7825,52.4511],[-1.7596,52.4519],[-1.7593,52.469]]]},"properties":{"PCON24CD":"E14001100","PCON24NM":"Birmingham Yardley"}},
{"type":"Feature","geometry":{"type":"Polygon","coordinates":[[[-1.9524,54.8542],[-2.1398,54.8419],[-2.3121,54.791],[-2.3555,54.6972],[-2.3045,54.5962],[-2.1724,54.5324],[-2.1702,54.4582],[-1.9425,54.4534],[-1.6969,54.536],[-1.709,54.5741],[-1.6793,54.586],[-1.6824,54.6178],[-1.6185,54.6192],[-1.6062,54.6755],[-1.6783,54.704],[-1.7151,54.7004],[-1.7434,54.7595],[-1.7939,54.7474],[-1.8813,54.7784],[-1.9453,54.7971],[-1.9755,54.7708],[-2.0298,54.8164],[-1.9524,54.8542]]]},"properties":{"PCON24CD":"E14001101","PCON24NM":"Bishop Auckland"}},
{"type":"Feature","geometry":{"type":"Polygon","coordinates":[[[-2.4658,53.7808],[-2.5232,53.7604],[-2.5478,53.7587],[-2.5616,53.7469],[-2.5552,53.7253],[-2.5395,53.7147],[-2.5084,53.7132],[-2.4657,53.7292],[-2.4386,53.7323],[-2.4463,53.7666],[-2.4658,53.7808]]]},"properties":{"PCON24CD":"E14001102","PCON24NM":"Blackburn"}},
{"type":"Feature","geometry":{"type":"Polygon","coordinates":[[[-2.172,53.5551],[-2.1949,53.5483],[-2.2142,53.5543],[-2.2358,53.5482],[-2.2675,53.538],[-2.2641,53.5247],[-2.2452,53.5122],[-2.2333,53.509],[-2.2175,53.4945],[-2.1714,53.5132],[-2.1562,53.5158],[-2.1721,53.5271],[-2.186,53.5291],[-2.1694,53.5462],[-2.172,53.5551]]]},"properties":{"PCON24CD":"E14001103","PCON24NM":"Blackley and Middleton South"}},
{"type":"Feature","geometry":{"type":"Polygon","coordinates":[[[-2.9819,53.8582],[-2.9765,53.8801],[-3.0062,53.8976],[-3.0069,53.9018],[-3.007,53.9019],[-3.0069,53.9018],[-3.0075,53.9145],[-3.0142,53.9288],[-3.0488,53.9212],[-3.0481,53.8711],[-3.0558,53.8412],[-3.0205,53.8408],[-3.018,53.8483],[-2.9819,53.8582]]]},"properties":{"PCON24CD":"E14001104","PCON24NM":"Blackpool North and Fleetwood"}},
{"type":"Feature","geometry":{"type":"Polygon","coordinates":[[[-3.0205,53.8408],[-3.0558,53.8412],[-3.0571,53.7765],[-3.0328,53.7809],[-3.0288,53.7731],[-2.9965,53.7745],[-3.0061,53.788],[-2.9834,53.7938],[-2.995,53.8185],[-3.0097,53.8247],[-3.0072,53.8329],[-3.0205,53.8408]]]},"properties":{"PCON24CD":"E14001105","PCON24NM":"Blackpool South"}},
{"type":"Feature","geometry":{"type":"Polygon","coordinates":[[[-1.785,54.9844],[-1.8128,54.9763],[-1.8245,54.9394],[-1.8504,54.9152],[-1.8459,54.8961],[-1.8814,54.8466],[-1.8765,54.8375],[-1.7906,54.8358],[-1.7439,54.8881],[-1.6976,54.9062],[-1.7249,54.9088],[-1.7376,54.9187],[-1.6989,54.9487],[-1.7098,54.9662],[-1.72,54.967],[-1.7269,54.9697],[-1.7285,54.975],[-1.7534,54.982],[-1.7734,54.9806],[-1.785,54.9844]]]},"properties":{"PCON24CD":"E14001106","PCON24NM":"Blaydon and Consett"}},
{"type":"Feature","geometry":{"type":"Polygon","coordinates":[[[-1.4948,55.1023],[-1.4943,55.1203],[-1.4961,55.1262],[-1.5268,55.1607],[-1.5052,55.1943],[-1.5194,55.2069],[-1.5911,55.205],[-1.6367,55.1904],[-1.6483,55.169],[-1.6348,55.1546],[-1.6513,55.1292],[-1.6215,55.1132],[-1.5813,55.1145],[-1.5666,55.0994],[-1.4948,55.1023]]]},"properties":{"PCON24CD":"E14001107","PCON24NM":"Blyth and Ashington"}},
{"type":"Feature","geometry":{"type":"MultiPolygon","coordinates":[[[[-0.5156,50.826],[-0.5382,50.8308],[-0.5666,50.8291],[-0.5724,50.8285],[-0.5757,50.8267],[-0.5724,50.8233],[-0.5737,50.8199],[-0.5609,50.8182],[-0.5597,50.8125],[-0.5447,50.8076],[-0.5416,50.8019],[-0.4952,50.8025],[-0.4894,50.8184],[-0.5156,50.826]]],[[[-0.5695,50.832],[-0.6227,50.833],[-0.6223,50.8259],[-0.6553,50.8044],[-0.6637,50.7962],[-0.6905,50.7979],[-0.7246,50.7874],[-0.7284,50.7711],[-0.6972,50.7784],[-0.591,50.7929],[-0.5601,50.7998],[-0.5703,50.8158],[-0.5745,50.8203],[-0.5764,50.8256],[-0.576,50.8272],[-0.5735,50.8287],[-0.567,50.8295],[-0.5695,50.832]]]]},"properties":{"PCON24CD":"E14001108","PCON24NM":"Bognor Regis and Littlehampton"}},
{"type":"Feature","geometry":{"type":"Polygon","coordinates":[[[-1.282,53.3095],[-1.322,53.309],[-1.3026,53.2633],[-1.3313,53.2572],[-1.3508,53.2463],[-1.3803,53.2438],[-1.4011,53.2336],[-1.3956,53.2227],[-1.3646,53.1806],[-1.3932,53.1583],[-1.4441,53.1591],[-1.4698,53.1198],[-1.4654,53.1108],[-1.4482,53.1037],[-1.3732,53.1078],[-1.3316,53.081],[-1.3029,53.0882],[-1.3256,53.1565],[-1.296,53.1712],[-1.2547,53.1648],[-1.2299,53.1785],[-1.1953,53.187],[-1.2094,53.2177],[-1.2025,53.2612],[-1.1665,53.2777],[-1.1997,53.3114],[-1.2543,53.3018],[-1.282,53.3095]]]},"properties":{"PCON24CD":"E14001109","PCON24NM":"Bolsover"}},
{"type":"Feature","geometry":{"type":"Polygon","coordinates":[[[-2.3791,53.6309],[-2.4217,53.6238],[-2.4387,53.6461],[-2.4538,53.622],[-2.473,53.6166],[-2.4465,53.5984],[-2.4555,53.5737],[-2.4311,53.5757],[-2.3736,53.5539],[-2.3573,53.5633],[-2.3726,53.5728],[-2.3771,53.5929],[-2.363,53.6103],[-2.3791,53.6309]]]},"properties":{"PCON24CD":"E14001110","PCON24NM":"Bolton North East"}},
{"type":"Feature","geometry":{"type":"Polygon","coordinates":[[[-2.3736,53.5539],[-2.4311,53.5757],[-2.4555,53.5737],[-2.4622,53.5673],[-2.4354,53.5503],[-2.4511,53.5286],[-2.4324,53.5224],[-2.4153,53.512],[-2.3699,53.513],[-2.3544,53.5247],[-2.3382,53.5336],[-2.3475,53.5474],[-2.3736,53.5539]]]},"properties":{"PCON24CD":"E14001111","PCON24NM":"Bolton South and Walkden"}},
{"type":"Feature","geometry":{"type":"Polygon","coordinates":[[[-2.473,53.6166],[-2.5113,53.627],[-2.574,53.5948],[-2.5959,53.6108],[-2.6259,53.5937],[-2.5777,53.5811],[-2.5598,53.5557],[-2.5692,53.5475],[-2.5289,53.5231],[-2.507,53.5387],[-2.4511,53.5286],[-2.4354,53.5503],[-2.4622,53.5673],[-2.4555,53.5737],[-2.4465,53.5984],[-2.473,53.6166]]]},"properties":{"PCON24CD":"E14001112","PCON24NM":"Bolton West"}},
{"type":"Feature","geometry":{"type":"Polygon","coordinates":[[[-2.9517,53.491],[-2.9802,53.4973],[-2.9888,53.491],[-3.0232,53.4934],[-3.0445,53.4775],[-3.0412,53.4653],[-3.0172,53.4496],[-3.0088,53.4384],[-2.9753,53.4432],[-2.9738,53.4628],[-2.9602,53.468],[-2.9517,53.491]]]},"properties":{"PCON24CD":"E14001113","PCON24NM":"Bootle"}},
{"type":"Feature","geometry":{"type":"MultiPolygon","coordinates":[[[[0.062,52.9238],[0.0596,52.9242],[0.0595,52.9242],[0.0602,52.9239],[0.0614,52.9235],[0.0639,52.9241],[0.0629,52.9239],[0.0623,52.9239],[0.0622,52.9239],[0.062,52.9238]]],[[[0.0608,52.9249],[0.0606,52.9251],[0.0605,52.9252],[0.0598,52.9251],[0.0582,52.9249],[0.0597,52.9234],[0.0598,52.9234],[0.0614,52.9231],[0.0618,52.9232],[0.0614,52.9235],[0.0602,52.9239],[0.0595,52.9242],[0.0596,52.9242],[0.062,52.9238],[0.0622,52.9239],[0.0623,52.9239],[0.0629,52.9239],[0.0636,52.9241],[0.062,52.9245],[0.0613,52.9246],[0.0608,52.9249]]],[[[0.0963,52.9612],[0.096,52.9616],[0.0962,52.9622],[0.0963,52.9622],[0.0966,52.9622],[0.0963,52.9622],[0.0962,52.9622],[0.096,52.9616],[0.0963,52.9612]]],[[[-0.0698,52.8644],[-0.0113,52.8845],[-0.0123,52.8841],[-0.0113,52.8845],[-0.0112,52.8846],[-0.0103,52.8852],[-0.0112,52.8846],[-0.0071,52.8859],[-0.0075,52.8862],[-0.0071,52.8859],[-0.0024,52.8893],[-0.002,52.8894],[-0.0024,52.8893],[-0.0008,52.8913],[-0.0003,52.8923],[-0.0008,52.8913],[0.0053,52.8914],[0.0057,52.8934],[-0.0004,52.8949],[-0.0007,52.895],[-0.0004,52.8949],[0.0026,52.8979],[0.0057,52.8949],[0.0107,52.8959],[0.011,52.8934],[0.0191,52.8963],[0.0163,52.8972],[0.014,52.8954],[0.0139,52.8954],[0.0137,52.8956],[0.014,52.8961],[0.0129,52.8972],[0.0122,52.8967],[0.0121,52.8967],[0.0122,52.8967],[0.0129,52.8972],[0.014,52.8961],[0.0137,52.8956],[0.0139,52.8954],[0.014,52.8954],[0.0163,52.8972],[0.0193,52.8964],[0.0268,52.899],[0.0251,52.9011],[0.0249,52.9011],[0.0251,52.9011],[0.0161,52.9006],[0.0159,52.9006],[0.0161,52.9006],[0.0112,52.9022],[0.0087,52.9029],[0.0086,52.9028],[0.0087,52.9029],[0.0112,52.9022],[0.0287,52.9014],[0.0289,52.9015],[0.0287,52.9014],[0.0309,52.9012],[0.0307,52.9013],[0.0309,52.9012],[0.0309,52.9022],[0.0143,52.9045],[0.0143,52.905],[0.0143,52.9045],[0.0207,52.9062],[0.0209,52.9063],[0.0207,52.9062],[0.0218,52.9068],[0.0218,52.9069],[0.02,52.9085],[0.018,52.9094],[0.0179,52.9095],[0.0172,52.9095],[0.0179,52.9095],[0.018,52.9094],[0.02,52.9085],[0.0218,52.9069],[0.0218,52.9068],[0.0315,52.9051],[0.031,52.905],[0.0315,52.9051],[0.0249,52.9086],[0.0244,52.9089],[0.0233,52.9102],[0.0229,52.9106],[0.0233,52.9102],[0.0244,52.9089],[0.0249,52.9086],[0.0257,52.9085],[0.0272,52.9098],[0.027,52.91],[0.0272,52.9098],[0.028,52.9095],[0.0296,52.9114],[0.032,52.9065],[0.0322,52.9068],[0.032,52.9065],[0.0337,52.9078],[0.0343,52.9086],[0.0339,52.9087],[0.0343,52.9086],[0.0344,52.9089],[0.0339,52.9095],[0.0344,52.9089],[0.0356,52.9094],[0.0353,52.9101],[0.035,52.9119],[0.0347,52.9119],[0.0337,52.912],[0.0336,52.912],[0.0337,52.912],[0.0347,52.9119],[0.035,52.9119],[0.0345,52.9122],[0.0248,52.9149],[0.0221,52.9151],[0.0278,52.9173],[0.0277,52.9173],[0.0271,52.9175],[0.0255,52.9167],[0.0271,52.9175],[0.0273,52.9178],[0.0277,52.9173],[0.0278,52.9173],[0.042,52.9096],[0.0419,52.9097],[0.042,52.9096],[0.0391,52.9119],[0.0389,52.9119],[0.0391,52.9119],[0.0389,52.9125],[0.0402,52.9124],[0.04,52.913],[0.0402,52.9124],[0.0424,52.9119],[0.0419,52.9119],[0.0415,52.912],[0.0411,52.912],[0.0415,52.912],[0.0419,52.9119],[0.0424,52.9119],[0.0368,52.9157],[0.0361,52.9154],[0.0358,52.9151],[0.0361,52.9154],[0.0368,52.9157],[0.036,52.917],[0.0365,52.9176],[0.0364,52.918],[0.0345,52.9199],[0.0364,52.918],[0.0365,52.9176],[0.0395,52.9149],[0.0397,52.9153],[0.0395,52.9149],[0.0431,52.9154],[0.0427,52.9156],[0.0431,52.9154],[0.0417,52.9181],[0.0416,52.9182],[0.0417,52.9181],[0.0415,52.9192],[0.0413,52.9193],[0.0409,52.9193],[0.041,52.919],[0.0409,52.9193],[0.04,52.9197],[0.0397,52.9207],[0.039,52.9213],[0.0368,52.9201],[0.0369,52.9201],[0.0368,52.9201],[0.039,52.9213],[0.0397,52.9207],[0.0409,52.9198],[0.0408,52.9207],[0.0407,52.9213],[0.0408,52.9207],[0.0409,52.9198],[0.0413,52.9193],[0.0415,52.9192],[0.0429,52.921],[0.0384,52.923],[0.0356,52.9211],[0.0364,52.9205],[0.0356,52.9211],[0.0293,52.9201],[0.0293,52.9198],[0.0293,52.9201],[0.0291,52.9212],[0.029,52.9213],[0.0291,52.9212],[0.0355,52.9241],[0.0354,52.924],[0.0352,52.924],[0.0348,52.924],[0.0346,52.924],[0.0348,52.924],[0.0352,52.924],[0.0354,52.924],[0.0355,52.9241],[0.0363,52.9245],[0.0357,52.9254],[0.0363,52.9245],[0.0386,52.9238],[0.0384,52.9238],[0.0386,52.9238],[0.0434,52.9244],[0.0433,52.9245],[0.0396,52.9265],[0.0395,52.9265],[0.0389,52.9262],[0.0389,52.9261],[0.0366,52.9261],[0.0364,52.9261],[0.0366,52.9261],[0.0389,52.9261],[0.0389,52.9262],[0.0387,52.9268],[0.0386,52.9269],[0.0387,52.9268],[0.0395,52.9265],[0.0396,52.9265],[0.0418,52.9257],[0.0433,52.9245],[0.0434,52.9244],[0.0435,52.918],[0.0497,52.917],[0.0424,52.9279],[0.0368,52.93],[0.0366,52.9299],[0.0345,52.9309],[0.0366,52.9299],[0.0368,52.93],[0.0372,52.9303],[0.0386,52.9306],[0.0388,52.9312],[0.0386,52.9306],[0.045,52.9286],[0.0449,52.9286],[0.045,52.9286],[0.0457,52.9282],[0.0462,52.9281],[0.0457,52.9282],[0.0474,52.9269],[0.0479,52.9271],[0.0482,52.9272],[0.0485,52.9275],[0.0486,52.9277],[0.0485,52.9275],[0.0482,52.9272],[0.048,52.927],[0.0481,52.927],[0.0497,52.927],[0.0481,52.927],[0.048,52.927],[0.0479,52.9271],[0.0474,52.9269],[0.0472,52.9234],[0.0474,52.9234],[0.0477,52.9239],[0.0479,52.9242],[0.0477,52.9239],[0.0474,52.9234],[0.0472,52.9234],[0.0502,52.9202],[0.049,52.9189],[0.052,52.9179],[0.0517,52.9183],[0.052,52.9179],[0.0518,52.9196],[0.0537,52.9196],[0.053,52.9196],[0.0537,52.9196],[0.0533,52.9207],[0.0532,52.9209],[0.0529,52.9208],[0.0532,52.9209],[0.0526,52.9214],[0.0515,52.9229],[0.0514,52.9231],[0.053,52.9241],[0.053,52.9251],[0.0531,52.9252],[0.054,52.9258],[0.0531,52.9252],[0.053,52.9251],[0.0533,52.9245],[0.053,52.9241],[0.0574,52.9217],[0.0573,52.9218],[0.0574,52.9217],[0.059,52.923],[0.0585,52.9231],[0.0583,52.9233],[0.0585,52.9231],[0.059,52.923],[0.0615,52.9221],[0.0618,52.9232],[0.0614,52.9231],[0.0598,52.9234],[0.0597,52.9234],[0.0582,52.9249],[0.0598,52.9251],[0.0605,52.9252],[0.0606,52.9251],[0.0608,52.9249],[0.0613,52.9246],[0.062,52.9245],[0.0636,52.9241],[0.0639,52.9241],[0.0641,52.9246],[0.0629,52.925],[0.0641,52.9246],[0.0657,52.9249],[0.0591,52.9254],[0.0576,52.9252],[0.0591,52.9254],[0.0556,52.9264],[0.0554,52.9265],[0.0556,52.9264],[0.0578,52.9258],[0.0625,52.9278],[0.0608,52.9276],[0.0587,52.9268],[0.0579,52.9265],[0.0587,52.9268],[0.0608,52.9276],[0.0625,52.9278],[0.062,52.9284],[0.0617,52.9284],[0.061,52.9286],[0.0617,52.9284],[0.062,52.9284],[0.0655,52.9279],[0.0675,52.9278],[0.0657,52.9284],[0.0652,52.9287],[0.0657,52.9284],[0.0675,52.9278],[0.0697,52.9282],[0.0702,52.9286],[0.0699,52.9287],[0.0664,52.9286],[0.0679,52.9293],[0.0699,52.9287],[0.0702,52.9286],[0.0678,52.9302],[0.0502,52.9307],[0.0338,52.9339],[0.0337,52.9337],[0.0338,52.9339],[0.0317,52.937],[0.0225,52.9394],[0.0222,52.9388],[0.0228,52.9382],[0.0222,52.9388],[0.0229,52.94],[0.0111,52.95],[-0.0017,52.9597],[0.0013,52.9594],[0.0049,52.9556],[0.0117,52.9511],[0.0255,52.9395],[0.0314,52.9384],[0.0528,52.9313],[0.0759,52.9344],[0.0754,52.9344],[0.0759,52.9344],[0.0761,52.9357],[0.0748,52.9363],[0.0731,52.9366],[0.0748,52.9363],[0.0756,52.9371],[0.075,52.937],[0.075,52.9369],[0.0748,52.9369],[0.0744,52.9367],[0.0748,52.9369],[0.075,52.9369],[0.075,52.937],[0.0738,52.9371],[0.0732,52.9373],[0.0727,52.9371],[0.0732,52.9373],[0.0746,52.9376],[0.0749,52.9384],[0.0756,52.9388],[0.0755,52.9388],[0.0753,52.9392],[0.0751,52.9396],[0.0753,52.9392],[0.0755,52.9388],[0.0756,52.9388],[0.0778,52.9393],[0.0776,52.9396],[0.0778,52.9393],[0.0757,52.9404],[0.0747,52.9405],[0.0757,52.9404],[0.0767,52.9408],[0.0766,52.9408],[0.0767,52.9408],[0.0759,52.9413],[0.0758,52.9413],[0.0756,52.9413],[0.0755,52.9413],[0.0756,52.9413],[0.0758,52.9413],[0.0759,52.9413],[0.0772,52.9431],[0.0773,52.9433],[0.08,52.944],[0.0794,52.9443],[0.08,52.944],[0.0813,52.9449],[0.0807,52.945],[0.0813,52.9449],[0.082,52.9457],[0.0818,52.9459],[0.082,52.9457],[0.0818,52.9474],[0.0812,52.9478],[0.0818,52.9474],[0.0838,52.9475],[0.0838,52.9476],[0.0834,52.9477],[0.0828,52.9479],[0.0834,52.9477],[0.0838,52.9476],[0.0838,52.9475],[0.0835,52.9485],[0.0825,52.9484],[0.0823,52.9485],[0.0825,52.9484],[0.0818,52.9495],[0.0818,52.9494],[0.0815,52.9493],[0.0813,52.9492],[0.0815,52.9493],[0.0818,52.9495],[0.0818,52.951],[0.0816,52.9517],[0.0818,52.9519],[0.0816,52.9517],[0.0836,52.951],[0.083,52.9513],[0.0836,52.951],[0.0841,52.9518],[0.0836,52.9521],[0.0834,52.9522],[0.0836,52.9521],[0.0837,52.9523],[0.0838,52.9524],[0.0837,52.9523],[0.0836,52.9521],[0.0841,52.9518],[0.0852,52.9518],[0.085,52.9518],[0.0847,52.9518],[0.0846,52.9518],[0.0847,52.9518],[0.085,52.9518],[0.0852,52.9518],[0.0854,52.9521],[0.085,52.9526],[0.0845,52.9532],[0.084,52.9538],[0.0845,52.9532],[0.085,52.9526],[0.0854,52.9521],[0.0872,52.9527],[0.0874,52.9542],[0.0874,52.9545],[0.0874,52.9542],[0.0872,52.9527],[0.0878,52.9526],[0.0877,52.9529],[0.0878,52.9526],[0.0881,52.955],[0.0878,52.9552],[0.0877,52.9552],[0.0878,52.9552],[0.0881,52.955],[0.0915,52.9559],[0.0913,52.9559],[0.0911,52.9559],[0.0909,52.9559],[0.0905,52.9558],[0.0909,52.9559],[0.0911,52.9559],[0.0897,52.9568],[0.0895,52.9568],[0.0897,52.9568],[0.0913,52.9559],[0.0915,52.9559],[0.0894,52.9576],[0.0873,52.9577],[0.0934,52.96],[0.0909,52.9614],[0.0902,52.9617],[0.0909,52.9614],[0.0932,52.9614],[0.0942,52.9667],[0.0941,52.9668],[0.0942,52.9667],[0.0972,52.9652],[0.0995,52.9685],[0.0995,52.9688],[0.0995,52.9689],[0.0996,52.9695],[0.0995,52.9689],[0.0995,52.9688],[0.0995,52.9685],[0.1006,52.9679],[0.1017,52.9668],[0.1024,52.9668],[0.1022,52.9674],[0.1024,52.9668],[0.1021,52.968],[0.102,52.9683],[0.1016,52.9686],[0.1011,52.9688],[0.1007,52.9689],[0.1011,52.9688],[0.1016,52.9686],[0.102,52.9683],[0.1021,52.968],[0.1028,52.9676],[0.1059,52.967],[0.1069,52.9672],[0.1074,52.9682],[0.1056,52.969],[0.1074,52.9682],[0.1079,52.9705],[0.1077,52.9706],[0.1066,52.9706],[0.1065,52.9706],[0.1053,52.9702],[0.1051,52.9702],[0.1049,52.9702],[0.1051,52.9702],[0.1052,52.9703],[0.1053,52.9702],[0.1065,52.9706],[0.1066,52.9706],[0.1051,52.9736],[0.1059,52.9742],[0.1051,52.9736],[0.1077,52.9706],[0.1079,52.9705],[0.1078,52.9709],[0.1081,52.9711],[0.1087,52.9714],[0.1083,52.9715],[0.1087,52.9714],[0.1106,52.971],[0.1096,52.972],[0.1088,52.9724],[0.11,52.9719],[0.1109,52.9727],[0.1113,52.9732],[0.1113,52.9733],[0.1105,52.9741],[0.108,52.9735],[0.1076,52.9736],[0.1069,52.9745],[0.1067,52.9748],[0.1089,52.975],[0.1088,52.9749],[0.1086,52.9747],[0.1088,52.9749],[0.1089,52.975],[0.1067,52.9748],[0.1069,52.9745],[0.1076,52.9736],[0.108,52.9735],[0.1105,52.9741],[0.1113,52.9733],[0.1113,52.9732],[0.111,52.9751],[0.1109,52.9751],[0.1092,52.976],[0.109,52.976],[0.1092,52.976],[0.1109,52.9751],[0.111,52.9751],[0.1113,52.9755],[0.1149,52.9784],[0.1141,52.9785],[0.1126,52.9794],[0.1127,52.9795],[0.1126,52.9794],[0.1141,52.9785],[0.1149,52.9784],[0.1195,52.9803],[0.1194,52.9804],[0.1189,52.9828],[0.119,52.9829],[0.121,52.985],[0.119,52.9829],[0.1189,52.9828],[0.1188,52.9826],[0.1194,52.9804],[0.1195,52.9803],[0.1215,52.9821],[0.125,52.986],[0.125,52.9859],[0.1248,52.9859],[0.125,52.9859],[0.125,52.986],[0.1249,52.986],[0.1265,52.9869],[0.1261,52.9869],[0.1265,52.9869],[0.1286,52.9904],[0.1277,52.9906],[0.1278,52.9909],[0.1277,52.9906],[0.1286,52.9904],[0.1342,52.9921],[0.134,52.9922],[0.1342,52.9921],[0.1335,52.9942],[0.1315,52.9946],[0.1312,52.9943],[0.1315,52.9946],[0.1335,52.9942],[0.1354,52.9939],[0.1354,52.9949],[0.1364,52.9954],[0.1357,52.9977],[0.14,52.9978],[0.144,53.0004],[0.1439,53.0004],[0.144,53.0004],[0.1445,53.0023],[0.1441,53.0023],[0.1438,53.0024],[0.1441,53.0023],[0.1445,53.0023],[0.1453,53.0047],[0.1453,53.0048],[0.1453,53.0047],[0.1464,53.0047],[0.1464,53.0048],[0.1464,53.0047],[0.1493,53.0047],[0.1489,53.0047],[0.1493,53.0047],[0.1518,53.0083],[0.1543,53.0091],[0.1516,53.0113],[0.151,53.0115],[0.1516,53.0113],[0.1561,53.0098],[0.1568,53.0106],[0.1567,53.0108],[0.1568,53.0106],[0.1577,53.0115],[0.1577,53.0117],[0.1574,53.0125],[0.1576,53.0133],[0.1573,53.0139],[0.1573,53.014],[0.1573,53.0139],[0.1576,53.0133],[0.1574,53.0125],[0.1577,53.0117],[0.1577,53.0115],[0.1596,53.0108],[0.1597,53.0111],[0.1601,53.0116],[0.1598,53.0117],[0.1596,53.0116],[0.1592,53.0126],[0.1592,53.0127],[0.1592,53.0126],[0.1596,53.0116],[0.1596,53.0117],[0.1598,53.0117],[0.1601,53.0116],[0.1616,53.0123],[0.1614,53.0124],[0.161,53.0125],[0.1614,53.0124],[0.1616,53.0123],[0.1624,53.0126],[0.1622,53.0126],[0.1624,53.0126],[0.1644,53.0139],[0.1694,53.0187],[0.1686,53.0192],[0.1694,53.0187],[0.1712,53.0193],[0.1709,53.0193],[0.1712,53.0193],[0.1723,53.0201],[0.1718,53.0203],[0.1717,53.0203],[0.1714,53.0204],[0.1717,53.0203],[0.1718,53.0203],[0.1723,53.0201],[0.1742,53.0198],[0.1757,53.0218],[0.1777,53.0207],[0.1781,53.0211],[0.178,53.0211],[0.1772,53.0212],[0.1775,53.0213],[0.178,53.0211],[0.1781,53.0211],[0.1789,53.0218],[0.1787,53.022],[0.1783,53.0222],[0.1787,53.022],[0.1789,53.0218],[0.1792,53.0258],[0.1812,53.0225],[0.183,53.0233],[0.1828,53.0237],[0.1827,53.0239],[0.1827,53.024],[0.1829,53.0246],[0.1827,53.024],[0.1827,53.0239],[0.1828,53.0237],[0.1831,53.0235],[0.1831,53.0237],[0.1832,53.0245],[0.1831,53.0237],[0.1845,53.0249],[0.1844,53.0252],[0.1842,53.026],[0.1843,53.0267],[0.1842,53.026],[0.1844,53.0252],[0.1845,53.0249],[0.1906,53.028],[0.1905,53.028],[0.1906,53.028],[0.191,53.0287],[0.1896,53.0296],[0.191,53.0287],[0.1934,53.029],[0.193,53.029],[0.1919,53.0289],[0.1916,53.0288],[0.1919,53.0289],[0.193,53.029],[0.1934,53.029],[0.1929,53.0299],[0.1928,53.0299],[0.1917,53.03],[0.1912,53.0298],[0.1908,53.0308],[0.1903,53.0311],[0.1908,53.0308],[0.1912,53.0298],[0.1917,53.03],[0.1928,53.0299],[0.1929,53.0299],[0.1951,53.032],[0.1945,53.0324],[0.1951,53.032],[0.2075,53.0347],[0.2079,53.0347],[0.2121,53.037],[0.2124,53.0369],[0.2118,53.0373],[0.2124,53.0369],[0.2166,53.0376],[0.2225,53.04],[0.2309,53.0445],[0.2308,53.0446],[0.2302,53.0448],[0.2305,53.0451],[0.2304,53.0453],[0.2301,53.0456],[0.2302,53.0458],[0.2301,53.0456],[0.2304,53.0453],[0.2305,53.0451],[0.2302,53.0448],[0.2308,53.0446],[0.2309,53.0445],[0.2404,53.0507],[0.2402,53.0507],[0.2404,53.0507],[0.2438,53.0519],[0.244,53.0521],[0.2443,53.052],[0.2438,53.0519],[0.2475,53.0521],[0.2475,53.052],[0.2475,53.0521],[0.2464,53.0529],[0.2474,53.0543],[0.2459,53.0549],[0.2474,53.0543],[0.248,53.0546],[0.2487,53.0556],[0.249,53.0556],[0.2487,53.0556],[0.2582,53.0565],[0.2654,53.0641],[0.264,53.064],[0.2628,53.0631],[0.2617,53.0638],[0.2616,53.0638],[0.2617,53.0638],[0.264,53.064],[0.2654,53.0641],[0.2677,53.0655],[0.2673,53.0658],[0.2668,53.066],[0.2667,53.066],[0.2664,53.0658],[0.2667,53.066],[0.2668,53.066],[0.2673,53.0658],[0.2677,53.0655],[0.2718,53.0677],[0.2718,53.0679],[0.2718,53.0677],[0.2754,53.0694],[0.2755,53.0696],[0.2754,53.0694],[0.2768,53.0707],[0.278,53.0711],[0.2786,53.0718],[0.2787,53.0719],[0.2786,53.0718],[0.278,53.0711],[0.2859,53.0751],[0.2839,53.0754],[0.2859,53.0751],[0.2869,53.0764],[0.2868,53.0766],[0.2852,53.0778],[0.2849,53.0779],[0.2855,53.08],[0.2855,53.0801],[0.2855,53.08],[0.2849,53.0779],[0.2852,53.0778],[0.2868,53.0766],[0.2869,53.0764],[0.3061,53.0855],[0.3054,53.0858],[0.3061,53.0855],[0.3085,53.0861],[0.3082,53.0862],[0.3085,53.0861],[0.3087,53.0863],[0.3083,53.0867],[0.3087,53.0863],[0.3146,53.0928],[0.3146,53.0929],[0.314,53.0933],[0.313,53.0937],[0.3112,53.0946],[0.3114,53.0948],[0.3115,53.0949],[0.3114,53.095],[0.3118,53.0953],[0.3114,53.095],[0.3115,53.0949],[0.3116,53.0949],[0.3137,53.0943],[0.3116,53.0949],[0.3114,53.0948],[0.3112,53.0946],[0.313,53.0937],[0.314,53.0933],[0.3146,53.0929],[0.3146,53.0928],[0.3203,53.0957],[0.319,53.1014],[0.3158,53.1015],[0.3146,53.1015],[0.314,53.102],[0.3085,53.106],[0.3083,53.1063],[0.3085,53.106],[0.3147,53.1016],[0.3159,53.1016],[0.3167,53.102],[0.3184,53.1019],[0.3192,53.1013],[0.3206,53.0956],[0.3174,53.0933],[0.3175,53.0933],[0.3174,53.0933],[0.3196,53.093],[0.3199,53.0933],[0.3207,53.0931],[0.3208,53.0925],[0.3209,53.0925],[0.3213,53.0929],[0.3209,53.0925],[0.3208,53.0925],[0.3207,53.0931],[0.3199,53.0933],[0.3196,53.093],[0.3192,53.0917],[0.324,53.0915],[0.3243,53.0927],[0.3254,53.0922],[0.3257,53.0923],[0.3257,53.0924],[0.3261,53.0926],[0.3262,53.0926],[0.3261,53.0926],[0.3257,53.0924],[0.3257,53.0923],[0.3254,53.0922],[0.355,53.1918],[0.3222,53.2665],[0.1059,53.2387],[0.1414,53.1287],[0.0001,53.1175],[-0.1642,53.0501],[-0.1961,53.0696],[-0.202,53.006],[-0.2467,52.9288],[-0.0698,52.8644]]]]},"properties":{"PCON24CD":"E14001114","PCON24NM":"Boston and Skegness"}},
{"type":"Feature","geometry":{"type":"Polygon","coordinates":[[[-1.8064,50.7413],[-1.8156,50.7434],[-1.8193,50.7581],[-1.8422,50.7615],[-1.8512,50.7736],[-1.8743,50.7648],[-1.8833,50.7533],[-1.8616,50.7442],[-1.874,50.732],[-1.8622,50.726],[-1.8651,50.7172],[-1.8156,50.7206],[-1.7672,50.7162],[-1.7469,50.7177],[-1.7631,50.719],[-1.7633,50.7189],[-1.7631,50.719],[-1.7763,50.7299],[-1.7896,50.7294],[-1.8013,50.7392],[-1.8035,50.7402],[-1.8064,50.7413]]]},"properties":{"PCON24CD":"E14001115","PCON24NM":"Bournemouth East"}},
{"type":"Feature","geometry":{"type":"Polygon","coordinates":[[[-1.8743,50.7648],[-1.8938,50.7801],[-1.9101,50.7753],[-1.9255,50.7591],[-1.946,50.7487],[-1.9277,50.7382],[-1.9246,50.728],[-1.9059,50.7237],[-1.9021,50.7083],[-1.8651,50.7172],[-1.8622,50.726],[-1.874,50.732],[-1.8616,50.7442],[-1.8833,50.7533],[-1.8743,50.7648]]]},"properties":{"PCON24CD":"E14001116","PCON24NM":"Bournemouth West"}},
{"type":"Feature","geometry":{"type":"Polygon","coordinates":[[[-0.7353,51.365],[-0.7318,51.39],[-0.7176,51.4146],[-0.7305,51.4275],[-0.7568,51.4293],[-0.7828,51.4097],[-0.8007,51.4038],[-0.7888,51.3718],[-0.8092,51.371],[-0.8374,51.3529],[-0.7871,51.3392],[-0.7755,51.332],[-0.7353,51.365]]]},"properties":{"PCON24CD":"E14001117","PCON24NM":"Bracknell"}},
{"type":"Feature","geometry":{"type":"Polygon","coordinates":[[[-1.7031,53.8364],[-1.6931,53.853],[-1.7103,53.8635],[-1.7528,53.8431],[-1.7369,53.8236],[-1.7549,53.817],[-1.768,53.819],[-1.7561,53.8013],[-1.743,53.7937],[-1.7581,53.7822],[-1.7804,53.7807],[-1.7441,53.7685],[-1.7203,53.7773],[-1.7324,53.7894],[-1.7099,53.7929],[-1.7037,53.8018],[-1.708,53.8157],[-1.7031,53.8364]]]},"properties":{"PCON24CD":"E14001118","PCON24NM":"Bradford East"}},
{"type":"Feature","geometry":{"type":"Polygon","coordinates":[[[-1.7804,53.7807],[-1.7991,53.7938],[-1.806,53.7771],[-1.8465,53.7722],[-1.8518,53.7857],[-1.8734,53.7786],[-1.8684,53.7533],[-1.8542,53.7511],[-1.8278,53.7637],[-1.8094,53.7644],[-1.7925,53.7449],[-1.7701,53.7263],[-1.7472,53.7468],[-1.7339,53.7482],[-1.7049,53.7648],[-1.6816,53.7565],[-1.642,53.7725],[-1.6406,53.78],[-1.6759,53.7804],[-1.7099,53.7929],[-1.7324,53.7894],[-1.7203,53.7773],[-1.7441,53.7685],[-1.7804,53.7807]]]},"properties":{"PCON24CD":"E14001119","PCON24NM":"Bradford South"}},
{"type":"Feature","geometry":{"type":"Polygon","coordinates":[[[-1.768,53.819],[-1.774,53.8269],[-1.7995,53.8272],[-1.8456,53.8186],[-1.8824,53.8076],[-1.8717,53.7941],[-1.8956,53.7809],[-1.8734,53.7786],[-1.8518,53.7857],[-1.8465,53.7722],[-1.806,53.7771],[-1.7991,53.7938],[-1.7804,53.7807],[-1.7581,53.7822],[-1.743,53.7937],[-1.7561,53.8013],[-1.768,53.819]]]},"properties":{"PCON24CD":"E14001120","PCON24NM":"Bradford West"}},
{"type":"Feature","geometry":{"type":"Polygon","coordinates":[[[0.7815,51.9665],[0.6569,52.0854],[0.5046,52.0545],[0.4046,52.0655],[0.3638,52.0436],[0.3081,52.0196],[0.4134,51.9298],[0.3849,51.9016],[0.4311,51.8318],[0.5302,51.8296],[0.5746,51.8494],[0.6013,51.9216],[0.6453,51.9067],[0.6746,51.9806],[0.7497,51.9548],[0.7815,51.9665]]]},"properties":{"PCON24CD":"E14001121","PCON24NM":"Braintree"}},
{"type":"Feature","geometry":{"type":"Polygon","coordinates":[[[-0.2322,51.571],[-0.2523,51.5745],[-0.2482,51.5843],[-0.2623,51.5963],[-0.2668,51.5827],[-0.2778,51.5797],[-0.2614,51.5639],[-0.2659,51.5532],[-0.2818,51.5381],[-0.2792,51.5288],[-0.2556,51.534],[-0.2566,51.5411],[-0.2457,51.5434],[-0.2278,51.5361],[-0.215,51.5371],[-0.2019,51.5453],[-0.2135,51.5552],[-0.2322,51.571]]]},"properties":{"PCON24CD":"E14001122","PCON24NM":"Brent East"}},
{"type":"Feature","geometry":{"type":"Polygon","coordinates":[[[-0.2778,51.5797],[-0.2823,51.585],[-0.3014,51.5873],[-0.317,51.5821],[-0.3266,51.5788],[-0.3221,51.5697],[-0.3356,51.5566],[-0.308,51.5461],[-0.3027,51.532],[-0.2818,51.5381],[-0.2659,51.5532],[-0.2614,51.5639],[-0.2778,51.5797]]]},"properties":{"PCON24CD":"E14001123","PCON24NM":"Brent West"}},
{"type":"Feature","geometry":{"type":"Polygon","coordinates":[[[-0.2975,51.4949],[-0.3581,51.4978],[-0.375,51.494],[-0.373,51.4716],[-0.4014,51.459],[-0.3878,51.4494],[-0.3772,51.4521],[-0.3462,51.448],[-0.3435,51.4574],[-0.3267,51.4601],[-0.3202,51.4713],[-0.2927,51.4874],[-0.2975,51.4949]]]},"properties":{"PCON24CD":"E14001124","PCON24NM":"Brentford and Isleworth"}},
{"type":"Feature","geometry":{"type":"Polygon","coordinates":[[[0.3767,51.6985],[0.3389,51.7015],[0.345,51.7662],[0.2814,51.7895],[0.2366,51.7739],[0.1809,51.771],[0.1568,51.7316],[0.1054,51.648],[0.1292,51.6214],[0.1382,51.6235],[0.1689,51.6214],[0.197,51.6256],[0.2241,51.6317],[0.2643,51.6078],[0.2903,51.5643],[0.313,51.5658],[0.3826,51.5658],[0.386,51.5859],[0.3758,51.6149],[0.4022,51.651],[0.3767,51.6985]]]},"properties":{"PCON24CD":"E14001125","PCON24NM":"Brentwood and Ongar"}},
{"type":"Feature","geometry":{"type":"MultiPolygon","coordinates":[[[[-2.9341,51.0805],[-2.9964,51.1212],[-3.0039,51.1335],[-2.998,51.1444],[-2.9992,51.1459],[-2.9971,51.1486],[-2.9993,51.1507],[-2.9989,51.1525],[-2.9975,51.1531],[-3.0106,51.1736],[-3.0433,51.164],[-3.0574,51.1748],[-3.0569,51.1858],[-3.0548,51.2059],[-3.1128,51.1704],[-3.2159,51.1296],[-3.1366,51.0721],[-2.9975,51.0538],[-2.9334,51.0572],[-2.9269,51.0616],[-2.9341,51.0805]]],[[[-2.9932,51.301],[-3.0215,51.2655],[-3.0005,51.2416],[-3.0204,51.1994],[-3.0558,51.1777],[-3.0412,51.1648],[-3.02,51.1773],[-3.0076,51.1735],[-3.0015,51.1618],[-2.9883,51.1614],[-2.9904,51.154],[-2.9988,51.1515],[-2.9969,51.1495],[-2.9968,51.1476],[-2.9986,51.1459],[-2.9921,51.144],[-2.9936,51.1411],[-2.9964,51.1212],[-2.9346,51.0833],[-2.8882,51.0691],[-2.8499,51.1032],[-2.9147,51.1188],[-2.8963,51.1831],[-2.9783,51.1881],[-2.9927,51.2608],[-2.9753,51.2963],[-2.9932,51.301]]]]},"properties":{"PCON24CD":"E14001126","PCON24NM":"Bridgwater"}},
{"type":"Feature","geometry":{"type":"MultiPolygon","coordinates":[[[[-0.3877,53.9122],[-0.3872,53.9114],[-0.3843,53.9098],[-0.3877,53.9122]]],[[[-0.3877,53.9122],[-0.3889,53.9139],[-0.389,53.914],[-0.3877,53.9122]]],[[[-0.389,53.914],[-0.3935,53.9189],[-0.4101,53.9241],[-0.3936,53.9189],[-0.389,53.914]]],[[[-0.2125,54.1577],[-0.4271,54.1374],[-0.591,54.0871],[-0.687,54.0308],[-0.9086,53.9969],[-0.7007,53.8374],[-0.58,53.8577],[-0.5787,53.9406],[-0.4136,53.9236],[-0.4111,53.9244],[-0.4118,53.9248],[-0.3934,53.919],[-0.3887,53.9141],[-0.3876,53.9123],[-0.3682,53.913],[-0.1834,53.8902],[-0.1019,53.8465],[-0.2051,53.9893],[-0.2102,54.0615],[-0.0996,54.1301],[-0.2125,54.1577]]]]},"properties":{"PCON24CD":"E14001127","PCON24NM":"Bridlington and The Wolds"}},
{"type":"Feature","geometry":{"type":"Polygon","coordinates":[[[-0.1115,53.59],[-0.2018,53.6371],[-0.2998,53.7144],[-0.4431,53.694],[-0.4433,53.6914],[-0.4431,53.694],[-0.5255,53.678],[-0.5391,53.6503],[-0.6277,53.648],[-0.639,53.6206],[-0.5987,53.5711],[-0.5461,53.5449],[-0.4909,53.5459],[-0.3359,53.5586],[-0.2904,53.6106],[-0.1875,53.5636],[-0.2024,53.4866],[-0.1318,53.4359],[-0.0676,53.516],[0.0176,53.5255],[0.0088,53.5348],[-0.032,53.5348],[-0.0655,53.5468],[-0.0845,53.5387],[-0.1245,53.5435],[-0.1503,53.5676],[-0.1115,53.59]]]},"properties":{"PCON24CD":"E14001128","PCON24NM":"Brigg and Immingham"}},
{"type":"Feature","geometry":{"type":"Polygon","coordinates":[[[0.0297,50.783],[0.0299,50.7948],[0.0094,50.8023],[-0.0031,50.8198],[-0.031,50.8174],[-0.0425,50.8243],[-0.0369,50.8412],[-0.0633,50.8414],[-0.0832,50.8632],[-0.1077,50.8561],[-0.1242,50.8378],[-0.1187,50.8314],[-0.137,50.8186],[-0.1013,50.8089],[-0.0925,50.8118],[0.0297,50.783]]]},"properties":{"PCON24CD":"E14001129","PCON24NM":"Brighton Kemptown and Peacehaven"}},
{"type":"Feature","geometry":{"type":"Polygon","coordinates":[[[-0.135,50.8867],[-0.1681,50.8808],[-0.1824,50.8883],[-0.1877,50.8686],[-0.163,50.8496],[-0.1476,50.8311],[-0.157,50.8218],[-0.137,50.8186],[-0.1187,50.8314],[-0.1242,50.8378],[-0.1077,50.8561],[-0.0832,50.8632],[-0.0849,50.8731],[-0.1049,50.8723],[-0.135,50.8867]]]},"properties":{"PCON24CD":"E14001130","PCON24NM":"Brighton Pavilion"}},
{"type":"Feature","geometry":{"type":"MultiPolygon","coordinates":[[[[-2.6262,51.4504],[-2.6312,51.4577],[-2.6319,51.4577],[-2.6265,51.4504],[-2.6262,51.4504]]],[[[-2.5761,51.4758],[-2.6009,51.4826],[-2.629,51.4612],[-2.6299,51.4578],[-2.6187,51.4458],[-2.6083,51.4467],[-2.5878,51.4454],[-2.5821,51.4477],[-2.5841,51.4596],[-2.5679,51.4689],[-2.5761,51.4758]]]]},"properties":{"PCON24CD":"E14001131","PCON24NM":"Bristol Central"}},
{"type":"Feature","geometry":{"type":"Polygon","coordinates":[[[-2.5185,51.4557],[-2.5129,51.4672],[-2.5431,51.4657],[-2.5679,51.4689],[-2.5841,51.4596],[-2.5821,51.4477],[-2.5806,51.4483],[-2.5784,51.4483],[-2.5769,51.4473],[-2.5732,51.4431],[-2.5868,51.4344],[-2.5835,51.4274],[-2.5639,51.4276],[-2.5588,51.4112],[-2.536,51.4111],[-2.5237,51.4299],[-2.5265,51.4432],[-2.5185,51.4557]]]},"properties":{"PCON24CD":"E14001132","PCON24NM":"Bristol East"}},
{"type":"Feature","geometry":{"type":"Polygon","coordinates":[[[-2.4767,51.4765],[-2.4921,51.4926],[-2.511,51.49],[-2.5377,51.4971],[-2.5553,51.4927],[-2.5713,51.4996],[-2.5786,51.4904],[-2.5761,51.4758],[-2.5679,51.4689],[-2.5431,51.4657],[-2.5129,51.4672],[-2.5185,51.4557],[-2.4952,51.4508],[-2.4835,51.4555],[-2.4779,51.4685],[-2.4767,51.4765]]]},"properties":{"PCON24CD":"E14001133","PCON24NM":"Bristol North East"}},
{"type":"Feature","geometry":{"type":"MultiPolygon","coordinates":[[[[-2.6763,51.4797],[-2.6848,51.4812],[-2.6767,51.4797],[-2.6763,51.4797]]],[[[-2.6758,51.4797],[-2.6747,51.4798],[-2.6705,51.4812],[-2.6689,51.4821],[-2.6758,51.4797]]],[[[-2.6686,51.4813],[-2.6677,51.4823],[-2.6682,51.4824],[-2.6678,51.4823],[-2.6688,51.4813],[-2.6686,51.4813]]],[[[-2.6869,51.4834],[-2.6912,51.4866],[-2.6922,51.4862],[-2.6912,51.4865],[-2.6869,51.4834]]],[[[-2.6312,51.4577],[-2.6339,51.4666],[-2.6512,51.4739],[-2.6526,51.4798],[-2.6614,51.4866],[-2.6649,51.4863],[-2.6682,51.4814],[-2.6681,51.4814],[-2.6618,51.4866],[-2.6526,51.4792],[-2.6511,51.4737],[-2.6342,51.4667],[-2.6319,51.4577],[-2.6312,51.4577]]],[[[-2.692,51.4865],[-2.6916,51.4868],[-2.6917,51.4868],[-2.692,51.4865]]],[[[-2.6917,51.4868],[-2.6944,51.489],[-2.6968,51.4904],[-2.694,51.4886],[-2.6917,51.4868]]],[[[-2.6309,51.5137],[-2.6514,51.5207],[-2.6738,51.5444],[-2.7029,51.5153],[-2.7087,51.4977],[-2.6752,51.4808],[-2.6679,51.484],[-2.6663,51.4868],[-2.6596,51.4871],[-2.6522,51.4816],[-2.6487,51.4737],[-2.6329,51.4674],[-2.6299,51.4578],[-2.629,51.4612],[-2.6009,51.4826],[-2.5761,51.4758],[-2.5786,51.4904],[-2.5713,51.4996],[-2.5881,51.5012],[-2.588,51.5171],[-2.6309,51.5137]]]]},"properties":{"PCON24CD":"E14001134","PCON24NM":"Bristol North West"}},
{"type":"Feature","geometry":{"type":"Polygon","coordinates":[[[-2.5732,51.4431],[-2.5808,51.4479],[-2.5848,51.4457],[-2.5875,51.445],[-2.6055,51.4465],[-2.6183,51.4454],[-2.6262,51.4504],[-2.6265,51.4504],[-2.6401,51.4405],[-2.6335,51.4358],[-2.6298,51.4147],[-2.6333,51.4035],[-2.5901,51.3975],[-2.5708,51.3994],[-2.5588,51.4112],[-2.5639,51.4276],[-2.5835,51.4274],[-2.5868,51.4344],[-2.5732,51.4431]]]},"properties":{"PCON24CD":"E14001135","PCON24NM":"Bristol South"}},
{"type":"Feature","geometry":{"type":"Polygon","coordinates":[[[1.4239,52.702],[1.2766,52.8174],[1.1496,52.8121],[0.9529,52.861],[0.8854,52.914],[0.7879,52.9079],[0.791,52.8599],[0.7079,52.7885],[0.8394,52.8111],[0.9936,52.7984],[1.0998,52.7164],[1.0976,52.6498],[1.2066,52.6609],[1.2176,52.673],[1.217,52.6933],[1.2512,52.6723],[1.283,52.6773],[1.3149,52.6714],[1.3517,52.6708],[1.3723,52.6438],[1.368,52.6252],[1.4325,52.6216],[1.4326,52.6216],[1.4325,52.6216],[1.4325,52.6214],[1.5262,52.5602],[1.5383,52.5609],[1.5417,52.5555],[1.5527,52.5594],[1.5565,52.5596],[1.5601,52.5576],[1.5737,52.5589],[1.578,52.5569],[1.6452,52.5892],[1.6423,52.603],[1.6748,52.6095],[1.663,52.6212],[1.644,52.6302],[1.6375,52.6303],[1.6334,52.6325],[1.6296,52.627],[1.6179,52.6288],[1.6105,52.6245],[1.6061,52.6238],[1.5995,52.6252],[1.5926,52.629],[1.5912,52.6374],[1.5917,52.6369],[1.5912,52.6374],[1.5886,52.6379],[1.5887,52.6379],[1.5886,52.6379],[1.5852,52.6365],[1.5718,52.6374],[1.5661,52.6397],[1.5681,52.6488],[1.5594,52.6497],[1.5568,52.6514],[1.5566,52.6543],[1.5618,52.666],[1.5498,52.6812],[1.5116,52.6876],[1.513,52.6891],[1.4614,52.705],[1.4239,52.702]]]},"properties":{"PCON24CD":"E14001136","PCON24NM":"Broadland and Fakenham"}},
{"type":"Feature","geometry":{"type":"Polygon","coordinates":[[[0.0345,51.4235],[0.0255,51.429],[0.0035,51.4174],[-0.0077,51.4145],[0.0144,51.4001],[0.0026,51.3881],[0.004,51.3766],[-0.0198,51.3636],[-0.0053,51.3527],[0.0023,51.3291],[0.015,51.2918],[0.0426,51.3013],[0.0399,51.3493],[0.0555,51.3648],[0.0658,51.3894],[0.0594,51.4039],[0.0345,51.4235]]]},"properties":{"PCON24CD":"E14001137","PCON24NM":"Bromley and Biggin Hill"}},
{"type":"Feature","geometry":{"type":"Polygon","coordinates":[[[-2.017,52.4327],[-2.0585,52.4408],[-2.0675,52.4326],[-2.0861,52.4329],[-2.0902,52.4426],[-2.1088,52.4412],[-2.136,52.4263],[-2.1649,52.4302],[-2.1677,52.4238],[-2.1377,52.3939],[-2.1372,52.35],[-2.0762,52.289],[-2.0151,52.2785],[-1.9335,52.3242],[-1.881,52.3109],[-1.872,52.3676],[-1.8455,52.4004],[-1.8688,52.4047],[-1.9046,52.4031],[-1.9137,52.4075],[-1.9186,52.3982],[-1.9346,52.3879],[-1.9649,52.3922],[-1.9893,52.3825],[-2.013,52.3887],[-2.0214,52.4001],[-2.0128,52.4095],[-1.986,52.4167],[-2.002,52.421],[-2.017,52.4327]]]},"properties":{"PCON24CD":"E14001138","PCON24NM":"Bromsgrove"}},
{"type":"Feature","geometry":{"type":"Polygon","coordinates":[[[0.0423,51.7751],[0.0422,51.7982],[0.0052,51.8089],[-0.0562,51.7833],[-0.0856,51.7789],[-0.0921,51.7432],[-0.1141,51.7208],[-0.1058,51.6919],[-0.0671,51.6841],[-0.0119,51.6809],[-0.0141,51.7231],[-0.0136,51.741],[0.0252,51.7735],[0.0423,51.7751]]]},"properties":{"PCON24CD":"E14001139","PCON24NM":"Broxbourne"}},
{"type":"Feature","geometry":{"type":"Polygon","coordinates":[[[-1.2576,53.0409],[-1.3359,53.053],[-1.3312,53.0319],[-1.3074,53.0036],[-1.2824,52.9512],[-1.2818,52.9103],[-1.2397,52.8923],[-1.2139,52.9044],[-1.1823,52.9173],[-1.1974,52.9291],[-1.2343,52.9421],[-1.2469,52.9536],[-1.2408,52.9631],[-1.26,52.9661],[-1.2782,52.9853],[-1.2771,53.006],[-1.2413,53.0312],[-1.2576,53.0409]]]},"properties":{"PCON24CD":"E14001140","PCON24NM":"Broxtowe"}},
{"type":"Feature","geometry":{"type":"Polygon","coordinates":[[[-0.8713,52.0402],[-0.9451,52.0769],[-1.0263,52.0754],[-1.122,52.0451],[-1.1181,52.0154],[-1.0579,51.9994],[-1.0559,51.9426],[-0.9566,51.9552],[-0.9183,51.9067],[-0.9565,51.86],[-0.859,51.8592],[-0.8341,51.8985],[-0.7022,51.9091],[-0.6512,51.9682],[-0.653,51.9692],[-0.7016,51.9854],[-0.7198,52.0129],[-0.7609,52.0108],[-0.7762,51.9997],[-0.8272,52.0152],[-0.8713,52.0402]]]},"properties":{"PCON24CD":"E14001141","PCON24NM":"Buckingham and Bletchley"}},
{"type":"Feature","geometry":{"type":"Polygon","coordinates":[[[-2.1123,53.8057],[-2.1286,53.8198],[-2.2193,53.8254],[-2.2402,53.8336],[-2.3098,53.8144],[-2.3423,53.7948],[-2.3286,53.7615],[-2.303,53.7484],[-2.1854,53.7307],[-2.1733,53.723],[-2.1295,53.7546],[-2.1278,53.7983],[-2.1123,53.8057]]]},"properties":{"PCON24CD":"E14001142","PCON24NM":"Burnley"}},
{"type":"Feature","geometry":{"type":"Polygon","coordinates":[[[-1.779,53.0449],[-1.856,53.0341],[-1.8865,53.0163],[-1.8616,52.9793],[-1.9222,52.9636],[-1.9344,52.9317],[-1.9711,52.9408],[-2.0416,52.9175],[-1.9704,52.8855],[-1.8903,52.8607],[-1.8035,52.8546],[-1.7801,52.8204],[-1.7043,52.8123],[-1.67,52.7736],[-1.5899,52.8064],[-1.6352,52.853],[-1.7835,52.8841],[-1.8284,52.8846],[-1.8543,52.9301],[-1.8302,52.9715],[-1.7633,52.9995],[-1.779,53.0449]]]},"properties":{"PCON24CD":"E14001143","PCON24NM":"Burton and Uttoxeter"}},
{"type":"Feature","geometry":{"type":"Polygon","coordinates":[[[-2.2718,53.6145],[-2.2952,53.6402],[-2.2938,53.6582],[-2.3626,53.6559],[-2.3791,53.6309],[-2.363,53.6103],[-2.3771,53.5929],[-2.3726,53.5728],[-2.3573,53.5633],[-2.3354,53.5671],[-2.334,53.583],[-2.3056,53.5775],[-2.2814,53.5827],[-2.2505,53.5991],[-2.2718,53.6145]]]},"properties":{"PCON24CD":"E14001144","PCON24NM":"Bury North"}},
{"type":"Feature","geometry":{"type":"Polygon","coordinates":[[[-2.2814,53.5827],[-2.3056,53.5775],[-2.334,53.583],[-2.3354,53.5671],[-2.3573,53.5633],[-2.3736,53.5539],[-2.3475,53.5474],[-2.3382,53.5336],[-2.3104,53.5271],[-2.2946,53.5155],[-2.2741,53.509],[-2.2503,53.508],[-2.2452,53.5122],[-2.2641,53.5247],[-2.2675,53.538],[-2.2358,53.5482],[-2.2433,53.5717],[-2.2592,53.5853],[-2.2814,53.5827]]]},"properties":{"PCON24CD":"E14001145","PCON24NM":"Bury South"}},
{"type":"Feature","geometry":{"type":"Polygon","coordinates":[[[0.9675,52.3701],[0.8554,52.3994],[0.7124,52.3946],[0.7384,52.3485],[0.7189,52.2924],[0.6649,52.2575],[0.716,52.1777],[0.9466,52.1455],[1.0226,52.1853],[0.9266,52.2132],[0.9464,52.2522],[0.8878,52.2659],[0.8829,52.3001],[0.9532,52.3369],[0.9675,52.3701]]]},"properties":{"PCON24CD":"E14001146","PCON24NM":"Bury St Edmunds and Stowmarket"}},
{"type":"Feature","geometry":{"type":"Polygon","coordinates":[[[-1.9507,53.786],[-1.9808,53.7864],[-2.0612,53.8256],[-2.1123,53.8057],[-2.1278,53.7983],[-2.1295,53.7546],[-2.1733,53.723],[-2.1463,53.6822],[-2.1181,53.6712],[-2.0512,53.6837],[-2.0371,53.6623],[-2.0411,53.6408],[-2.0268,53.6242],[-2.0095,53.6168],[-1.9342,53.6483],[-1.8983,53.6446],[-1.8188,53.6729],[-1.7473,53.6946],[-1.7314,53.6804],[-1.7359,53.7132],[-1.7701,53.7263],[-1.7925,53.7449],[-1.8135,53.7407],[-1.823,53.7232],[-1.8167,53.7013],[-1.8443,53.6938],[-1.8906,53.7066],[-1.9463,53.6925],[-1.9504,53.7079],[-1.9204,53.716],[-1.9291,53.7702],[-1.9507,53.786]]]},"properties":{"PCON24CD":"E14001147","PCON24NM":"Calder Valley"}},
{"type":"Feature","geometry":{"type":"Polygon","coordinates":[[[-5.0914,50.1246],[-5.1414,50.1387],[-5.12,50.1708],[-5.1518,50.2069],[-5.1224,50.2296],[-5.1965,50.2552],[-5.0961,50.318],[-5.1533,50.3557],[-5.247,50.2842],[-5.342,50.2381],[-5.3908,50.2303],[-5.4326,50.1831],[-5.4312,50.1788],[-5.3521,50.1633],[-5.3147,50.1957],[-5.2752,50.1787],[-5.2326,50.2038],[-5.1784,50.1549],[-5.2084,50.1455],[-5.1991,50.0939],[-5.1022,50.0998],[-5.0914,50.1246]]]},"properties":{"PCON24CD":"E14001148","PCON24NM":"Camborne and Redruth"}},
{"type":"Feature","geometry":{"type":"Polygon","coordinates":[[[0.1714,52.2338],[0.1475,52.2298],[0.1299,52.2357],[0.1078,52.2306],[0.0687,52.2149],[0.1047,52.189],[0.0981,52.1806],[0.1069,52.1699],[0.132,52.1682],[0.1326,52.187],[0.1594,52.1843],[0.1799,52.2023],[0.1609,52.2208],[0.1713,52.233],[0.1714,52.2338]]]},"properties":{"PCON24CD":"E14001149","PCON24NM":"Cambridge"}},
{"type":"Feature","geometry":{"type":"Polygon","coordinates":[[[-1.944,52.7737],[-1.9731,52.7616],[-2.0185,52.7588],[-2.0311,52.7051],[-2.0546,52.6901],[-2.0356,52.6711],[-2.0019,52.6674],[-1.9866,52.6404],[-1.9646,52.6409],[-1.9546,52.6627],[-1.9632,52.6746],[-1.9241,52.7136],[-1.9339,52.7276],[-1.9123,52.7432],[-1.9131,52.7599],[-1.944,52.7737]]]},"properties":{"PCON24CD":"E14001150","PCON24NM":"Cannock Chase"}},
{"type":"Feature","geometry":{"type":"Polygon","coordinates":[[[1.0822,51.3683],[1.0683,51.369],[1.0665,51.3673],[1.0683,51.3687],[1.0706,51.368],[1.0706,51.3679],[1.0703,51.3675],[1.0701,51.3673],[1.0703,51.3675],[1.0706,51.3679],[1.0706,51.368],[1.0683,51.3687],[1.0665,51.3673],[0.9504,51.3456],[1.0009,51.319],[1.006,51.2838],[0.9733,51.2686],[1.0054,51.2085],[0.9897,51.1908],[1.0801,51.1918],[1.1476,51.1772],[1.1921,51.1838],[1.2063,51.2463],[1.1948,51.2693],[1.2204,51.3229],[1.1405,51.2975],[1.087,51.3189],[1.0822,51.3683]]]},"properties":{"PCON24CD":"E14001151","PCON24NM":"Canterbury"}},
{"type":"Feature","geometry":{"type":"MultiPolygon","coordinates":[[[[-3.058,54.9908],[-3.0578,54.9915],[-3.0577,54.9916],[-3.0576,54.9918],[-3.0584,54.9914],[-3.058,54.9908]]],[[[-2.6898,55.189],[-2.8585,55.1083],[-3.0535,54.9928],[-3.0577,54.9916],[-3.0578,54.9915],[-3.0573,54.9887],[-3.0533,54.987],[-3.0936,54.9398],[-3.0934,54.94],[-3.0936,54.9398],[-3.0879,54.941],[-3.0883,54.941],[-3.0879,54.941],[-3.0731,54.9446],[-3.0731,54.9447],[-3.0731,54.9446],[-3.0844,54.9495],[-3.0846,54.9495],[-3.0844,54.9495],[-3.0826,54.9499],[-3.0826,54.9501],[-3.0826,54.9499],[-3.0783,54.9509],[-3.0779,54.9509],[-3.0783,54.9509],[-3.0668,54.9517],[-3.0668,54.9522],[-3.0668,54.9517],[-3.061,54.9504],[-3.061,54.9501],[-3.061,54.9504],[-3.053,54.9516],[-3.0529,54.9517],[-3.053,54.9516],[-3.0504,54.9538],[-3.051,54.9541],[-3.0527,54.9555],[-3.051,54.9541],[-3.0504,54.9538],[-3.0433,54.9477],[-3.0422,54.9477],[-3.0433,54.9477],[-2.9992,54.9363],[-2.9986,54.9359],[-2.9992,54.9363],[-3.0065,54.9308],[-2.9657,54.8691],[-2.8757,54.8679],[-2.7994,54.8187],[-2.5827,54.8459],[-2.5748,55.0112],[-2.483,55.04],[-2.6898,55.189]]]]},"properties":{"PCON24CD":"E14001152","PCON24NM":"Carlisle"}},
{"type":"Feature","geometry":{"type":"Polygon","coordinates":[[[-0.1343,51.3908],[-0.1652,51.388],[-0.1748,51.3934],[-0.1884,51.3854],[-0.2003,51.3849],[-0.1825,51.3768],[-0.1808,51.3606],[-0.1736,51.358],[-0.1875,51.3408],[-0.1565,51.3215],[-0.1456,51.3235],[-0.1475,51.3388],[-0.1273,51.3471],[-0.1173,51.3457],[-0.1209,51.3633],[-0.1296,51.3872],[-0.1343,51.3908]]]},"properties":{"PCON24CD":"E14001153","PCON24NM":"Carshalton and Wallington"}},
{"type":"Feature","geometry":{"type":"MultiPolygon","coordinates":[[[[0.6305,51.5221],[0.6294,51.5208],[0.6298,51.5209],[0.6305,51.522],[0.6305,51.5221]]],[[[0.6317,51.5201],[0.634,51.5214],[0.6341,51.5214],[0.634,51.5214],[0.6339,51.5213],[0.6338,51.5213],[0.6339,51.5213],[0.6323,51.5222],[0.6322,51.5222],[0.631,51.5212],[0.6316,51.5211],[0.6317,51.5201]]],[[[0.6323,51.5222],[0.6305,51.5221],[0.6305,51.522],[0.6322,51.5222],[0.6323,51.5222]]],[[[0.624,51.5245],[0.624,51.5238],[0.6243,51.5239],[0.6243,51.524],[0.6243,51.5242],[0.6243,51.524],[0.6243,51.5239],[0.624,51.5238],[0.6248,51.523],[0.6256,51.5238],[0.6249,51.5246],[0.624,51.5245]]],[[[0.6244,51.5249],[0.624,51.5245],[0.6249,51.5246],[0.6244,51.5249]]],[[[0.6304,51.5245],[0.6292,51.5259],[0.6282,51.5247],[0.6286,51.5245],[0.6287,51.5244],[0.6289,51.5243],[0.629,51.5243],[0.6297,51.5246],[0.6297,51.5247],[0.6298,51.5248],[0.6297,51.5247],[0.6297,51.5246],[0.6304,51.5245]]],[[[0.6257,51.5256],[0.6251,51.5265],[0.625,51.5262],[0.6241,51.5255],[0.6237,51.5253],[0.6244,51.5249],[0.6256,51.5254],[0.6257,51.5256]]],[[[0.6217,51.5266],[0.6218,51.5268],[0.6217,51.5268],[0.6217,51.5266]]],[[[0.6251,51.5265],[0.6229,51.5268],[0.6226,51.5268],[0.6222,51.5266],[0.6224,51.5255],[0.6237,51.5253],[0.6241,51.5255],[0.625,51.5262],[0.6251,51.5265]]],[[[0.6229,51.5268],[0.6248,51.5269],[0.6255,51.5276],[0.6233,51.5273],[0.6223,51.5274],[0.6217,51.5268],[0.6218,51.5268],[0.6221,51.5268],[0.6226,51.5268],[0.6229,51.5268]]],[[[0.618,51.5285],[0.6167,51.5275],[0.6176,51.528],[0.618,51.5285]]],[[[0.5577,51.5437],[0.5558,51.5436],[0.554,51.542],[0.5518,51.5422],[0.5527,51.5419],[0.5578,51.5416],[0.56,51.5405],[0.5637,51.5415],[0.5574,51.543],[0.5577,51.5437]]],[[[0.5907,51.5352],[0.5901,51.5352],[0.59,51.5349],[0.5901,51.5352],[0.5836,51.5364],[0.5849,51.5364],[0.5843,51.5373],[0.5801,51.5376],[0.58,51.5377],[0.5801,51.5376],[0.5741,51.5388],[0.5762,51.5373],[0.5765,51.5373],[0.5766,51.5376],[0.5767,51.5377],[0.5766,51.5376],[0.5767,51.5373],[0.5768,51.5372],[0.5767,51.5373],[0.5765,51.5373],[0.5762,51.5373],[0.5676,51.5405],[0.5648,51.5403],[0.5646,51.5398],[0.5648,51.5403],[0.5646,51.5411],[0.5646,51.541],[0.5634,51.5391],[0.5527,51.5419],[0.5518,51.5422],[0.5447,51.5414],[0.5449,51.5413],[0.5447,51.5414],[0.5435,51.5373],[0.5437,51.5373],[0.5435,51.5373],[0.5429,51.5344],[0.5405,51.5339],[0.5405,51.5338],[0.5404,51.5338],[0.5402,51.5335],[0.5404,51.5338],[0.5405,51.5338],[0.5405,51.5339],[0.5392,51.5317],[0.5389,51.5324],[0.5326,51.5302],[0.5273,51.5316],[0.518,51.53],[0.5316,51.5192],[0.573,51.5078],[0.6286,51.5206],[0.6242,51.5218],[0.6258,51.5227],[0.6242,51.5231],[0.6226,51.5245],[0.6222,51.5257],[0.6221,51.5268],[0.6217,51.5266],[0.5987,51.5301],[0.5974,51.5298],[0.5973,51.53],[0.5974,51.5298],[0.5987,51.5301],[0.6004,51.5319],[0.5998,51.5317],[0.5992,51.5324],[0.5943,51.5344],[0.594,51.5344],[0.5931,51.5344],[0.594,51.5344],[0.5943,51.5344],[0.5907,51.5352]]],[[[0.6321,51.5705],[0.591,51.578],[0.5705,51.5876],[0.5235,51.5902],[0.5227,51.5661],[0.5064,51.5449],[0.5093,51.5355],[0.513,51.532],[0.5222,51.5328],[0.5333,51.5309],[0.541,51.5344],[0.5443,51.5471],[0.5772,51.5396],[0.5807,51.5396],[0.6027,51.5367],[0.6223,51.537],[0.6217,51.5371],[0.6216,51.537],[0.6217,51.5371],[0.6215,51.5372],[0.6216,51.5376],[0.6258,51.5381],[0.6255,51.5537],[0.6356,51.5606],[0.6321,51.5705]]]]},"properties":{"PCON24CD":"E14001154","PCON24NM":"Castle Point"}},
{"type":"Feature","geometry":{"type":"Polygon","coordinates":[[[-3.624,50.9218],[-3.9042,50.9051],[-3.9057,50.8295],[-4.0687,50.8746],[-4.1772,50.8072],[-4.0192,50.6735],[-3.882,50.6383],[-3.8756,50.5424],[-3.7276,50.4977],[-3.7135,50.5271],[-3.6623,50.5351],[-3.6597,50.5587],[-3.6049,50.5908],[-3.5501,50.6012],[-3.5449,50.6274],[-3.5093,50.6554],[-3.4525,50.6423],[-3.4698,50.6823],[-3.5018,50.6943],[-3.5391,50.6929],[-3.5669,50.7142],[-3.5606,50.7301],[-3.5697,50.745],[-3.5281,50.7889],[-3.4257,50.8119],[-3.4775,50.8708],[-3.624,50.9218]]]},"properties":{"PCON24CD":"E14001155","PCON24NM":"Central Devon"}},
{"type":"Feature","geometry":{"type":"Polygon","coordinates":[[[1.4016,52.2857],[1.2474,52.2287],[1.1806,52.2532],[1.0686,52.2199],[1.0226,52.1853],[0.9466,52.1455],[0.9515,52.1106],[1.0261,52.0709],[1.122,52.0615],[1.1331,52.0713],[1.1543,52.0721],[1.1656,52.081],[1.1899,52.0804],[1.2065,52.064],[1.206,52.0412],[1.2538,52.0509],[1.3206,52.1202],[1.42,52.1641],[1.4572,52.2476],[1.4016,52.2857]]]},"properties":{"PCON24CD":"E14001156","PCON24NM":"Central Suffolk and North Ipswich"}},
{"type":"Feature","geometry":{"type":"MultiPolygon","coordinates":[[[[0.4577,51.3175],[0.4576,51.3176],[0.4583,51.3172],[0.4582,51.3173],[0.4577,51.3175]]],[[[0.4535,51.3406],[0.4013,51.353],[0.3902,51.3419],[0.4303,51.3246],[0.4279,51.3134],[0.4575,51.3129],[0.4535,51.3406]]],[[[0.5362,51.3784],[0.5196,51.3825],[0.4944,51.3526],[0.457,51.368],[0.4533,51.3422],[0.4638,51.3183],[0.4599,51.3182],[0.4598,51.3184],[0.4599,51.3182],[0.4577,51.3175],[0.4582,51.3173],[0.4583,51.3172],[0.4634,51.304],[0.4926,51.3012],[0.4927,51.3013],[0.5126,51.3075],[0.5268,51.3252],[0.5635,51.3387],[0.5679,51.3477],[0.5524,51.3735],[0.5362,51.3784]]]]},"properties":{"PCON24CD":"E14001157","PCON24NM":"Chatham and Aylesford"}},
{"type":"Feature","geometry":{"type":"Polygon","coordinates":[[[-2.1463,53.393],[-2.1555,53.3823],[-2.1802,53.3868],[-2.1861,53.3969],[-2.2011,53.3977],[-2.2126,53.407],[-2.2227,53.4012],[-2.2381,53.4008],[-2.2462,53.3878],[-2.2369,53.3702],[-2.2408,53.3596],[-2.1855,53.352],[-2.1849,53.3327],[-2.1525,53.3286],[-2.1512,53.3481],[-2.1279,53.3646],[-2.1218,53.3756],[-2.1337,53.3959],[-2.1463,53.393]]]},"properties":{"PCON24CD":"E14001158","PCON24NM":"Cheadle"}},
{"type":"Feature","geometry":{"type":"Polygon","coordinates":[[[0.5325,51.7443],[0.5008,51.7631],[0.4769,51.7553],[0.4482,51.7574],[0.435,51.7493],[0.4467,51.7354],[0.4473,51.714],[0.4417,51.7005],[0.4522,51.6959],[0.4691,51.7087],[0.4885,51.7104],[0.5103,51.7011],[0.5225,51.7432],[0.5325,51.7443]]]},"properties":{"PCON24CD":"E14001159","PCON24NM":"Chelmsford"}},
{"type":"Feature","geometry":{"type":"Polygon","coordinates":[[[-0.1558,51.4947],[-0.1697,51.493],[-0.1791,51.4871],[-0.1839,51.4922],[-0.1964,51.4872],[-0.2024,51.4917],[-0.2264,51.4861],[-0.2226,51.4747],[-0.2169,51.4697],[-0.2028,51.4653],[-0.1862,51.4666],[-0.1759,51.4816],[-0.15,51.4855],[-0.1558,51.4947]]]},"properties":{"PCON24CD":"E14001160","PCON24NM":"Chelsea and Fulham"}},
{"type":"Feature","geometry":{"type":"Polygon","coordinates":[[[-2.0102,51.9029],[-2.0246,51.9021],[-2.0499,51.9113],[-2.0802,51.916],[-2.1159,51.9101],[-2.1369,51.8996],[-2.1424,51.8845],[-2.0975,51.8789],[-2.0708,51.865],[-2.0465,51.8583],[-2.0253,51.8657],[-2.0102,51.9029]]]},"properties":{"PCON24CD":"E14001161","PCON24NM":"Cheltenham"}},
{"type":"Feature","geometry":{"type":"Polygon","coordinates":[[[-0.5637,51.7396],[-0.6129,51.7474],[-0.603,51.7326],[-0.6432,51.7105],[-0.6515,51.6743],[-0.6841,51.6805],[-0.7274,51.6506],[-0.6973,51.646],[-0.6759,51.6082],[-0.6127,51.6324],[-0.6066,51.5879],[-0.541,51.5674],[-0.5225,51.6051],[-0.5379,51.6423],[-0.5051,51.6731],[-0.5243,51.6821],[-0.5463,51.6804],[-0.5477,51.7032],[-0.5632,51.7119],[-0.5501,51.7306],[-0.5637,51.7396]]]},"properties":{"PCON24CD":"E14001162","PCON24NM":"Chesham and Amersham"}},
{"type":"Feature","geometry":{"type":"MultiPolygon","coordinates":[[[[-3.1132,53.2949],[-3.11,53.2948],[-3.1094,53.2971],[-3.1126,53.2952],[-3.1132,53.2949]]],[[[-2.9802,53.3047],[-3.0261,53.2977],[-3.0742,53.3164],[-3.1093,53.2971],[-3.1052,53.2964],[-3.1045,53.2963],[-3.1052,53.2964],[-3.1026,53.2951],[-3.1016,53.2951],[-3.1026,53.2951],[-3.1003,53.294],[-3.1001,53.2943],[-3.0996,53.2947],[-3.0989,53.2949],[-3.0978,53.2947],[-3.0989,53.2949],[-3.0996,53.2947],[-3.1001,53.2943],[-3.1003,53.294],[-3.1043,53.2934],[-3.1037,53.2936],[-3.1043,53.2934],[-3.1081,53.2943],[-3.1141,53.2944],[-3.1163,53.2931],[-3.1166,53.293],[-3.117,53.2927],[-3.1171,53.2927],[-3.1183,53.292],[-3.1176,53.2916],[-3.1175,53.2915],[-3.1176,53.2916],[-3.1184,53.2919],[-3.123,53.2893],[-3.1174,53.2903],[-3.1136,53.2915],[-3.1192,53.2882],[-3.1188,53.2885],[-3.1192,53.2882],[-3.119,53.2881],[-3.1181,53.2878],[-3.1177,53.2879],[-3.1181,53.2878],[-3.1201,53.2866],[-3.1196,53.2862],[-3.1197,53.2863],[-3.1178,53.2869],[-3.118,53.2865],[-3.1171,53.2866],[-3.118,53.2865],[-3.1197,53.2863],[-3.1196,53.2862],[-3.1179,53.2851],[-3.1177,53.2853],[-3.1174,53.2854],[-3.1171,53.2857],[-3.1174,53.2854],[-3.1175,53.2851],[-3.1177,53.2853],[-3.1179,53.2851],[-3.1171,53.2844],[-3.1126,53.2841],[-3.11,53.2842],[-3.1098,53.2845],[-3.1097,53.2847],[-3.1098,53.2845],[-3.11,53.2842],[-3.1046,53.2891],[-3.1043,53.2896],[-3.1042,53.2896],[-3.1043,53.2896],[-3.1046,53.2891],[-3.1035,53.2882],[-3.1028,53.2882],[-3.1035,53.2882],[-3.1005,53.2863],[-3.0975,53.2892],[-3.1005,53.2863],[-3.0997,53.2843],[-3.0991,53.2839],[-3.0987,53.2841],[-3.0991,53.2839],[-3.0997,53.2843],[-3.0999,53.2838],[-3.0947,53.28],[-3.0828,53.2788],[-3.0813,53.2787],[-3.079,53.2798],[-3.0804,53.2786],[-3.0803,53.2786],[-3.0804,53.2786],[-3.0813,53.2787],[-3.0828,53.2788],[-3.0877,53.2716],[-3.0873,53.2714],[-3.0877,53.2716],[-3.094,53.2701],[-3.0944,53.2703],[-3.094,53.2701],[-3.0983,53.2681],[-3.1072,53.272],[-3.1017,53.2672],[-3.0955,53.2621],[-3.0945,53.2614],[-3.0915,53.2622],[-3.0914,53.2622],[-3.0912,53.2625],[-3.0911,53.2627],[-3.0912,53.2625],[-3.0914,53.2622],[-3.0915,53.2622],[-3.0944,53.2614],[-3.0926,53.2602],[-3.0916,53.2596],[-3.0914,53.2595],[-3.086,53.2568],[-3.0823,53.2555],[-3.036,53.2518],[-2.9495,53.2113],[-2.9204,53.183],[-2.8883,53.1858],[-2.8479,53.1944],[-2.8647,53.2291],[-2.9119,53.256],[-2.9322,53.2605],[-2.9596,53.2748],[-2.9633,53.2867],[-2.9447,53.2927],[-2.9494,53.3032],[-2.9802,53.3047]]]]},"properties":{"PCON24CD":"E14001163","PCON24NM":"Chester North and Neston"}},
{"type":"Feature","geometry":{"type":"Polygon","coordinates":[[[-2.5571,53.26],[-2.6449,53.283],[-2.689,53.2562],[-2.7165,53.2162],[-2.8479,53.1944],[-2.8883,53.1858],[-2.9205,53.1822],[-2.9846,53.1586],[-2.9638,53.1328],[-2.8873,53.1044],[-2.861,53.0228],[-2.8349,52.9987],[-2.7268,52.9833],[-2.4752,52.9625],[-2.3808,52.9984],[-2.3751,53.0545],[-2.4765,53.0589],[-2.4965,53.0356],[-2.5249,53.0552],[-2.5085,53.0856],[-2.501,53.1236],[-2.4542,53.1257],[-2.4565,53.1569],[-2.4961,53.1643],[-2.548,53.1514],[-2.576,53.1918],[-2.6253,53.2068],[-2.5832,53.225],[-2.5571,53.26]]]},"properties":{"PCON24CD":"E14001164","PCON24NM":"Chester South and Eddisbury"}},
{"type":"Feature","geometry":{"type":"Polygon","coordinates":[[[-1.3313,53.2572],[-1.3498,53.2687],[-1.3688,53.2647],[-1.4222,53.2732],[-1.4232,53.2827],[-1.4608,53.2781],[-1.4813,53.2479],[-1.4676,53.2195],[-1.4412,53.2206],[-1.4208,53.2125],[-1.3956,53.2227],[-1.4011,53.2336],[-1.3803,53.2438],[-1.3508,53.2463],[-1.3313,53.2572]]]},"properties":{"PCON24CD":"E14001165","PCON24NM":"Chesterfield"}},
{"type":"Feature","geometry":{"type":"MultiPolygon","coordinates":[[[[-0.825,50.7518],[-0.8259,50.7525],[-0.8257,50.7532],[-0.8258,50.7531],[-0.8259,50.7525],[-0.825,50.7518]]],[[[-0.9325,50.8461],[-0.9104,50.8062],[-0.9093,50.812],[-0.8965,50.8319],[-0.8682,50.8311],[-0.8684,50.8311],[-0.8176,50.8248],[-0.8866,50.802],[-0.8865,50.802],[-0.8866,50.8019],[-0.8866,50.802],[-0.8981,50.7906],[-0.9068,50.7743],[-0.8219,50.7452],[-0.8236,50.7469],[-0.8258,50.7498],[-0.826,50.7513],[-0.8262,50.7527],[-0.8258,50.7531],[-0.8257,50.7533],[-0.8255,50.7534],[-0.8156,50.7436],[-0.7769,50.7621],[-0.7784,50.7673],[-0.7785,50.7673],[-0.7784,50.7673],[-0.7755,50.7675],[-0.7761,50.7675],[-0.7755,50.7675],[-0.7745,50.7679],[-0.7651,50.768],[-0.7568,50.7701],[-0.7563,50.7703],[-0.7563,50.7701],[-0.7563,50.7703],[-0.7568,50.7701],[-0.7501,50.7615],[-0.7284,50.7711],[-0.7246,50.7874],[-0.6905,50.7979],[-0.6637,50.7962],[-0.6553,50.8044],[-0.6866,50.8211],[-0.7214,50.8866],[-0.7595,50.896],[-0.7844,50.9396],[-0.8474,50.9492],[-0.9312,50.9353],[-0.9387,50.8737],[-0.927,50.865],[-0.9325,50.8461]]]]},"properties":{"PCON24CD":"E14001166","PCON24NM":"Chichester"}},
{"type":"Feature","geometry":{"type":"Polygon","coordinates":[[[0.0728,51.6047],[0.0402,51.6164],[0.0218,51.6288],[0.0227,51.6411],[0.0011,51.6418],[-0.0123,51.6462],[-0.0148,51.6367],[-0.0339,51.6095],[-0.0171,51.6012],[-0.0032,51.6004],[-0.0012,51.5924],[0.0125,51.5954],[0.0376,51.5939],[0.0728,51.6047]]]},"properties":{"PCON24CD":"E14001167","PCON24NM":"Chingford and Woodford Green"}},
{"type":"Feature","geometry":{"type":"Polygon","coordinates":[[[-1.8384,51.5801],[-1.9483,51.5707],[-1.9395,51.5456],[-2.0043,51.5188],[-2.0836,51.4687],[-2.1266,51.4792],[-2.2199,51.4418],[-2.2042,51.4003],[-2.0881,51.4053],[-1.9803,51.4288],[-1.9154,51.4132],[-1.8795,51.4425],[-1.8135,51.4608],[-1.7978,51.4844],[-1.8442,51.5431],[-1.8622,51.56],[-1.8384,51.5801]]]},"properties":{"PCON24CD":"E14001168","PCON24NM":"Chippenham"}},
{"type":"Feature","geometry":{"type":"Polygon","coordinates":[[[-0.182,51.6687],[-0.1911,51.6639],[-0.2499,51.6546],[-0.2574,51.6418],[-0.3026,51.6362],[-0.2878,51.6239],[-0.2551,51.6215],[-0.2333,51.6259],[-0.2161,51.623],[-0.2143,51.612],[-0.2021,51.6051],[-0.1748,51.6215],[-0.1608,51.6199],[-0.1445,51.6155],[-0.1291,51.6323],[-0.1404,51.6376],[-0.1547,51.6555],[-0.1859,51.6628],[-0.182,51.6687]]]},"properties":{"PCON24CD":"E14001169","PCON24NM":"Chipping Barnet"}},
{"type":"Feature","geometry":{"type":"Polygon","coordinates":[[[-2.5616,53.7469],[-2.5768,53.7513],[-2.6584,53.7177],[-2.6772,53.7035],[-2.6727,53.6647],[-2.6533,53.6356],[-2.6946,53.6158],[-2.6895,53.6043],[-2.6346,53.6083],[-2.6259,53.5937],[-2.5959,53.6108],[-2.574,53.5948],[-2.5113,53.627],[-2.5324,53.6649],[-2.5153,53.6899],[-2.5395,53.7147],[-2.5552,53.7253],[-2.5616,53.7469]]]},"properties":{"PCON24CD":"E14001170","PCON24NM":"Chorley"}},
{"type":"Feature","geometry":{"type":"Polygon","coordinates":[[[-1.8509,50.8587],[-1.8818,50.8652],[-1.9046,50.8233],[-1.9329,50.8209],[-1.9375,50.7836],[-1.9101,50.7753],[-1.8938,50.7801],[-1.8743,50.7648],[-1.8512,50.7736],[-1.8422,50.7615],[-1.8193,50.7581],[-1.8156,50.7434],[-1.8064,50.7413],[-1.7744,50.735],[-1.7745,50.735],[-1.7744,50.735],[-1.7692,50.7325],[-1.7711,50.7282],[-1.7661,50.7285],[-1.7663,50.7249],[-1.763,50.7257],[-1.7631,50.7259],[-1.7636,50.7263],[-1.764,50.7263],[-1.7636,50.7263],[-1.7631,50.7259],[-1.763,50.7257],[-1.7608,50.7275],[-1.7611,50.7275],[-1.7608,50.7275],[-1.6925,50.7374],[-1.7281,50.7509],[-1.7488,50.7795],[-1.7823,50.765],[-1.8032,50.7987],[-1.7999,50.8484],[-1.8509,50.8587]]]},"properties":{"PCON24CD":"E14001171","PCON24NM":"Christchurch"}},
{"type":"Feature","geometry":{"type":"Polygon","coordinates":[[[-0.1604,51.5373],[-0.1786,51.5398],[-0.1887,51.5345],[-0.1768,51.5246],[-0.1692,51.5269],[-0.1643,51.5209],[-0.1849,51.5195],[-0.1707,51.5099],[-0.1747,51.5022],[-0.1558,51.4947],[-0.15,51.4855],[-0.1321,51.4859],[-0.125,51.4926],[-0.1224,51.5061],[-0.1117,51.5109],[-0.0792,51.5079],[-0.0745,51.51],[-0.0738,51.5143],[-0.0785,51.5215],[-0.0852,51.5203],[-0.0943,51.5215],[-0.1053,51.5186],[-0.1138,51.5183],[-0.1276,51.5127],[-0.1308,51.5171],[-0.1471,51.525],[-0.1527,51.5375],[-0.1604,51.5373]]]},"properties":{"PCON24CD":"E14001172","PCON24NM":"Cities of London and Westminster"}},
{"type":"Feature","geometry":{"type":"Polygon","coordinates":[[[-1.4375,54.8005],[-1.4819,54.7991],[-1.5036,54.8375],[-1.7175,54.7954],[-1.8059,54.8042],[-1.8813,54.7784],[-1.7939,54.7474],[-1.7434,54.7595],[-1.7151,54.7004],[-1.6783,54.704],[-1.5839,54.7365],[-1.4566,54.747],[-1.4375,54.8005]]]},"properties":{"PCON24CD":"E14001173","PCON24NM":"City of Durham"}},
{"type":"Feature","geometry":{"type":"MultiPolygon","coordinates":[[[[1.0415,51.7875],[1.0383,51.7875],[1.0389,51.7849],[1.039,51.7849],[1.0395,51.7853],[1.0403,51.786],[1.0408,51.7872],[1.0415,51.7875]]],[[[1.0434,51.7873],[1.0415,51.7875],[1.0408,51.7872],[1.0403,51.786],[1.0395,51.7853],[1.039,51.7849],[1.0389,51.7849],[1.0414,51.7854],[1.0425,51.7861],[1.0426,51.7862],[1.0425,51.7861],[1.0414,51.7849],[1.0439,51.7847],[1.0461,51.785],[1.0451,51.7861],[1.0443,51.7867],[1.0442,51.7867],[1.0434,51.7873]]],[[[1.033,51.7851],[1.0312,51.7842],[1.0329,51.7784],[1.0361,51.7776],[1.036,51.7776],[1.0361,51.7776],[1.0352,51.7793],[1.0346,51.7791],[1.0352,51.7793],[1.0338,51.7833],[1.0337,51.7833],[1.0338,51.7833],[1.034,51.7853],[1.0358,51.7864],[1.0355,51.7876],[1.0324,51.7861],[1.033,51.7851],[1.0331,51.785],[1.0331,51.7848],[1.0328,51.7847],[1.0331,51.7848],[1.0331,51.785],[1.033,51.7851]]],[[[1.2653,51.8707],[1.2529,51.8727],[1.2667,51.8691],[1.2666,51.8691],[1.2667,51.8691],[1.2665,51.8697],[1.2663,51.8695],[1.2665,51.8697],[1.2653,51.8707],[1.2652,51.8706],[1.2653,51.8707]]],[[[1.2082,51.871],[1.2119,51.8709],[1.2212,51.8722],[1.2212,51.8723],[1.2213,51.8729],[1.2127,51.8747],[1.2082,51.871]]],[[[1.2831,51.8761],[1.2807,51.8771],[1.2804,51.8763],[1.2831,51.8761]]],[[[1.2776,51.8777],[1.2775,51.8768],[1.2792,51.8772],[1.2796,51.8777],[1.2795,51.8778],[1.2792,51.8778],[1.2788,51.8776],[1.2782,51.8776],[1.2781,51.8776],[1.2776,51.8777]]],[[[1.2212,51.8722],[1.2213,51.8729],[1.2212,51.8723],[1.2212,51.8722]]],[[[1.258,51.8774],[1.2276,51.8779],[1.2278,51.8779],[1.2282,51.8779],[1.2278,51.8779],[1.2276,51.8779],[1.2274,51.8771],[1.2276,51.8771],[1.2274,51.8771],[1.2454,51.8699],[1.2532,51.8768],[1.2531,51.8768],[1.2529,51.8767],[1.2531,51.8768],[1.2532,51.8768],[1.257,51.8764],[1.2582,51.8768],[1.258,51.8774]]],[[[1.2398,51.9013],[1.2407,51.8971],[1.2405,51.8972],[1.2407,51.8971],[1.2416,51.9008],[1.2399,51.9013],[1.2398,51.9013]]],[[[1.0595,51.8243],[1.0658,51.8207],[1.0664,51.8211],[1.0624,51.8103],[1.0451,51.8025],[1.0455,51.8028],[1.0457,51.8029],[1.0455,51.8028],[1.0451,51.8025],[1.0517,51.8013],[1.0516,51.8014],[1.0514,51.8015],[1.0511,51.8016],[1.0514,51.8015],[1.0516,51.8014],[1.0517,51.8013],[1.0535,51.8004],[1.0623,51.7975],[1.0578,51.7976],[1.0278,51.8001],[1.0276,51.8],[1.0278,51.7999],[1.0276,51.8],[1.0278,51.8001],[1.0434,51.7873],[1.0442,51.7867],[1.0443,51.7867],[1.0451,51.7861],[1.0463,51.7852],[1.0464,51.7847],[1.0454,51.7838],[1.0455,51.7837],[1.0454,51.7838],[1.0413,51.7827],[1.0415,51.7826],[1.0437,51.7822],[1.0415,51.7826],[1.0413,51.7827],[1.0417,51.7808],[1.0414,51.7809],[1.0414,51.7807],[1.0414,51.7809],[1.0391,51.7816],[1.0393,51.7812],[1.0392,51.7807],[1.0393,51.7812],[1.0391,51.7816],[1.038,51.7836],[1.0364,51.7838],[1.0371,51.7788],[1.0373,51.7789],[1.0381,51.7797],[1.0383,51.7798],[1.0383,51.7799],[1.0383,51.7798],[1.0381,51.7797],[1.0373,51.7789],[1.0371,51.7788],[1.0386,51.7787],[1.0387,51.7788],[1.0386,51.7787],[1.0456,51.7774],[1.0455,51.7775],[1.0454,51.7776],[1.0449,51.7781],[1.0454,51.7776],[1.0455,51.7775],[1.0456,51.7774],[1.0464,51.7781],[1.0457,51.7785],[1.0464,51.7781],[1.0467,51.7786],[1.046,51.7788],[1.0467,51.7786],[1.0465,51.7794],[1.046,51.7832],[1.0462,51.7832],[1.0471,51.7833],[1.0475,51.7833],[1.0471,51.7833],[1.0462,51.7832],[1.046,51.7832],[1.0476,51.7768],[1.0474,51.7767],[1.0461,51.7765],[1.0461,51.7764],[1.0461,51.7765],[1.041,51.7735],[1.0412,51.7735],[1.041,51.7735],[1.0446,51.7714],[1.0453,51.7714],[1.0446,51.7714],[1.0573,51.7713],[1.0573,51.7715],[1.0562,51.7724],[1.056,51.7725],[1.0562,51.7724],[1.0573,51.7715],[1.0573,51.7713],[1.0611,51.7716],[1.0612,51.7716],[1.063,51.7719],[1.0641,51.7722],[1.063,51.7719],[1.0612,51.7716],[1.0611,51.7716],[1.059,51.7709],[1.1171,51.7724],[1.2366,51.8193],[1.29,51.8635],[1.2907,51.8741],[1.2656,51.8848],[1.2654,51.8847],[1.2646,51.8846],[1.2644,51.8846],[1.2643,51.8846],[1.2644,51.8846],[1.2646,51.8846],[1.2654,51.8848],[1.2656,51.8848],[1.268,51.8814],[1.2665,51.8813],[1.2685,51.8792],[1.2682,51.8803],[1.2682,51.8804],[1.268,51.8807],[1.2678,51.881],[1.268,51.8807],[1.2682,51.8804],[1.2682,51.8803],[1.2705,51.878],[1.2702,51.8778],[1.2711,51.8784],[1.2709,51.8786],[1.2711,51.8784],[1.2718,51.8788],[1.2716,51.879],[1.2714,51.8792],[1.2716,51.879],[1.2718,51.8788],[1.2731,51.8807],[1.2725,51.8806],[1.272,51.8805],[1.2717,51.8804],[1.272,51.8805],[1.2725,51.8806],[1.2731,51.8807],[1.2739,51.8803],[1.2757,51.8781],[1.2759,51.879],[1.2776,51.8777],[1.2781,51.8776],[1.2782,51.8776],[1.2788,51.8776],[1.2792,51.8778],[1.2795,51.8778],[1.2796,51.8777],[1.2804,51.8765],[1.2804,51.8763],[1.2807,51.8771],[1.2834,51.8766],[1.2834,51.8767],[1.2834,51.8766],[1.2831,51.8761],[1.28,51.8758],[1.2796,51.8758],[1.2671,51.862],[1.25,51.8599],[1.2498,51.8598],[1.25,51.8599],[1.2351,51.8586],[1.2336,51.8578],[1.2326,51.8563],[1.2295,51.86],[1.2302,51.8634],[1.2272,51.8674],[1.2284,51.8681],[1.2289,51.8691],[1.2285,51.869],[1.2289,51.8691],[1.2111,51.8687],[1.2098,51.8685],[1.2067,51.8693],[1.2057,51.8852],[1.2398,51.9013],[1.2399,51.9013],[1.2408,51.9014],[1.2405,51.9019],[1.2408,51.9014],[1.2419,51.9018],[1.2423,51.9012],[1.2424,51.9014],[1.2423,51.9012],[1.2484,51.9009],[1.2483,51.9011],[1.2484,51.9009],[1.2501,51.901],[1.2508,51.901],[1.2501,51.901],[1.2438,51.8996],[1.2465,51.898],[1.2523,51.901],[1.2539,51.9042],[1.2308,51.9233],[1.1658,51.9174],[1.1417,51.9332],[1.0679,51.9033],[1.0422,51.8535],[1.0595,51.8243]]]]},"properties":{"PCON24CD":"E14001174","PCON24NM":"Clacton"}},
{"type":"Feature","geometry":{"type":"Polygon","coordinates":[[[-0.1125,51.4704],[-0.1256,51.4696],[-0.1339,51.4756],[-0.1505,51.4676],[-0.1477,51.4523],[-0.1436,51.4418],[-0.1359,51.442],[-0.1287,51.4469],[-0.1087,51.4404],[-0.1109,51.4527],[-0.1157,51.4608],[-0.1125,51.4704]]]},"properties":{"PCON24CD":"E14001175","PCON24NM":"Clapham and Brixton Hill"}},
{"type":"Feature","geometry":{"type":"Polygon","coordinates":[[[0.9358,51.878],[0.9531,51.8917],[0.9287,51.9265],[0.9007,51.9286],[0.872,51.9172],[0.8676,51.9019],[0.8447,51.8967],[0.8504,51.8727],[0.8669,51.8632],[0.8671,51.8524],[0.8887,51.8462],[0.913,51.8453],[0.9156,51.8461],[0.9202,51.8453],[0.9198,51.8462],[0.9199,51.8482],[0.9187,51.8496],[0.9162,51.857],[0.9153,51.8627],[0.9077,51.874],[0.9181,51.887],[0.9358,51.878]]]},"properties":{"PCON24CD":"E14001176","PCON24NM":"Colchester"}},
{"type":"Feature","geometry":{"type":"Polygon","coordinates":[[[-1.7766,53.6143],[-1.8297,53.6082],[-1.84,53.6279],[-1.8154,53.6378],[-1.809,53.6601],[-1.8188,53.6729],[-1.8983,53.6446],[-1.9342,53.6483],[-2.0095,53.6168],[-1.9827,53.5902],[-1.9472,53.5722],[-1.9096,53.5384],[-1.8706,53.5393],[-1.8222,53.5211],[-1.7558,53.5367],[-1.7041,53.5602],[-1.7766,53.6143]]]},"properties":{"PCON24CD":"E14001177","PCON24NM":"Colne Valley"}},
{"type":"Feature","geometry":{"type":"Polygon","coordinates":[[[-2.3094,53.2463],[-2.368,53.2233],[-2.4066,53.1741],[-2.4565,53.1569],[-2.4542,53.1257],[-2.3916,53.1259],[-2.3327,53.0996],[-2.3168,53.0812],[-2.2817,53.0803],[-2.2464,53.0916],[-2.2113,53.1158],[-2.1414,53.1566],[-2.1407,53.1836],[-2.2189,53.1828],[-2.2799,53.2119],[-2.3094,53.2463]]]},"properties":{"PCON24CD":"E14001178","PCON24NM":"Congleton"}},
{"type":"Feature","geometry":{"type":"Polygon","coordinates":[[[-0.4947,52.6403],[-0.5625,52.5863],[-0.6713,52.5641],[-0.7422,52.517],[-0.7416,52.4701],[-0.6641,52.4545],[-0.6206,52.4247],[-0.6324,52.3616],[-0.6335,52.337],[-0.5816,52.3202],[-0.5198,52.3177],[-0.4654,52.323],[-0.4999,52.3652],[-0.3895,52.4218],[-0.3423,52.4691],[-0.3558,52.5059],[-0.4135,52.5255],[-0.425,52.5824],[-0.4788,52.5736],[-0.4947,52.6403]]]},"properties":{"PCON24CD":"E14001179","PCON24NM":"Corby and East Northamptonshire"}},
{"type":"Feature","geometry":{"type":"Polygon","coordinates":[[[-1.4629,52.3764],[-1.4308,52.3986],[-1.4379,52.4104],[-1.4248,52.4346],[-1.4708,52.457],[-1.4928,52.4585],[-1.5,52.451],[-1.497,52.4443],[-1.5126,52.4209],[-1.5092,52.4131],[-1.4979,52.4197],[-1.4841,52.4105],[-1.4605,52.4163],[-1.4675,52.3962],[-1.4822,52.3904],[-1.4629,52.3764]]]},"properties":{"PCON24CD":"E14001180","PCON24NM":"Coventry East"}},
{"type":"Feature","geometry":{"type":"Polygon","coordinates":[[[-1.5,52.451],[-1.5349,52.4595],[-1.5955,52.4559],[-1.5952,52.4399],[-1.6145,52.428],[-1.6034,52.4078],[-1.5908,52.4013],[-1.5503,52.4062],[-1.527,52.4017],[-1.5092,52.4131],[-1.5126,52.4209],[-1.497,52.4443],[-1.5,52.451]]]},"properties":{"PCON24CD":"E14001181","PCON24NM":"Coventry North West"}},
{"type":"Feature","geometry":{"type":"Polygon","coordinates":[[[-1.4629,52.3764],[-1.4822,52.3904],[-1.4675,52.3962],[-1.4605,52.4163],[-1.4841,52.4105],[-1.4979,52.4197],[-1.5092,52.4131],[-1.527,52.4017],[-1.5503,52.4062],[-1.5908,52.4013],[-1.6034,52.4078],[-1.6011,52.3893],[-1.5648,52.3823],[-1.555,52.3744],[-1.5247,52.3794],[-1.4804,52.3743],[-1.4612,52.3752],[-1.4629,52.3764]]]},"properties":{"PCON24CD":"E14001182","PCON24NM":"Coventry South"}},
{"type":"Feature","geometry":{"type":"Polygon","coordinates":[[[-1.4948,55.1023],[-1.5666,55.0994],[-1.5813,55.1145],[-1.6215,55.1132],[-1.6309,55.0852],[-1.7046,55.0709],[-1.7106,55.0528],[-1.6664,55.0383],[-1.6304,55.0341],[-1.6166,55.0413],[-1.5864,55.0392],[-1.5792,55.0283],[-1.5503,55.0253],[-1.5592,55.0122],[-1.5293,55.0126],[-1.5115,55.0186],[-1.4961,55.0336],[-1.5076,55.0482],[-1.4874,55.0559],[-1.4923,55.0661],[-1.4618,55.0743],[-1.4948,55.1023]]]},"properties":{"PCON24CD":"E14001183","PCON24NM":"Cramlington and Killingworth"}},
{"type":"Feature","geometry":{"type":"Polygon","coordinates":[[[-0.1405,51.16],[-0.1774,51.1673],[-0.2116,51.1504],[-0.2546,51.1391],[-0.2064,51.1408],[-0.2193,51.1288],[-0.2305,51.1021],[-0.2121,51.0866],[-0.1964,51.0848],[-0.1539,51.0965],[-0.1395,51.1081],[-0.1376,51.1422],[-0.1405,51.16]]]},"properties":{"PCON24CD":"E14001184","PCON24NM":"Crawley"}},
{"type":"Feature","geometry":{"type":"Polygon","coordinates":[[[-2.3168,53.0812],[-2.3327,53.0996],[-2.3916,53.1259],[-2.4542,53.1257],[-2.501,53.1236],[-2.5085,53.0856],[-2.5249,53.0552],[-2.4965,53.0356],[-2.4765,53.0589],[-2.3751,53.0545],[-2.3476,53.0562],[-2.3168,53.0812]]]},"properties":{"PCON24CD":"E14001185","PCON24NM":"Crewe and Nantwich"}},
{"type":"Feature","geometry":{"type":"Polygon","coordinates":[[[-0.0198,51.3636],[-0.0365,51.3884],[-0.0598,51.3992],[-0.0866,51.3855],[-0.0928,51.3721],[-0.0635,51.3726],[-0.0771,51.353],[-0.0592,51.3356],[-0.0562,51.3217],[-0.0379,51.3387],[-0.0206,51.3372],[0.0023,51.3291],[-0.0053,51.3527],[-0.0198,51.3636]]]},"properties":{"PCON24CD":"E14001186","PCON24NM":"Croydon East"}},
{"type":"Feature","geometry":{"type":"Polygon","coordinates":[[[-0.0562,51.3217],[-0.0592,51.3356],[-0.0771,51.353],[-0.0635,51.3726],[-0.0928,51.3721],[-0.0994,51.3585],[-0.1077,51.3574],[-0.1173,51.3457],[-0.1273,51.3471],[-0.1475,51.3388],[-0.1456,51.3235],[-0.1565,51.3215],[-0.151,51.3007],[-0.1372,51.3008],[-0.1243,51.2868],[-0.0943,51.2994],[-0.0848,51.3159],[-0.0562,51.3217]]]},"properties":{"PCON24CD":"E14001187","PCON24NM":"Croydon South"}},
{"type":"Feature","geometry":{"type":"Polygon","coordinates":[[[-0.0598,51.3992],[-0.0728,51.4085],[-0.0859,51.3996],[-0.0982,51.3972],[-0.1099,51.4053],[-0.1254,51.3988],[-0.1343,51.3908],[-0.1296,51.3872],[-0.1209,51.3633],[-0.1173,51.3457],[-0.1077,51.3574],[-0.0994,51.3585],[-0.0928,51.3721],[-0.0866,51.3855],[-0.0598,51.3992]]]},"properties":{"PCON24CD":"E14001188","PCON24NM":"Croydon West"}},
{"type":"Feature","geometry":{"type":"Polygon","coordinates":[[[0.2025,51.5563],[0.1619,51.5616],[0.147,51.5757],[0.13,51.5707],[0.125,51.5643],[0.1272,51.5556],[0.1453,51.5558],[0.1616,51.5434],[0.1482,51.5353],[0.1432,51.5154],[0.1785,51.5053],[0.1892,51.4877],[0.2106,51.4902],[0.2419,51.508],[0.2429,51.5244],[0.2025,51.5563]]]},"properties":{"PCON24CD":"E14001189","PCON24NM":"Dagenham and Rainham"}},
{"type":"Feature","geometry":{"type":"Polygon","coordinates":[[[-1.6185,54.6192],[-1.6824,54.6178],[-1.6793,54.586],[-1.709,54.5741],[-1.6969,54.536],[-1.6128,54.5199],[-1.5843,54.508],[-1.5111,54.5127],[-1.5114,54.5475],[-1.4945,54.5755],[-1.514,54.5954],[-1.5844,54.5821],[-1.6185,54.6192]]]},"properties":{"PCON24CD":"E14001190","PCON24NM":"Darlington"}},
{"type":"Feature","geometry":{"type":"Polygon","coordinates":[[[0.3154,51.4649],[0.2745,51.4537],[0.2202,51.4795],[0.2126,51.4754],[0.2103,51.4621],[0.2031,51.4579],[0.1842,51.4446],[0.1709,51.4412],[0.1644,51.4286],[0.1512,51.4204],[0.1529,51.4087],[0.2153,51.4342],[0.2336,51.4269],[0.2457,51.4077],[0.2776,51.4069],[0.2967,51.3971],[0.3367,51.3865],[0.3327,51.4258],[0.3154,51.4649]]]},"properties":{"PCON24CD":"E14001191","PCON24NM":"Dartford"}},
{"type":"Feature","geometry":{"type":"Polygon","coordinates":[[[-0.9013,52.4598],[-0.9679,52.4772],[-1.0277,52.4585],[-1.1385,52.402],[-1.2016,52.3967],[-1.1721,52.3613],[-1.2381,52.3442],[-1.2159,52.2639],[-1.255,52.1978],[-1.3319,52.1685],[-1.2518,52.102],[-1.1374,52.1464],[-1.0661,52.2273],[-0.9618,52.2595],[-0.955,52.262],[-0.8947,52.2803],[-0.8851,52.2754],[-0.8276,52.281],[-0.8153,52.275],[-0.803,52.2667],[-0.7914,52.2422],[-0.6851,52.2774],[-0.7559,52.3036],[-0.7395,52.3198],[-0.6812,52.3282],[-0.6828,52.3496],[-0.7887,52.3473],[-0.8737,52.4027],[-0.9013,52.4598]]]},"properties":{"PCON24CD":"E14001192","PCON24NM":"Daventry"}},
{"type":"Feature","geometry":{"type":"Polygon","coordinates":[[[-1.4406,52.9111],[-1.4232,52.9144],[-1.4162,52.9314],[-1.4372,52.9371],[-1.453,52.9484],[-1.4838,52.9484],[-1.504,52.9291],[-1.5255,52.933],[-1.5441,52.9242],[-1.5552,52.9061],[-1.5383,52.8885],[-1.5232,52.8873],[-1.4836,52.9137],[-1.4832,52.9259],[-1.4434,52.9178],[-1.4406,52.9111]]]},"properties":{"PCON24CD":"E14001193","PCON24NM":"Derby North"}},
{"type":"Feature","geometry":{"type":"Polygon","coordinates":[[[-1.4406,52.9111],[-1.4434,52.9178],[-1.4832,52.9259],[-1.4836,52.9137],[-1.5232,52.8873],[-1.5031,52.8848],[-1.4904,52.8693],[-1.4641,52.8726],[-1.4436,52.8611],[-1.4236,52.8651],[-1.4254,52.8739],[-1.4111,52.8846],[-1.4028,52.9005],[-1.434,52.9051],[-1.4406,52.9111]]]},"properties":{"PCON24CD":"E14001194","PCON24NM":"Derby South"}},
{"type":"Feature","geometry":{"type":"Polygon","coordinates":[[[-1.5991,53.3113],[-1.6123,53.3432],[-1.6642,53.3671],[-1.6538,53.3919],[-1.7062,53.3251],[-1.7594,53.3382],[-1.8247,53.2989],[-1.8987,53.2],[-1.8162,53.1587],[-1.779,53.0449],[-1.7633,52.9995],[-1.8302,52.9715],[-1.8543,52.9301],[-1.8284,52.8846],[-1.7835,52.8841],[-1.6352,52.853],[-1.6089,52.8843],[-1.652,52.9084],[-1.6071,52.9472],[-1.5993,52.9984],[-1.5465,53.0063],[-1.4817,53.0475],[-1.4581,53.0835],[-1.4654,53.1108],[-1.4698,53.1198],[-1.5397,53.1715],[-1.569,53.2231],[-1.5991,53.3113]]]},"properties":{"PCON24CD":"E14001195","PCON24NM":"Derbyshire Dales"}},
{"type":"Feature","geometry":{"type":"Polygon","coordinates":[[[-1.6323,53.7308],[-1.6549,53.7178],[-1.6746,53.6777],[-1.6611,53.6629],[-1.678,53.6511],[-1.7102,53.6477],[-1.6989,53.6347],[-1.7044,53.6221],[-1.6479,53.6223],[-1.6121,53.6327],[-1.6247,53.654],[-1.5926,53.6591],[-1.6139,53.6737],[-1.5711,53.7064],[-1.5836,53.7161],[-1.6182,53.7189],[-1.6323,53.7308]]]},"properties":{"PCON24CD":"E14001196","PCON24NM":"Dewsbury and Batley"}},
{"type":"Feature","geometry":{"type":"Polygon","coordinates":[[[-1.1883,51.7168],[-1.2223,51.711],[-1.2413,51.7252],[-1.2218,51.6846],[-1.25,51.6666],[-1.2975,51.6577],[-1.3514,51.6569],[-1.4213,51.6364],[-1.5388,51.6645],[-1.5956,51.6072],[-1.57,51.5474],[-1.4764,51.5308],[-1.3557,51.5468],[-1.3331,51.5604],[-1.2047,51.5284],[-1.1404,51.5429],[-1.1152,51.619],[-1.1805,51.6355],[-1.1571,51.6956],[-1.1883,51.7168]]]},"properties":{"PCON24CD":"E14001197","PCON24NM":"Didcot and Wantage"}},
{"type":"Feature","geometry":{"type":"Polygon","coordinates":[[[-1.0451,53.5585],[-1.0824,53.5671],[-1.0901,53.5581],[-1.0917,53.5557],[-1.0929,53.5536],[-1.1225,53.5425],[-1.1719,53.5071],[-1.1698,53.4579],[-1.2219,53.4546],[-1.2402,53.4345],[-1.1703,53.4353],[-1.1459,53.4123],[-1.116,53.4073],[-1.087,53.4255],[-1.0571,53.4254],[-1.0598,53.457],[-1.1027,53.4739],[-1.0798,53.4881],[-1.0389,53.5448],[-1.0451,53.5585]]]},"properties":{"PCON24CD":"E14001198","PCON24NM":"Doncaster Central"}},
{"type":"Feature","geometry":{"type":"Polygon","coordinates":[[[-0.798,53.4553],[-0.7845,53.477],[-0.7717,53.481],[-0.7762,53.4887],[-0.7693,53.4944],[-0.7692,53.498],[-0.7657,53.5007],[-0.7625,53.5013],[-0.7434,53.5114],[-0.7386,53.5262],[-0.74,53.5491],[-0.7474,53.5712],[-0.6985,53.6846],[-0.8483,53.633],[-0.99,53.659],[-0.9822,53.6218],[-0.9921,53.6004],[-1.042,53.5803],[-1.0451,53.5585],[-1.0389,53.5448],[-1.0798,53.4881],[-1.1027,53.4739],[-1.0598,53.457],[-1.0571,53.4254],[-0.9985,53.4388],[-0.9356,53.5025],[-0.9005,53.4752],[-0.798,53.4553]]]},"properties":{"PCON24CD":"E14001199","PCON24NM":"Doncaster East and the Isle of Axholme"}},
{"type":"Feature","geometry":{"type":"MultiPolygon","coordinates":[[[[-1.0451,53.5585],[-1.042,53.5803],[-0.9921,53.6004],[-0.9822,53.6218],[-0.9954,53.612],[-1.0859,53.5948],[-1.0824,53.5671],[-1.0451,53.5585]]],[[[-1.0929,53.5536],[-1.0873,53.5947],[-0.9956,53.6122],[-0.991,53.6612],[-1.0487,53.6561],[-1.2177,53.6402],[-1.2328,53.6211],[-1.258,53.592],[-1.3078,53.5754],[-1.3487,53.5833],[-1.3321,53.5629],[-1.2886,53.5438],[-1.2813,53.5165],[-1.3124,53.5138],[-1.2993,53.4931],[-1.2079,53.4906],[-1.1719,53.5071],[-1.1225,53.5425],[-1.0929,53.5536]]]]},"properties":{"PCON24CD":"E14001200","PCON24NM":"Doncaster North"}},
{"type":"Feature","geometry":{"type":"Polygon","coordinates":[[[-0.3603,51.3118],[-0.3947,51.298],[-0.3871,51.2649],[-0.397,51.2379],[-0.4346,51.2399],[-0.4101,51.1933],[-0.4638,51.172],[-0.4192,51.1052],[-0.2546,51.1391],[-0.2116,51.1504],[-0.1774,51.1673],[-0.1405,51.16],[-0.1529,51.2263],[-0.1569,51.213],[-0.2076,51.2056],[-0.2499,51.2311],[-0.2268,51.2559],[-0.2657,51.2614],[-0.2722,51.2923],[-0.309,51.2734],[-0.3331,51.2793],[-0.3352,51.2948],[-0.3603,51.3118]]]},"properties":{"PCON24CD":"E14001201","PCON24NM":"Dorking and Horley"}},
{"type":"Feature","geometry":{"type":"Polygon","coordinates":[[[1.394,51.2565],[1.2937,51.2569],[1.2608,51.2272],[1.2063,51.2463],[1.1921,51.1838],[1.1476,51.1772],[1.2111,51.1515],[1.1789,51.1345],[1.2027,51.0996],[1.2211,51.0981],[1.2677,51.1017],[1.3768,51.1408],[1.4021,51.167],[1.394,51.2565]]]},"properties":{"PCON24CD":"E14001202","PCON24NM":"Dover and Deal"}},
{"type":"Feature","geometry":{"type":"Polygon","coordinates":[[[-2.1431,52.3467],[-2.171,52.3318],[-2.2457,52.361],[-2.2664,52.3236],[-2.2751,52.2723],[-2.2433,52.2219],[-2.1942,52.2235],[-2.1583,52.212],[-2.1709,52.1846],[-2.2034,52.1673],[-2.1693,52.1083],[-2.1078,52.1194],[-2.0657,52.093],[-1.9378,52.0697],[-1.9134,52.0445],[-1.8391,52.0068],[-1.8573,52.0522],[-1.7677,52.1126],[-1.8397,52.1527],[-1.9032,52.1334],[-1.9443,52.1087],[-1.9859,52.1211],[-1.9834,52.1511],[-2.0231,52.1741],[-1.9933,52.2044],[-2.1103,52.2639],[-2.1498,52.2754],[-2.1349,52.3087],[-2.1431,52.3467]]]},"properties":{"PCON24CD":"E14001203","PCON24NM":"Droitwich and Evesham"}},
{"type":"Feature","geometry":{"type":"Polygon","coordinates":[[[-2.1215,52.5568],[-2.1335,52.5541],[-2.1374,52.5333],[-2.1535,52.5005],[-2.1365,52.4871],[-2.1194,52.4888],[-2.0984,52.505],[-2.0703,52.4919],[-2.0609,52.5026],[-2.0632,52.5137],[-2.0777,52.532],[-2.1078,52.5441],[-2.1215,52.5568]]]},"properties":{"PCON24CD":"E14001204","PCON24NM":"Dudley"}},
{"type":"Feature","geometry":{"type":"Polygon","coordinates":[[[-0.093,51.472],[-0.096,51.4699],[-0.1125,51.4704],[-0.1157,51.4608],[-0.1109,51.4527],[-0.1087,51.4404],[-0.1178,51.4337],[-0.1146,51.4235],[-0.0786,51.4199],[-0.0739,51.4262],[-0.0727,51.4323],[-0.0634,51.4376],[-0.0775,51.4535],[-0.0857,51.456],[-0.0788,51.4639],[-0.0827,51.4696],[-0.093,51.472]]]},"properties":{"PCON24CD":"E14001205","PCON24NM":"Dulwich and West Norwood"}},
{"type":"Feature","geometry":{"type":"Polygon","coordinates":[[[-0.4915,51.9063],[-0.5237,51.937],[-0.5707,51.9426],[-0.5906,51.934],[-0.6512,51.9682],[-0.7022,51.9091],[-0.6603,51.8945],[-0.5711,51.8995],[-0.5131,51.8696],[-0.4839,51.8883],[-0.5059,51.9006],[-0.4915,51.9063]]]},"properties":{"PCON24CD":"E14001206","PCON24NM":"Dunstable and Leighton Buzzard"}},
{"type":"Feature","geometry":{"type":"Polygon","coordinates":[[[-0.2818,51.5381],[-0.3027,51.532],[-0.3197,51.5135],[-0.3054,51.511],[-0.3007,51.4993],[-0.2808,51.5028],[-0.2701,51.4942],[-0.2554,51.495],[-0.2551,51.5043],[-0.2349,51.5065],[-0.236,51.5137],[-0.2202,51.5117],[-0.2284,51.5303],[-0.2556,51.534],[-0.2792,51.5288],[-0.2818,51.5381]]]},"properties":{"PCON24CD":"E14001207","PCON24NM":"Ealing Central and Acton"}},
{"type":"Feature","geometry":{"type":"Polygon","coordinates":[[[-0.3356,51.5566],[-0.3475,51.5597],[-0.3778,51.555],[-0.3953,51.5426],[-0.4168,51.5402],[-0.4135,51.5347],[-0.3764,51.5289],[-0.3679,51.5323],[-0.3559,51.5267],[-0.3438,51.511],[-0.3197,51.5135],[-0.3027,51.532],[-0.308,51.5461],[-0.3356,51.5566]]]},"properties":{"PCON24CD":"E14001208","PCON24NM":"Ealing North"}},
{"type":"Feature","geometry":{"type":"Polygon","coordinates":[[[-0.3197,51.5135],[-0.3438,51.511],[-0.3559,51.5267],[-0.3679,51.5323],[-0.3764,51.5289],[-0.3932,51.5073],[-0.4069,51.4997],[-0.375,51.494],[-0.3581,51.4978],[-0.2975,51.4949],[-0.3007,51.4993],[-0.3054,51.511],[-0.3197,51.5135]]]},"properties":{"PCON24CD":"E14001209","PCON24NM":"Ealing Southall"}},
{"type":"Feature","geometry":{"type":"Polygon","coordinates":[[[-0.9887,51.3806],[-0.9887,51.3895],[-0.9477,51.3885],[-0.911,51.42],[-0.9001,51.4368],[-0.8757,51.4549],[-0.8977,51.487],[-0.9217,51.4679],[-0.9492,51.4595],[-0.9286,51.4451],[-0.9511,51.4456],[-0.9627,51.4338],[-0.9954,51.4348],[-1.0007,51.4298],[-0.9991,51.4123],[-1.0119,51.3929],[-0.9887,51.3806]]]},"properties":{"PCON24CD":"E14001210","PCON24NM":"Earley and Woodley"}},
{"type":"Feature","geometry":{"type":"Polygon","coordinates":[[[-1.3484,54.8606],[-1.369,54.8577],[-1.3817,54.8472],[-1.4216,54.8395],[-1.4131,54.8246],[-1.4375,54.8005],[-1.4566,54.747],[-1.409,54.7275],[-1.3977,54.6883],[-1.3446,54.6908],[-1.3194,54.6913],[-1.3055,54.7175],[-1.2703,54.7272],[-1.241,54.7232],[-1.299,54.7659],[-1.3237,54.8352],[-1.3484,54.8606]]]},"properties":{"PCON24CD":"E14001211","PCON24NM":"Easington"}},
{"type":"Feature","geometry":{"type":"Polygon","coordinates":[[[0.0274,51.1398],[-0.1376,51.1422],[-0.1395,51.1081],[-0.1539,51.0965],[-0.1964,51.0848],[-0.2121,51.0866],[-0.2192,51.0382],[-0.1248,51.0399],[-0.0579,51.0043],[-0.1064,50.963],[-0.0311,50.9403],[-0.0028,50.8874],[0.0114,50.8969],[0.0192,50.8975],[0.0201,50.8982],[0.0214,50.9],[0.0212,50.9007],[0.0199,50.9011],[0.0198,50.9019],[0.0213,50.903],[0.0222,50.9033],[0.0229,50.9037],[0.0237,50.9041],[0.0343,50.906],[0.0342,50.9071],[0.0425,50.9135],[0.1209,50.9213],[0.1052,50.9704],[0.1563,50.9795],[0.1312,51.0432],[0.066,51.048],[0.0274,51.1398]]]},"properties":{"PCON24CD":"E14001212","PCON24NM":"East Grinstead and Uckfield"}},
{"type":"Feature","geometry":{"type":"Polygon","coordinates":[[[0.0636,51.5573],[0.0503,51.564],[0.0354,51.5553],[0.0312,51.5469],[0.0324,51.5347],[0.0413,51.5197],[0.0579,51.5201],[0.0801,51.5275],[0.0733,51.5294],[0.067,51.5396],[0.0684,51.5444],[0.0636,51.5573]]]},"properties":{"PCON24CD":"E14001213","PCON24NM":"East Ham"}},
{"type":"Feature","geometry":{"type":"Polygon","coordinates":[[[-0.8489,51.2107],[-1.0131,51.1877],[-1.1096,51.2376],[-1.1911,51.2033],[-1.2485,51.191],[-1.1817,51.1752],[-1.1781,51.1341],[-1.095,51.1403],[-1.106,51.0906],[-1.0622,51.0445],[-1.0695,50.9937],[-1.0366,50.9317],[-0.9988,50.8954],[-0.9787,50.8783],[-0.9537,50.8682],[-0.9387,50.8737],[-0.9312,50.9353],[-0.8953,51.0234],[-0.8501,51.0593],[-0.8802,51.0859],[-0.8811,51.1324],[-0.8412,51.1415],[-0.8254,51.1814],[-0.8489,51.2107]]]},"properties":{"PCON24CD":"E14001214","PCON24NM":"East Hampshire"}},
{"type":"Feature","geometry":{"type":"Polygon","coordinates":[[[0.0023,51.3291],[-0.0206,51.3372],[-0.0379,51.3387],[-0.0562,51.3217],[-0.0848,51.3159],[-0.0943,51.2994],[-0.1243,51.2868],[-0.1372,51.3008],[-0.151,51.3007],[-0.1703,51.2678],[-0.1428,51.246],[-0.1529,51.2263],[-0.1405,51.16],[-0.1376,51.1422],[0.0274,51.1398],[0.05,51.1427],[0.0428,51.2246],[0.0571,51.2512],[0.0424,51.2927],[0.0426,51.3013],[0.015,51.2918],[0.0023,51.3291]]]},"properties":{"PCON24CD":"E14001215","PCON24NM":"East Surrey"}},
{"type":"Feature","geometry":{"type":"Polygon","coordinates":[[[1.3579,51.3115],[1.3581,51.3138],[1.3615,51.3131],[1.3615,51.3132],[1.3615,51.3131],[1.3606,51.3143],[1.3591,51.3147],[1.3606,51.3143],[1.3604,51.3158],[1.3603,51.3159],[1.3604,51.3158],[1.3632,51.3159],[1.3631,51.3158],[1.3632,51.3159],[1.3778,51.3293],[1.4062,51.3264],[1.4075,51.3266],[1.4191,51.3281],[1.4247,51.3292],[1.4422,51.3501],[1.4496,51.3775],[1.4419,51.3872],[1.4192,51.3916],[1.3844,51.3926],[1.3743,51.3875],[1.3749,51.3758],[1.3862,51.3598],[1.3805,51.3362],[1.3614,51.3378],[1.3597,51.3247],[1.3517,51.313],[1.3579,51.3115]]]},"properties":{"PCON24CD":"E14001216","PCON24NM":"East Thanet"}},
{"type":"Feature","geometry":{"type":"Polygon","coordinates":[[[-1.6911,51.5835],[-1.7297,51.5716],[-1.7194,51.5604],[-1.7247,51.5268],[-1.7639,51.5316],[-1.7948,51.5403],[-1.8125,51.5526],[-1.8442,51.5431],[-1.7978,51.4844],[-1.8135,51.4608],[-1.8795,51.4425],[-1.9154,51.4132],[-1.8971,51.2609],[-2.0066,51.2323],[-1.991,51.1847],[-1.8903,51.0963],[-1.795,51.1057],[-1.6928,51.203],[-1.6069,51.2507],[-1.536,51.2486],[-1.4983,51.3294],[-1.5556,51.3955],[-1.532,51.4295],[-1.5847,51.5249],[-1.6911,51.5835]]]},"properties":{"PCON24CD":"E14001217","PCON24NM":"East Wiltshire"}},
{"type":"Feature","geometry":{"type":"MultiPolygon","coordinates":[[[[-0.245,50.8638],[-0.2566,50.8623],[-0.2695,50.8637],[-0.2879,50.8642],[-0.2925,50.8629],[-0.2999,50.8647],[-0.2927,50.8586],[-0.2953,50.8541],[-0.2874,50.8462],[-0.2871,50.8403],[-0.2752,50.8313],[-0.246,50.8284],[-0.216,50.8276],[-0.2153,50.8304],[-0.245,50.8638]]],[[[-0.3646,50.8745],[-0.4054,50.8546],[-0.3873,50.8185],[-0.36,50.8113],[-0.2762,50.8268],[-0.2485,50.8266],[-0.2754,50.8294],[-0.2857,50.8345],[-0.2956,50.8536],[-0.2932,50.8586],[-0.3022,50.8613],[-0.3015,50.8644],[-0.2987,50.8663],[-0.3076,50.8665],[-0.3136,50.8645],[-0.3397,50.8625],[-0.3646,50.8745]]]]},"properties":{"PCON24CD":"E14001218","PCON24NM":"East Worthing and Shoreham"}},
{"type":"Feature","geometry":{"type":"Polygon","coordinates":[[[0.3139,50.8087],[0.2674,50.8106],[0.2542,50.799],[0.2331,50.7968],[0.217,50.7745],[0.21,50.7385],[0.2397,50.7344],[0.2577,50.7375],[0.3028,50.7751],[0.3266,50.784],[0.3393,50.7991],[0.3139,50.8087]]]},"properties":{"PCON24CD":"E14001219","PCON24NM":"Eastbourne"}},
{"type":"Feature","geometry":{"type":"Polygon","coordinates":[[[-1.2911,50.9468],[-1.2603,50.9745],[-1.2905,50.9823],[-1.3456,50.9855],[-1.3535,50.9982],[-1.393,51.0044],[-1.4139,50.9839],[-1.359,50.938],[-1.3531,50.9262],[-1.3334,50.9199],[-1.324,50.9044],[-1.3276,50.9141],[-1.2911,50.9468]]]},"properties":{"PCON24CD":"E14001220","PCON24NM":"Eastleigh"}},
{"type":"Feature","geometry":{"type":"Polygon","coordinates":[[[-0.0148,51.6367],[-0.0518,51.6408],[-0.066,51.6376],[-0.0768,51.6503],[-0.0912,51.6519],[-0.1094,51.6455],[-0.1178,51.6296],[-0.0873,51.6164],[-0.0856,51.6085],[-0.0545,51.6089],[-0.0414,51.6056],[-0.0339,51.6095],[-0.0148,51.6367]]]},"properties":{"PCON24CD":"E14001221","PCON24NM":"Edmonton and Winchmore Hill"}},
{"type":"Feature","geometry":{"type":"Polygon","coordinates":[[[-2.9955,53.368],[-3.006,53.3638],[-2.9991,53.3502],[-2.9802,53.3047],[-2.9494,53.3032],[-2.9447,53.2927],[-2.9633,53.2867],[-2.9596,53.2748],[-2.9322,53.2605],[-2.9119,53.256],[-2.8763,53.2624],[-2.8881,53.2893],[-2.9059,53.3011],[-2.9334,53.311],[-2.9578,53.3315],[-2.9679,53.3474],[-2.9955,53.368]]]},"properties":{"PCON24CD":"E14001222","PCON24NM":"Ellesmere Port and Bromborough"}},
{"type":"Feature","geometry":{"type":"Polygon","coordinates":[[[0.055,51.4711],[0.0439,51.479],[0.029,51.4679],[0.0093,51.464],[0.0115,51.4567],[0.0221,51.4487],[0.0254,51.4357],[0.0375,51.4314],[0.0345,51.4235],[0.0594,51.4039],[0.077,51.3959],[0.0954,51.395],[0.1045,51.4152],[0.0828,51.4301],[0.0874,51.4433],[0.0823,51.4616],[0.0588,51.4636],[0.055,51.4711]]]},"properties":{"PCON24CD":"E14001223","PCON24NM":"Eltham and Chislehurst"}},
{"type":"Feature","geometry":{"type":"MultiPolygon","coordinates":[[[[0.2456,52.5006],[0.2363,52.5073],[0.1238,52.421],[0.0344,52.3857],[0.0511,52.3583],[0.2456,52.5006]]],[[[0.4293,52.4365],[0.3671,52.4959],[0.2457,52.5004],[0.0442,52.3528],[0.1199,52.3159],[0.0633,52.2925],[0.1299,52.2357],[0.1475,52.2298],[0.1714,52.2338],[0.3516,52.1687],[0.4173,52.1593],[0.4875,52.1698],[0.5011,52.2894],[0.4242,52.3292],[0.3748,52.4097],[0.4293,52.4365]]]]},"properties":{"PCON24CD":"E14001224","PCON24NM":"Ely and East Cambridgeshire"}},
{"type":"Feature","geometry":{"type":"Polygon","coordinates":[[[-0.0119,51.6809],[-0.0671,51.6841],[-0.1058,51.6919],[-0.1635,51.6859],[-0.1489,51.681],[-0.1485,51.6723],[-0.1272,51.6668],[-0.1251,51.6515],[-0.1094,51.6455],[-0.0912,51.6519],[-0.0768,51.6503],[-0.066,51.6376],[-0.0518,51.6408],[-0.0148,51.6367],[-0.0123,51.6462],[-0.0119,51.6809]]]},"properties":{"PCON24CD":"E14001225","PCON24NM":"Enfield North"}},
{"type":"Feature","geometry":{"type":"Polygon","coordinates":[[[0.1568,51.7316],[0.1152,51.7405],[0.0843,51.7347],[0.0574,51.7629],[0.0229,51.7211],[-0.0141,51.7231],[-0.0119,51.6809],[-0.0123,51.6462],[0.0011,51.6418],[0.0227,51.6411],[0.0218,51.6288],[0.0402,51.6164],[0.0728,51.6047],[0.1193,51.6154],[0.1292,51.6214],[0.1054,51.648],[0.1568,51.7316]]]},"properties":{"PCON24CD":"E14001226","PCON24NM":"Epping Forest"}},
{"type":"Feature","geometry":{"type":"Polygon","coordinates":[[[-0.245,51.3801],[-0.261,51.3796],[-0.2872,51.3625],[-0.3193,51.3278],[-0.3307,51.329],[-0.3603,51.3118],[-0.3352,51.2948],[-0.3331,51.2793],[-0.309,51.2734],[-0.2722,51.2923],[-0.2472,51.2987],[-0.2429,51.3213],[-0.2208,51.3298],[-0.2298,51.3365],[-0.2173,51.3434],[-0.2269,51.3626],[-0.2454,51.3669],[-0.245,51.3801]]]},"properties":{"PCON24CD":"E14001227","PCON24NM":"Epsom and Ewell"}},
{"type":"Feature","geometry":{"type":"Polygon","coordinates":[[[-1.2397,52.8923],[-1.2818,52.9103],[-1.2824,52.9512],[-1.3074,53.0036],[-1.3328,52.9782],[-1.3402,52.9573],[-1.3298,52.9349],[-1.358,52.9274],[-1.3708,52.8948],[-1.347,52.8797],[-1.3193,52.8729],[-1.2679,52.8734],[-1.2397,52.8923]]]},"properties":{"PCON24CD":"E14001228","PCON24NM":"Erewash"}},
{"type":"Feature","geometry":{"type":"Polygon","coordinates":[[[0.1866,51.4804],[0.1725,51.4889],[0.1666,51.5035],[0.1251,51.513],[0.092,51.509],[0.0762,51.4959],[0.0737,51.4816],[0.055,51.4711],[0.0588,51.4636],[0.0823,51.4616],[0.0982,51.4755],[0.1125,51.4734],[0.122,51.483],[0.1669,51.4765],[0.1866,51.4804]]]},"properties":{"PCON24CD":"E14001229","PCON24NM":"Erith and Thamesmead"}},
{"type":"Feature","geometry":{"type":"Polygon","coordinates":[[[-0.3177,51.3937],[-0.3278,51.3918],[-0.3591,51.4119],[-0.3834,51.4085],[-0.4096,51.4047],[-0.4321,51.384],[-0.4459,51.3767],[-0.4322,51.3639],[-0.411,51.3623],[-0.3951,51.3477],[-0.3789,51.3454],[-0.328,51.3522],[-0.318,51.3703],[-0.3079,51.3784],[-0.3177,51.3937]]]},"properties":{"PCON24CD":"E14001230","PCON24NM":"Esher and Walton"}},
{"type":"Feature","geometry":{"type":"Polygon","coordinates":[[[-3.4983,50.6967],[-3.4846,50.7107],[-3.493,50.754],[-3.5155,50.7592],[-3.5348,50.756],[-3.553,50.7455],[-3.5697,50.745],[-3.5606,50.7301],[-3.5669,50.7142],[-3.5391,50.6929],[-3.5018,50.6943],[-3.5007,50.6954],[-3.4998,50.6959],[-3.5057,50.7009],[-3.5069,50.7011],[-3.5057,50.7009],[-3.4983,50.6967]]]},"properties":{"PCON24CD":"E14001231","PCON24NM":"Exeter"}},
{"type":"Feature","geometry":{"type":"MultiPolygon","coordinates":[[[[-3.4698,50.6823],[-3.4994,50.6951],[-3.4996,50.6951],[-3.5007,50.6954],[-3.5018,50.6943],[-3.4698,50.6823]]],[[[-3.5007,50.6954],[-3.4996,50.6951],[-3.4994,50.6951],[-3.4998,50.6959],[-3.5007,50.6954]]],[[[-3.499,50.6963],[-3.4936,50.6944],[-3.4983,50.6966],[-3.499,50.6963]]],[[[-3.4257,50.8119],[-3.5281,50.7889],[-3.5697,50.745],[-3.553,50.7455],[-3.5348,50.756],[-3.5155,50.7592],[-3.493,50.754],[-3.4846,50.7107],[-3.4983,50.6967],[-3.4607,50.6934],[-3.4608,50.6934],[-3.457,50.6927],[-3.4568,50.6927],[-3.4583,50.6967],[-3.4584,50.6967],[-3.4578,50.6978],[-3.4576,50.6978],[-3.4571,50.6995],[-3.4576,50.6978],[-3.4578,50.6978],[-3.4584,50.6967],[-3.4583,50.6967],[-3.4568,50.6927],[-3.457,50.6927],[-3.4608,50.6934],[-3.4607,50.6934],[-3.4155,50.6293],[-3.3855,50.6068],[-3.3104,50.6307],[-3.31,50.6451],[-3.3089,50.6389],[-3.3071,50.6326],[-3.2618,50.6719],[-3.3267,50.6905],[-3.357,50.7258],[-3.3288,50.739],[-3.3394,50.8129],[-3.4257,50.8119]]]]},"properties":{"PCON24CD":"E14001232","PCON24NM":"Exmouth and Exeter East"}},
{"type":"Feature","geometry":{"type":"Polygon","coordinates":[[[-0.9988,50.8954],[-1.0366,50.9317],[-1.1538,50.8974],[-1.1725,50.9185],[-1.2321,50.9061],[-1.2163,50.8905],[-1.2366,50.8638],[-1.2111,50.8459],[-1.1795,50.8373],[-1.1718,50.8402],[-1.1711,50.84],[-1.171,50.84],[-1.16,50.8452],[-1.1563,50.8445],[-1.1563,50.8448],[-1.1547,50.8451],[-1.1532,50.8444],[-1.1529,50.8436],[-1.1545,50.8428],[-1.1209,50.8356],[-1.116,50.8359],[-1.1129,50.8387],[-1.1142,50.8403],[-1.1147,50.8402],[-1.1155,50.8413],[-1.1161,50.8412],[-1.116,50.842],[-1.1181,50.8442],[-1.1158,50.8583],[-1.0541,50.8565],[-1.0407,50.8767],[-1.0134,50.8756],[-0.9988,50.8954]]]},"properties":{"PCON24CD":"E14001233","PCON24NM":"Fareham and Waterlooville"}},
{"type":"Feature","geometry":{"type":"Polygon","coordinates":[[[-0.7455,51.2305],[-0.776,51.242],[-0.8047,51.2451],[-0.8489,51.2107],[-0.8254,51.1814],[-0.8412,51.1415],[-0.8811,51.1324],[-0.8802,51.0859],[-0.8501,51.0593],[-0.7954,51.0649],[-0.7623,51.0855],[-0.6874,51.0755],[-0.688,51.1076],[-0.7302,51.1139],[-0.7476,51.1722],[-0.724,51.1924],[-0.7455,51.2305]]]},"properties":{"PCON24CD":"E14001234","PCON24NM":"Farnham and Bordon"}},
{"type":"Feature","geometry":{"type":"Polygon","coordinates":[[[0.9504,51.3456],[0.9394,51.3468],[0.9282,51.3453],[0.9221,51.3455],[0.9188,51.3442],[0.919,51.344],[0.9206,51.3442],[0.9223,51.3445],[0.9224,51.3448],[0.9223,51.3445],[0.9206,51.3442],[0.919,51.344],[0.9188,51.3442],[0.9164,51.3282],[0.9165,51.3283],[0.9169,51.3283],[0.917,51.3283],[0.9169,51.3283],[0.9165,51.3283],[0.9164,51.3282],[0.9147,51.3282],[0.9146,51.3282],[0.9147,51.3282],[0.9055,51.3344],[0.9055,51.3343],[0.9055,51.3344],[0.8772,51.3534],[0.7791,51.3615],[0.7299,51.3197],[0.702,51.3167],[0.645,51.3362],[0.6014,51.3333],[0.5635,51.3387],[0.5268,51.3252],[0.5126,51.3075],[0.4927,51.3013],[0.499,51.2968],[0.5062,51.2957],[0.5477,51.285],[0.5284,51.2638],[0.5407,51.2443],[0.6069,51.2257],[0.7446,51.2147],[0.9733,51.2686],[1.006,51.2838],[1.0009,51.319],[0.9504,51.3456]]]},"properties":{"PCON24CD":"E14001235","PCON24NM":"Faversham and Mid Kent"}},
{"type":"Feature","geometry":{"type":"Polygon","coordinates":[[[-0.4069,51.4997],[-0.4167,51.4806],[-0.4111,51.4699],[-0.4336,51.4617],[-0.4439,51.4533],[-0.4587,51.4563],[-0.4565,51.4381],[-0.4295,51.4288],[-0.4191,51.4324],[-0.4054,51.4225],[-0.3913,51.4223],[-0.3778,51.4368],[-0.3878,51.4494],[-0.4014,51.459],[-0.373,51.4716],[-0.375,51.494],[-0.4069,51.4997]]]},"properties":{"PCON24CD":"E14001236","PCON24NM":"Feltham and Heston"}},
{"type":"Feature","geometry":{"type":"Polygon","coordinates":[[[-2.4767,51.4765],[-2.4605,51.5014],[-2.4901,51.5063],[-2.4881,51.5298],[-2.5092,51.5396],[-2.539,51.5386],[-2.5524,51.5514],[-2.6309,51.5137],[-2.588,51.5171],[-2.5881,51.5012],[-2.5713,51.4996],[-2.5553,51.4927],[-2.5377,51.4971],[-2.511,51.49],[-2.4921,51.4926],[-2.4767,51.4765]]]},"properties":{"PCON24CD":"E14001237","PCON24NM":"Filton and Bradley Stoke"}},
{"type":"Feature","geometry":{"type":"Polygon","coordinates":[[[-0.1608,51.6199],[-0.1748,51.6215],[-0.2021,51.6051],[-0.2163,51.5948],[-0.2071,51.5883],[-0.2223,51.5738],[-0.2322,51.571],[-0.2135,51.5552],[-0.1994,51.5562],[-0.1892,51.5655],[-0.1694,51.574],[-0.1631,51.5844],[-0.1618,51.5975],[-0.1563,51.6057],[-0.1608,51.6199]]]},"properties":{"PCON24CD":"E14001238","PCON24NM":"Finchley and Golders Green"}},
{"type":"Feature","geometry":{"type":"Polygon","coordinates":[[[1.2027,51.0996],[1.0821,51.1045],[1.0364,51.0856],[0.9835,51.0911],[0.9689,51.0629],[0.8711,51.0456],[0.8309,51.0494],[0.779,50.9895],[0.8135,50.949],[0.856,50.9531],[0.8551,50.9239],[0.9743,50.9112],[0.9644,50.9688],[0.9967,51.0246],[1.0951,51.0675],[1.19,51.0808],[1.2211,51.0981],[1.2027,51.0996]]]},"properties":{"PCON24CD":"E14001239","PCON24NM":"Folkestone and Hythe"}},
{"type":"Feature","geometry":{"type":"Polygon","coordinates":[[[-2.3514,52.0214],[-2.4965,51.9761],[-2.4679,51.9374],[-2.4401,51.9024],[-2.6504,51.8261],[-2.6695,51.7427],[-2.6676,51.6357],[-2.6492,51.6296],[-2.6254,51.6614],[-2.561,51.6944],[-2.5054,51.7104],[-2.4731,51.7433],[-2.4117,51.7681],[-2.453,51.7966],[-2.424,51.8193],[-2.4012,51.8043],[-2.3701,51.7946],[-2.3529,51.7968],[-2.3633,51.8225],[-2.3536,51.8457],[-2.3036,51.8445],[-2.2675,51.8752],[-2.2604,51.8756],[-2.271,51.9173],[-2.2225,51.9326],[-2.1749,51.9961],[-2.2514,51.9666],[-2.3514,52.0214]]]},"properties":{"PCON24CD":"E14001240","PCON24NM":"Forest of Dean"}},
{"type":"Feature","geometry":{"type":"Polygon","coordinates":[[[-2.3075,51.365],[-2.3441,51.3552],[-2.3739,51.3548],[-2.4142,51.3763],[-2.4682,51.3492],[-2.4587,51.305],[-2.4967,51.2905],[-2.557,51.2431],[-2.5201,51.1737],[-2.5866,51.143],[-2.67,51.1644],[-2.67,51.1321],[-2.5894,51.0907],[-2.4535,51.123],[-2.3463,51.1305],[-2.2453,51.2539],[-2.2783,51.3024],[-2.3075,51.365]]]},"properties":{"PCON24CD":"E14001241","PCON24NM":"Frome and East Somerset"}},
{"type":"Feature","geometry":{"type":"Polygon","coordinates":[[[-2.8782,53.8607],[-2.9439,53.8501],[-2.9819,53.8582],[-3.018,53.8483],[-3.0205,53.8408],[-3.0072,53.8329],[-3.0097,53.8247],[-2.995,53.8185],[-2.9834,53.7938],[-3.0061,53.788],[-2.9965,53.7745],[-3.0288,53.7731],[-3.0328,53.7809],[-3.0571,53.7765],[-3.015,53.739],[-2.9516,53.7344],[-2.9497,53.735],[-2.948,53.7357],[-2.93,53.7409],[-2.9293,53.7408],[-2.93,53.7409],[-2.9284,53.7395],[-2.9166,53.7397],[-2.9167,53.7397],[-2.9172,53.7407],[-2.9171,53.7407],[-2.9172,53.7407],[-2.9167,53.7397],[-2.9166,53.7397],[-2.9155,53.7376],[-2.9143,53.7375],[-2.9065,53.7364],[-2.906,53.7368],[-2.9065,53.7364],[-2.9143,53.7375],[-2.9155,53.7376],[-2.9372,53.7379],[-2.9371,53.7379],[-2.9372,53.7379],[-2.94,53.7367],[-2.9414,53.7356],[-2.9413,53.7356],[-2.94,53.7359],[-2.9392,53.7361],[-2.939,53.7361],[-2.9392,53.7361],[-2.94,53.7359],[-2.9413,53.7356],[-2.9414,53.7356],[-2.9414,53.7353],[-2.9415,53.7351],[-2.9413,53.735],[-2.9408,53.7349],[-2.9402,53.735],[-2.9408,53.7349],[-2.9411,53.7349],[-2.9413,53.735],[-2.9415,53.7351],[-2.9475,53.7344],[-2.9489,53.7327],[-2.9489,53.7328],[-2.9489,53.7327],[-2.9441,53.7326],[-2.9442,53.7327],[-2.9447,53.7332],[-2.945,53.7335],[-2.9447,53.7332],[-2.9442,53.7327],[-2.9441,53.7326],[-2.9402,53.7327],[-2.9403,53.733],[-2.9388,53.7341],[-2.9388,53.7339],[-2.9403,53.733],[-2.9402,53.7327],[-2.9368,53.7341],[-2.9366,53.7342],[-2.9368,53.7341],[-2.9366,53.7333],[-2.9367,53.7333],[-2.9366,53.7333],[-2.9343,53.7352],[-2.9331,53.7342],[-2.9322,53.7342],[-2.9292,53.7351],[-2.9235,53.7348],[-2.9263,53.7346],[-2.9263,53.7341],[-2.9261,53.7342],[-2.9263,53.7341],[-2.9334,53.7323],[-2.9331,53.7325],[-2.9334,53.7323],[-2.9303,53.7324],[-2.9278,53.7327],[-2.9303,53.7324],[-2.9173,53.732],[-2.9177,53.7322],[-2.9178,53.7331],[-2.9177,53.7322],[-2.9173,53.732],[-2.9159,53.7321],[-2.9163,53.7329],[-2.9159,53.7321],[-2.9142,53.7321],[-2.9139,53.7322],[-2.9112,53.7332],[-2.9114,53.734],[-2.9112,53.7332],[-2.9107,53.733],[-2.9101,53.7343],[-2.9107,53.733],[-2.9009,53.7332],[-2.9012,53.7338],[-2.9016,53.7339],[-2.9012,53.7338],[-2.9009,53.7332],[-2.8759,53.7368],[-2.8597,53.7484],[-2.8213,53.7465],[-2.8219,53.7469],[-2.8213,53.7465],[-2.8095,53.7487],[-2.7938,53.7518],[-2.7899,53.7563],[-2.795,53.7627],[-2.7982,53.7715],[-2.7805,53.7877],[-2.826,53.82],[-2.8782,53.8607]]]},"properties":{"PCON24CD":"E14001242","PCON24NM":"Fylde"}},
{"type":"Feature","geometry":{"type":"Polygon","coordinates":[[[-0.1318,53.4359],[-0.2024,53.4866],[-0.1875,53.5636],[-0.2904,53.6106],[-0.3359,53.5586],[-0.4909,53.5459],[-0.4307,53.5463],[-0.4051,53.5176],[-0.4786,53.5084],[-0.4717,53.4749],[-0.5518,53.4595],[-0.6298,53.4582],[-0.6245,53.5128],[-0.7386,53.5198],[-0.7421,53.5104],[-0.7511,53.5005],[-0.7659,53.4999],[-0.7678,53.4943],[-0.775,53.4888],[-0.7709,53.4829],[-0.7726,53.4781],[-0.7826,53.4773],[-0.7852,53.4619],[-0.8173,53.4264],[-0.7882,53.4138],[-0.7757,53.3913],[-0.784,53.3861],[-0.7746,53.3792],[-0.7852,53.3746],[-0.7899,53.3632],[-0.7726,53.364],[-0.7579,53.3533],[-0.7562,53.3394],[-0.7659,53.3301],[-0.7462,53.3035],[-0.7726,53.2585],[-0.7721,53.2559],[-0.7765,53.2468],[-0.6666,53.2397],[-0.6536,53.2424],[-0.6484,53.2532],[-0.6115,53.2564],[-0.5951,53.2452],[-0.5393,53.2546],[-0.496,53.2472],[-0.4951,53.2253],[-0.3543,53.228],[-0.2897,53.1794],[-0.3175,53.2983],[-0.1318,53.4359]]]},"properties":{"PCON24CD":"E14001243","PCON24NM":"Gainsborough"}},
{"type":"Feature","geometry":{"type":"Polygon","coordinates":[[[-1.579,54.9638],[-1.6046,54.9679],[-1.6328,54.9568],[-1.6324,54.9499],[-1.6317,54.9496],[-1.6324,54.9499],[-1.6374,54.9578],[-1.6772,54.9639],[-1.6989,54.9487],[-1.7376,54.9187],[-1.7249,54.9088],[-1.6976,54.9062],[-1.6748,54.9093],[-1.67,54.9205],[-1.6345,54.9332],[-1.6097,54.9341],[-1.6045,54.9216],[-1.5842,54.9177],[-1.5567,54.93],[-1.5834,54.9413],[-1.579,54.9638]]]},"properties":{"PCON24CD":"E14001244","PCON24NM":"Gateshead Central and Whickham"}},
{"type":"Feature","geometry":{"type":"Polygon","coordinates":[[[-1.0071,52.9855],[-1.0312,52.9927],[-1.0539,53.0144],[-1.0419,53.0314],[-1.1338,53.0235],[-1.1461,53.0452],[-1.1718,53.0432],[-1.1827,53.0186],[-1.1435,53.0065],[-1.1524,52.9966],[-1.1237,52.9835],[-1.1201,52.9678],[-1.1041,52.9641],[-1.0861,52.9486],[-1.0417,52.9512],[-1.0338,52.9584],[-1.0382,52.9816],[-1.0071,52.9855]]]},"properties":{"PCON24CD":"E14001245","PCON24NM":"Gedling"}},
{"type":"Feature","geometry":{"type":"Polygon","coordinates":[[[0.6269,51.3747],[0.6235,51.3882],[0.6234,51.3877],[0.6164,51.378],[0.5929,51.3903],[0.5774,51.3905],[0.5552,51.3991],[0.5445,51.3968],[0.5362,51.3784],[0.5524,51.3735],[0.5679,51.3477],[0.5635,51.3387],[0.6014,51.3333],[0.6121,51.3379],[0.6349,51.3664],[0.6269,51.3747]]]},"properties":{"PCON24CD":"E14001246","PCON24NM":"Gillingham and Rainham"}},
{"type":"Feature","geometry":{"type":"Polygon","coordinates":[[[-2.67,51.1644],[-2.7544,51.1045],[-2.8499,51.1032],[-2.8882,51.0691],[-2.8925,51.0612],[-2.8841,51.0473],[-2.9525,51.0021],[-2.9847,50.9633],[-2.9289,50.9396],[-2.8028,50.9656],[-2.739,50.9345],[-2.6526,50.9753],[-2.5984,50.9595],[-2.5023,50.9938],[-2.4149,50.9606],[-2.33,51.0413],[-2.3259,51.0797],[-2.3463,51.1305],[-2.4535,51.123],[-2.5894,51.0907],[-2.67,51.1321],[-2.67,51.1644]]]},"properties":{"PCON24CD":"E14001247","PCON24NM":"Glastonbury and Somerton"}},
{"type":"Feature","geometry":{"type":"Polygon","coordinates":[[[-2.1976,51.8717],[-2.2248,51.8704],[-2.2604,51.8756],[-2.2675,51.8752],[-2.2875,51.8581],[-2.2802,51.8428],[-2.2985,51.8323],[-2.2991,51.8246],[-2.2629,51.8076],[-2.2566,51.8215],[-2.2275,51.8283],[-2.2234,51.8212],[-2.1901,51.8429],[-2.1773,51.8559],[-2.1976,51.8717]]]},"properties":{"PCON24CD":"E14001248","PCON24NM":"Gloucester"}},
{"type":"Feature","geometry":{"type":"Polygon","coordinates":[[[-0.6506,51.2434],[-0.7029,51.2382],[-0.7046,51.2745],[-0.7311,51.2803],[-0.7358,51.2377],[-0.7455,51.2305],[-0.724,51.1924],[-0.7476,51.1722],[-0.7302,51.1139],[-0.688,51.1076],[-0.6874,51.0755],[-0.4921,51.0944],[-0.4192,51.1052],[-0.4638,51.172],[-0.4101,51.1933],[-0.4346,51.2399],[-0.503,51.2401],[-0.559,51.2156],[-0.6032,51.2229],[-0.6506,51.2434]]]},"properties":{"PCON24CD":"E14001249","PCON24NM":"Godalming and Ash"}},
{"type":"Feature","geometry":{"type":"MultiPolygon","coordinates":[[[[-0.6985,53.6846],[-0.7288,53.7043],[-0.8466,53.6855],[-0.8865,53.6942],[-0.99,53.659],[-0.8483,53.633],[-0.6985,53.6846]]],[[[-0.991,53.6612],[-1.0688,53.704],[-1.0487,53.6561],[-0.991,53.6612]]],[[[-0.58,53.8577],[-0.7007,53.8374],[-0.9086,53.9969],[-0.9253,53.9915],[-0.9234,53.8807],[-0.9304,53.7629],[-0.9733,53.7502],[-0.8417,53.7235],[-0.7808,53.6975],[-0.5896,53.728],[-0.4632,53.7169],[-0.4826,53.7587],[-0.4522,53.7687],[-0.447,53.7936],[-0.4088,53.7953],[-0.4104,53.8052],[-0.6157,53.7986],[-0.58,53.8577]]]]},"properties":{"PCON24CD":"E14001250","PCON24NM":"Goole and Pocklington"}},
{"type":"Feature","geometry":{"type":"Polygon","coordinates":[[[-2.1499,53.4709],[-2.1681,53.4689],[-2.1942,53.4718],[-2.1975,53.4609],[-2.205,53.4553],[-2.1982,53.4454],[-2.2052,53.4406],[-2.2187,53.4217],[-2.2077,53.4201],[-2.1913,53.4352],[-2.1765,53.4331],[-2.1739,53.4439],[-2.1582,53.4548],[-2.1396,53.4383],[-2.1307,53.4394],[-2.0928,53.4375],[-2.0984,53.4636],[-2.1302,53.4649],[-2.1499,53.4709]]]},"properties":{"PCON24CD":"E14001251","PCON24NM":"Gorton and Denton"}},
{"type":"Feature","geometry":{"type":"Polygon","coordinates":[[[-1.1795,50.8373],[-1.2111,50.8459],[-1.2429,50.8183],[-1.2152,50.8099],[-1.1848,50.7879],[-1.1613,50.7845],[-1.1435,50.7739],[-1.1163,50.788],[-1.1238,50.8062],[-1.142,50.8173],[-1.1586,50.8387],[-1.1795,50.8373]]]},"properties":{"PCON24CD":"E14001252","PCON24NM":"Gosport"}},
{"type":"Feature","geometry":{"type":"Polygon","coordinates":[[[-0.202,53.006],[-0.3768,52.9778],[-0.5319,52.9898],[-0.5228,53.0496],[-0.7162,53.0591],[-0.7783,52.9769],[-0.7769,52.9048],[-0.7058,52.8381],[-0.5957,52.8892],[-0.5771,52.8324],[-0.4427,52.8445],[-0.3994,52.7547],[-0.3045,52.7461],[-0.2607,52.771],[-0.2763,52.8617],[-0.2467,52.9288],[-0.202,53.006]]]},"properties":{"PCON24CD":"E14001253","PCON24NM":"Grantham and Bourne"}},
{"type":"Feature","geometry":{"type":"Polygon","coordinates":[[[0.4593,51.4555],[0.4594,51.455],[0.3899,51.4432],[0.3284,51.4508],[0.3154,51.4649],[0.3327,51.4258],[0.3367,51.3865],[0.3411,51.325],[0.3902,51.3419],[0.4013,51.353],[0.4311,51.388],[0.4677,51.3983],[0.4892,51.4153],[0.491,51.4387],[0.4593,51.4555]]]},"properties":{"PCON24CD":"E14001254","PCON24NM":"Gravesham"}},
{"type":"Feature","geometry":{"type":"Polygon","coordinates":[[[0.0088,53.5348],[0.0025,53.5396],[0.0024,53.5396],[0.0025,53.5396],[-0.0041,53.5476],[-0.0036,53.5472],[-0.0041,53.5476],[-0.0611,53.5821],[-0.093,53.581],[-0.1115,53.59],[-0.1503,53.5676],[-0.1245,53.5435],[-0.0845,53.5387],[-0.0655,53.5468],[-0.032,53.5348],[0.0088,53.5348]]]},"properties":{"PCON24CD":"E14001255","PCON24NM":"Great Grimsby and Cleethorpes"}},
{"type":"Feature","geometry":{"type":"MultiPolygon","coordinates":[[[[1.7402,52.5321],[1.7249,52.6034],[1.7114,52.6111],[1.6499,52.5938],[1.6092,52.5407],[1.6213,52.5399],[1.6203,52.5336],[1.6276,52.5286],[1.6289,52.5261],[1.6389,52.5376],[1.6677,52.5503],[1.7402,52.5321]]],[[[1.6334,52.6325],[1.6179,52.6288],[1.6296,52.627],[1.6334,52.6325]]],[[[1.6452,52.5892],[1.6591,52.604],[1.6818,52.6084],[1.6883,52.6264],[1.6791,52.6293],[1.6698,52.6287],[1.6668,52.6301],[1.6601,52.63],[1.6556,52.6308],[1.6531,52.6318],[1.6499,52.6304],[1.644,52.6302],[1.663,52.6212],[1.6748,52.6095],[1.6423,52.603],[1.6452,52.5892]]],[[[1.6266,52.7244],[1.6198,52.7176],[1.6024,52.715],[1.5827,52.7104],[1.579,52.7081],[1.5778,52.7054],[1.5765,52.7042],[1.5734,52.7024],[1.5678,52.7012],[1.562,52.702],[1.5542,52.7007],[1.5458,52.6959],[1.5456,52.6922],[1.5536,52.6871],[1.5624,52.6653],[1.5605,52.6585],[1.5575,52.6548],[1.5578,52.6511],[1.5606,52.6499],[1.5684,52.6492],[1.567,52.6394],[1.5748,52.6396],[1.5832,52.6367],[1.5899,52.6387],[1.593,52.6364],[1.5935,52.6291],[1.5981,52.6285],[1.6012,52.625],[1.6081,52.6243],[1.6175,52.6289],[1.6336,52.6328],[1.6389,52.6304],[1.6496,52.6306],[1.6532,52.6321],[1.6578,52.6306],[1.6672,52.6304],[1.6698,52.629],[1.6791,52.6297],[1.6862,52.6282],[1.7102,52.631],[1.7254,52.6272],[1.7202,52.6109],[1.7375,52.5875],[1.7451,52.6267],[1.6976,52.7235],[1.6748,52.7426],[1.6266,52.7244]]]]},"properties":{"PCON24CD":"E14001256","PCON24NM":"Great Yarmouth"}},
{"type":"Feature","geometry":{"type":"Polygon","coordinates":[[[0.0762,51.4959],[0.0243,51.4938],[-0.0014,51.5032],[0.002,51.4885],[-0.0227,51.4754],[-0.0082,51.4728],[0.015,51.4731],[0.0093,51.464],[0.029,51.4679],[0.0439,51.479],[0.055,51.4711],[0.0737,51.4816],[0.0762,51.4959]]]},"properties":{"PCON24CD":"E14001257","PCON24NM":"Greenwich and Woolwich"}},
{"type":"Feature","geometry":{"type":"Polygon","coordinates":[[[-0.4623,51.33],[-0.4892,51.3281],[-0.4919,51.3109],[-0.545,51.2961],[-0.5371,51.2758],[-0.5474,51.2656],[-0.6009,51.2861],[-0.6186,51.283],[-0.6506,51.2434],[-0.6032,51.2229],[-0.559,51.2156],[-0.503,51.2401],[-0.4346,51.2399],[-0.397,51.2379],[-0.3871,51.2649],[-0.3947,51.298],[-0.4374,51.304],[-0.4623,51.33]]]},"properties":{"PCON24CD":"E14001258","PCON24NM":"Guildford"}},
{"type":"Feature","geometry":{"type":"Polygon","coordinates":[[[-0.03,51.5614],[-0.0424,51.5614],[-0.0584,51.5726],[-0.0612,51.5778],[-0.0786,51.5746],[-0.0919,51.5652],[-0.0917,51.5602],[-0.0904,51.5542],[-0.0777,51.5495],[-0.0562,51.553],[-0.0172,51.5517],[-0.03,51.5614]]]},"properties":{"PCON24CD":"E14001259","PCON24NM":"Hackney North and Stoke Newington"}},
{"type":"Feature","geometry":{"type":"Polygon","coordinates":[[[-0.0172,51.5517],[-0.0562,51.553],[-0.0777,51.5495],[-0.0767,51.5461],[-0.0782,51.5367],[-0.0868,51.5373],[-0.097,51.533],[-0.0954,51.5292],[-0.0842,51.5239],[-0.0852,51.5203],[-0.0785,51.5215],[-0.0742,51.5301],[-0.0629,51.5349],[-0.0529,51.5349],[-0.0416,51.5374],[-0.0333,51.5447],[-0.0165,51.5433],[-0.0172,51.5516],[-0.0172,51.5517]]]},"properties":{"PCON24CD":"E14001260","PCON24NM":"Hackney South and Shoreditch"}},
{"type":"Feature","geometry":{"type":"Polygon","coordinates":[[[-2.0705,52.4816],[-2.103,52.4849],[-2.1155,52.465],[-2.1015,52.4621],[-2.1167,52.4479],[-2.1088,52.4412],[-2.0902,52.4426],[-2.0861,52.4329],[-2.0675,52.4326],[-2.0585,52.4408],[-2.017,52.4327],[-2.0132,52.4622],[-2.0235,52.4796],[-2.0447,52.4707],[-2.0577,52.4797],[-2.0705,52.4816]]]},"properties":{"PCON24CD":"E14001261","PCON24NM":"Halesowen"}},
{"type":"Feature","geometry":{"type":"Polygon","coordinates":[[[-1.927,53.7875],[-1.9507,53.786],[-1.9291,53.7702],[-1.9204,53.716],[-1.9504,53.7079],[-1.9463,53.6925],[-1.8906,53.7066],[-1.8443,53.6938],[-1.8167,53.7013],[-1.823,53.7232],[-1.8135,53.7407],[-1.7925,53.7449],[-1.8094,53.7644],[-1.8278,53.7637],[-1.8542,53.7511],[-1.8684,53.7533],[-1.8734,53.7786],[-1.8956,53.7809],[-1.927,53.7875]]]},"properties":{"PCON24CD":"E14001262","PCON24NM":"Halifax"}},
{"type":"Feature","geometry":{"type":"Polygon","coordinates":[[[-1.1725,50.9185],[-1.2353,50.9396],[-1.2672,50.9293],[-1.2911,50.9468],[-1.3276,50.9141],[-1.324,50.9044],[-1.3651,50.88],[-1.3147,50.8501],[-1.3141,50.8747],[-1.2953,50.8935],[-1.2686,50.9131],[-1.2684,50.9133],[-1.2677,50.9141],[-1.2684,50.9133],[-1.2686,50.9131],[-1.2592,50.9025],[-1.299,50.8855],[-1.3062,50.8659],[-1.3015,50.8374],[-1.2429,50.8183],[-1.2111,50.8459],[-1.2366,50.8638],[-1.2163,50.8905],[-1.2321,50.9061],[-1.1725,50.9185]]]},"properties":{"PCON24CD":"E14001263","PCON24NM":"Hamble Valley"}},
{"type":"Feature","geometry":{"type":"Polygon","coordinates":[[[-0.2202,51.5117],[-0.236,51.5137],[-0.2349,51.5065],[-0.2551,51.5043],[-0.2554,51.495],[-0.2701,51.4942],[-0.2808,51.5028],[-0.3007,51.4993],[-0.2975,51.4949],[-0.2927,51.4874],[-0.2767,51.4833],[-0.2664,51.4722],[-0.2543,51.4732],[-0.2514,51.4822],[-0.2431,51.4894],[-0.2264,51.4861],[-0.2024,51.4917],[-0.2142,51.5008],[-0.2202,51.5117]]]},"properties":{"PCON24CD":"E14001264","PCON24NM":"Hammersmith and Chiswick"}},
{"type":"Feature","geometry":{"type":"Polygon","coordinates":[[[-0.1334,51.5729],[-0.1476,51.5862],[-0.1631,51.5844],[-0.1694,51.574],[-0.1892,51.5655],[-0.1994,51.5562],[-0.2135,51.5552],[-0.2019,51.5453],[-0.1887,51.5345],[-0.1786,51.5398],[-0.1604,51.5373],[-0.1605,51.5488],[-0.153,51.5492],[-0.1394,51.5582],[-0.1418,51.5682],[-0.1334,51.5729]]]},"properties":{"PCON24CD":"E14001265","PCON24NM":"Hampstead and Highgate"}},
{"type":"Feature","geometry":{"type":"Polygon","coordinates":[[[-0.8834,52.5138],[-0.9136,52.5305],[-0.9414,52.5796],[-0.9847,52.618],[-1.0447,52.6001],[-1.0705,52.6181],[-1.0934,52.6103],[-1.1048,52.5964],[-1.1268,52.5956],[-1.1436,52.588],[-1.0698,52.5441],[-1.0155,52.5327],[-1.0489,52.4798],[-1.0277,52.4585],[-0.9679,52.4772],[-0.9013,52.4598],[-0.8834,52.5138]]]},"properties":{"PCON24CD":"E14001266","PCON24NM":"Harborough, Oadby and Wigston"}},
{"type":"Feature","geometry":{"type":"Polygon","coordinates":[[[0.2814,51.7895],[0.2862,51.8252],[0.3184,51.8389],[0.2846,51.8665],[0.1956,51.8681],[0.1705,51.8616],[0.167,51.8133],[0.1506,51.7969],[0.0423,51.7751],[0.0252,51.7735],[-0.0136,51.741],[-0.0141,51.7231],[0.0229,51.7211],[0.0574,51.7629],[0.0843,51.7347],[0.1152,51.7405],[0.1568,51.7316],[0.1809,51.771],[0.2366,51.7739],[0.2814,51.7895]]]},"properties":{"PCON24CD":"E14001267","PCON24NM":"Harlow"}},
{"type":"Feature","geometry":{"type":"Polygon","coordinates":[[[-0.3395,51.8496],[-0.3741,51.8292],[-0.412,51.8462],[-0.4541,51.853],[-0.4909,51.8428],[-0.5023,51.8155],[-0.5322,51.8088],[-0.5536,51.8268],[-0.6119,51.812],[-0.6672,51.8158],[-0.6923,51.857],[-0.7445,51.8374],[-0.6854,51.8002],[-0.6734,51.7685],[-0.6129,51.7474],[-0.5637,51.7396],[-0.5268,51.7426],[-0.508,51.7712],[-0.4754,51.7721],[-0.4369,51.7824],[-0.4221,51.7408],[-0.4119,51.7321],[-0.3811,51.7295],[-0.3623,51.7589],[-0.3249,51.7789],[-0.2951,51.7628],[-0.267,51.768],[-0.2752,51.7998],[-0.2433,51.8124],[-0.2735,51.8354],[-0.3395,51.8496]]]},"properties":{"PCON24CD":"E14001268","PCON24NM":"Harpenden and Berkhamsted"}},
{"type":"Feature","geometry":{"type":"Polygon","coordinates":[[[-1.5436,53.9549],[-1.5068,53.9766],[-1.4425,53.9976],[-1.3522,53.9927],[-1.3439,54.0202],[-1.4128,54.0582],[-1.487,54.0841],[-1.5207,54.0756],[-1.5212,54.0215],[-1.5544,54.0325],[-1.6078,54.0289],[-1.6232,53.9975],[-1.5436,53.9549]]]},"properties":{"PCON24CD":"E14001269","PCON24NM":"Harrogate and Knaresborough"}},
{"type":"Feature","geometry":{"type":"Polygon","coordinates":[[[-0.3044,51.6363],[-0.3167,51.6405],[-0.3626,51.6235],[-0.3682,51.6207],[-0.3552,51.6096],[-0.3573,51.6029],[-0.3498,51.5993],[-0.3276,51.604],[-0.3212,51.5982],[-0.3288,51.5904],[-0.317,51.5821],[-0.3014,51.5873],[-0.2823,51.585],[-0.2778,51.5797],[-0.2668,51.5827],[-0.2623,51.5963],[-0.3041,51.6316],[-0.3044,51.6363]]]},"properties":{"PCON24CD":"E14001270","PCON24NM":"Harrow East"}},
{"type":"Feature","geometry":{"type":"Polygon","coordinates":[[[-0.3573,51.6029],[-0.3731,51.6009],[-0.3637,51.5903],[-0.3859,51.5709],[-0.3778,51.555],[-0.3475,51.5597],[-0.3356,51.5566],[-0.3221,51.5697],[-0.3266,51.5788],[-0.317,51.5821],[-0.3288,51.5904],[-0.3212,51.5982],[-0.3276,51.604],[-0.3498,51.5993],[-0.3573,51.6029]]]},"properties":{"PCON24CD":"E14001271","PCON24NM":"Harrow West"}},
{"type":"Feature","geometry":{"type":"Polygon","coordinates":[[[-1.241,54.7232],[-1.2703,54.7272],[-1.3055,54.7175],[-1.3194,54.6913],[-1.3446,54.6908],[-1.3331,54.6726],[-1.3412,54.6502],[-1.3808,54.6438],[-1.299,54.628],[-1.2507,54.6253],[-1.2334,54.6308],[-1.2333,54.631],[-1.2334,54.6312],[-1.2339,54.6313],[-1.2334,54.6312],[-1.2333,54.631],[-1.2334,54.6308],[-1.2124,54.622],[-1.1691,54.6332],[-1.1645,54.6473],[-1.1991,54.6806],[-1.1962,54.6917],[-1.2022,54.7061],[-1.241,54.7232]]]},"properties":{"PCON24CD":"E14001272","PCON24NM":"Hartlepool"}},
{"type":"Feature","geometry":{"type":"MultiPolygon","coordinates":[[[[0.9119,51.7972],[0.9025,51.7901],[0.9047,51.7916],[0.9054,51.7916],[0.9063,51.7922],[0.9062,51.7922],[0.9063,51.7922],[0.9072,51.7933],[0.9082,51.7938],[0.9081,51.7939],[0.9082,51.7938],[0.9099,51.7941],[0.9114,51.7954],[0.9119,51.7972]]],[[[0.9156,51.7957],[0.913,51.7987],[0.9129,51.7986],[0.9119,51.7972],[0.9156,51.7957],[0.9155,51.796],[0.9156,51.7964],[0.9156,51.7967],[0.9156,51.7964],[0.9155,51.796],[0.9156,51.7957]]],[[[0.9136,51.8013],[0.9134,51.8014],[0.9135,51.8011],[0.9136,51.801],[0.9153,51.8004],[0.9152,51.801],[0.9136,51.8013]]],[[[0.9135,51.8011],[0.9129,51.7986],[0.913,51.7987],[0.9136,51.801],[0.9135,51.8011]]],[[[0.926,51.7992],[0.9244,51.8003],[0.9259,51.7992],[0.926,51.7992]]],[[[1.0443,51.8078],[1.0429,51.8093],[1.0418,51.8089],[1.0416,51.8086],[1.041,51.8086],[1.0381,51.8073],[1.0379,51.8072],[1.0369,51.8061],[1.0369,51.806],[1.0434,51.8068],[1.043,51.8073],[1.0434,51.8068],[1.044,51.8069],[1.0439,51.807],[1.044,51.8069],[1.0443,51.8078],[1.0441,51.8082],[1.0443,51.8078]]],[[[1.0602,51.8191],[1.0601,51.8192],[1.0597,51.819],[1.0602,51.8191]]],[[[0.9527,51.8272],[0.9514,51.8274],[0.9513,51.8269],[0.953,51.8272],[0.9533,51.8274],[0.9527,51.8273],[0.9527,51.8272]]],[[[0.8947,51.791],[0.9069,51.8024],[0.907,51.8024],[0.9069,51.8024],[0.9108,51.8019],[0.9104,51.8031],[0.9108,51.8019],[0.9134,51.8014],[0.9136,51.8013],[0.9152,51.801],[0.9153,51.8004],[0.9459,51.7748],[0.9972,51.8016],[0.9966,51.8019],[0.9965,51.8019],[0.9935,51.8029],[0.9905,51.8035],[0.9803,51.804],[0.9788,51.8044],[0.9783,51.8045],[0.9784,51.8044],[0.9783,51.8045],[0.9413,51.8015],[0.9397,51.8003],[0.9413,51.8015],[0.9433,51.8056],[0.9428,51.8053],[0.9433,51.8056],[0.9382,51.8033],[0.9382,51.8032],[0.9389,51.8026],[0.9382,51.8032],[0.9382,51.8033],[0.9311,51.7997],[0.9322,51.7992],[0.9311,51.7997],[0.926,51.7992],[0.9259,51.7992],[0.923,51.7961],[0.9232,51.796],[0.923,51.7961],[0.9215,51.7958],[0.9221,51.7954],[0.9215,51.7958],[0.9253,51.8028],[0.925,51.8032],[0.9253,51.8028],[0.9263,51.8037],[0.9278,51.8029],[0.9279,51.8029],[0.9278,51.8029],[0.9296,51.8038],[0.929,51.8037],[0.9296,51.8038],[0.9345,51.805],[0.9335,51.8052],[0.9345,51.805],[0.9273,51.8055],[0.9273,51.8051],[0.9273,51.8055],[0.9256,51.8045],[0.9256,51.8044],[0.9256,51.8045],[0.9222,51.8053],[0.9198,51.8073],[0.9195,51.8072],[0.9194,51.8068],[0.9195,51.8072],[0.9198,51.8073],[0.9192,51.8073],[0.9179,51.8077],[0.9177,51.8077],[0.916,51.8075],[0.9158,51.8076],[0.916,51.8075],[0.9167,51.8079],[0.9165,51.808],[0.9167,51.8079],[0.9177,51.8077],[0.9179,51.8077],[0.9208,51.8079],[0.9208,51.808],[0.9208,51.8079],[0.9216,51.8077],[0.9232,51.8075],[0.9234,51.8076],[0.9232,51.8075],[0.9887,51.808],[0.9885,51.8084],[0.9496,51.8248],[0.9508,51.8268],[0.9513,51.8275],[0.9527,51.8272],[0.9527,51.8273],[0.9536,51.8278],[0.9529,51.8284],[0.9499,51.8288],[0.9495,51.8289],[0.9499,51.8288],[0.9528,51.8296],[0.9527,51.8299],[0.9516,51.8314],[0.9532,51.8324],[0.9581,51.8326],[0.9582,51.8326],[0.9581,51.8326],[0.9618,51.8325],[0.9619,51.8325],[0.9618,51.8325],[0.9644,51.8306],[0.9645,51.8305],[0.9653,51.8307],[0.9645,51.8305],[0.9644,51.8306],[0.9648,51.8263],[0.9649,51.8262],[0.9648,51.8263],[0.9717,51.8212],[0.9719,51.8214],[0.9711,51.8217],[0.9709,51.8222],[0.9708,51.8222],[0.9709,51.8222],[0.9711,51.8217],[0.9719,51.8214],[0.9717,51.8212],[0.9762,51.8242],[0.9761,51.8242],[0.9751,51.824],[0.9746,51.8239],[0.9751,51.824],[0.9761,51.8242],[0.9762,51.8242],[0.9718,51.8267],[0.971,51.8265],[0.9706,51.8258],[0.971,51.8265],[0.9718,51.8267],[0.9693,51.829],[0.9686,51.8285],[0.9684,51.8285],[0.9683,51.8284],[0.9682,51.8283],[0.9677,51.8283],[0.9682,51.8283],[0.9683,51.8284],[0.9684,51.8285],[0.9686,51.8285],[0.9693,51.829],[0.9718,51.8294],[0.9684,51.8295],[0.9684,51.8296],[0.9683,51.8296],[0.968,51.8295],[0.9675,51.8298],[0.9671,51.83],[0.9675,51.8298],[0.968,51.8295],[0.9683,51.8296],[0.9684,51.8296],[0.9684,51.8295],[0.9698,51.8304],[0.9695,51.8306],[0.968,51.8315],[0.9695,51.8306],[0.9698,51.8304],[0.9709,51.8309],[0.9708,51.8309],[0.9709,51.8309],[0.9756,51.838],[0.9764,51.8437],[0.9766,51.8442],[0.9553,51.8512],[0.9552,51.851],[0.9553,51.8512],[0.9521,51.8508],[0.9522,51.851],[0.9521,51.8508],[0.9414,51.8466],[0.9412,51.8466],[0.922,51.8455],[0.9215,51.8454],[0.921,51.8452],[0.9171,51.8454],[0.9155,51.846],[0.913,51.8453],[0.8887,51.8462],[0.8947,51.791]],[[0.9204,51.7971],[0.9227,51.7989],[0.9228,51.7988],[0.9227,51.7989],[0.9213,51.7972],[0.9204,51.7971]]],[[[0.9202,51.8453],[0.9215,51.8454],[0.922,51.8455],[0.9412,51.8466],[0.9414,51.8466],[0.9181,51.887],[0.9077,51.874],[0.9153,51.8627],[0.9162,51.857],[0.9187,51.8496],[0.9199,51.8482],[0.9198,51.8462],[0.9202,51.8453]]],[[[1.2539,51.9042],[1.2554,51.9121],[1.2559,51.9112],[1.2554,51.9121],[1.2583,51.9173],[1.2582,51.9173],[1.2585,51.9179],[1.2582,51.9173],[1.2583,51.9173],[1.2592,51.9194],[1.2577,51.9191],[1.2576,51.9191],[1.2566,51.9187],[1.2576,51.9191],[1.2577,51.9191],[1.2592,51.9194],[1.2604,51.9205],[1.261,51.9207],[1.171,51.9467],[1.1701,51.947],[1.1697,51.9471],[1.1694,51.9465],[1.1694,51.9464],[1.1693,51.9464],[1.1694,51.9465],[1.1697,51.9471],[1.1701,51.947],[1.171,51.9467],[1.1701,51.948],[1.1503,51.9459],[1.1291,51.9408],[1.0539,51.953],[0.9559,51.9763],[0.8421,51.9618],[0.7815,51.9665],[0.7497,51.9548],[0.7092,51.8951],[0.7921,51.8836],[0.8447,51.8967],[0.8676,51.9019],[0.872,51.9172],[0.9007,51.9286],[0.9287,51.9265],[0.9531,51.8917],[0.9358,51.878],[0.9482,51.866],[0.9481,51.866],[0.9481,51.8661],[0.9481,51.866],[0.9482,51.866],[0.9503,51.8642],[0.9505,51.8642],[0.9503,51.8642],[0.9686,51.8511],[1.0114,51.8335],[0.9997,51.8353],[0.989,51.8361],[0.9875,51.835],[1.0369,51.806],[1.0369,51.8061],[1.0379,51.8072],[1.0381,51.8073],[1.041,51.8086],[1.0416,51.8086],[1.0418,51.8089],[1.0429,51.8093],[1.0478,51.8099],[1.0492,51.8086],[1.0489,51.809],[1.0485,51.8094],[1.0489,51.809],[1.0574,51.811],[1.0587,51.8121],[1.0579,51.8194],[1.0597,51.819],[1.0601,51.8192],[1.0602,51.8191],[1.062,51.8188],[1.0626,51.8189],[1.062,51.8188],[1.0631,51.8192],[1.0595,51.8243],[1.0422,51.8535],[1.0679,51.9033],[1.1417,51.9332],[1.1658,51.9174],[1.2308,51.9233],[1.2539,51.9042]]]]},"properties":{"PCON24CD":"E14001273","PCON24NM":"Harwich and North Essex"}},
{"type":"Feature","geometry":{"type":"Polygon","coordinates":[[[0.779,50.9895],[0.7411,51.0006],[0.6809,51.0015],[0.6506,50.9487],[0.7109,50.9566],[0.6912,50.928],[0.6253,50.9281],[0.6195,50.8864],[0.6037,50.8786],[0.5291,50.8923],[0.5201,50.8526],[0.5007,50.8423],[0.5921,50.8534],[0.6703,50.8742],[0.7202,50.9085],[0.774,50.928],[0.744,50.9461],[0.7495,50.946],[0.762,50.9411],[0.8551,50.9239],[0.856,50.9531],[0.8135,50.949],[0.779,50.9895]]]},"properties":{"PCON24CD":"E14001274","PCON24NM":"Hastings and Rye"}},
{"type":"Feature","geometry":{"type":"MultiPolygon","coordinates":[[[[-1.006,50.7936],[-1.0063,50.7936],[-1.0088,50.7933],[-1.0072,50.7855],[-0.9471,50.7768],[-0.9596,50.7909],[-0.9575,50.808],[-0.957,50.8092],[-0.9522,50.8279],[-0.9631,50.8327],[-0.9632,50.8328],[-0.9638,50.8327],[-0.9632,50.8328],[-0.9631,50.8327],[-0.9732,50.8324],[-0.9895,50.8036],[-1.0063,50.7936],[-1.006,50.7936]]],[[[-0.9387,50.8737],[-0.9537,50.8682],[-0.9787,50.8783],[-0.9988,50.8954],[-1.0134,50.8756],[-1.0407,50.8767],[-1.0541,50.8565],[-1.0231,50.8528],[-1.0246,50.8498],[-1.0213,50.8381],[-1.022,50.8417],[-1.0217,50.8414],[-1.0212,50.8417],[-1.0212,50.8422],[-0.9874,50.8395],[-0.9874,50.8396],[-0.9874,50.8395],[-0.9323,50.8436],[-0.9325,50.8461],[-0.927,50.865],[-0.9387,50.8737]]]]},"properties":{"PCON24CD":"E14001275","PCON24NM":"Havant"}},
{"type":"Feature","geometry":{"type":"Polygon","coordinates":[[[-0.4168,51.5402],[-0.4414,51.5365],[-0.4382,51.5266],[-0.4502,51.5072],[-0.4855,51.51],[-0.49,51.4947],[-0.5098,51.4692],[-0.4587,51.4563],[-0.4439,51.4533],[-0.4336,51.4617],[-0.4111,51.4699],[-0.4167,51.4806],[-0.4069,51.4997],[-0.3932,51.5073],[-0.3764,51.5289],[-0.4135,51.5347],[-0.4168,51.5402]]]},"properties":{"PCON24CD":"E14001276","PCON24NM":"Hayes and Harlington"}},
{"type":"Feature","geometry":{"type":"Polygon","coordinates":[[[-2.0928,53.4375],[-2.1307,53.4394],[-2.1263,53.4286],[-2.1466,53.411],[-2.1463,53.393],[-2.1337,53.3959],[-2.1218,53.3756],[-2.1279,53.3646],[-2.0951,53.3661],[-2.0786,53.3582],[-2.0311,53.3703],[-2.0046,53.3863],[-1.9923,53.4152],[-2.0263,53.4299],[-2.0831,53.4268],[-2.0928,53.4375]]]},"properties":{"PCON24CD":"E14001277","PCON24NM":"Hazel Grove"}},
{"type":"Feature","geometry":{"type":"Polygon","coordinates":[[[-0.4221,51.7408],[-0.4369,51.7824],[-0.4754,51.7721],[-0.508,51.7712],[-0.5268,51.7426],[-0.5637,51.7396],[-0.5501,51.7306],[-0.5632,51.7119],[-0.5477,51.7032],[-0.5463,51.6804],[-0.5243,51.6821],[-0.5155,51.7066],[-0.4759,51.6985],[-0.4845,51.7242],[-0.4505,51.7263],[-0.4221,51.7408]]]},"properties":{"PCON24CD":"E14001278","PCON24NM":"Hemel Hempstead"}},
{"type":"Feature","geometry":{"type":"Polygon","coordinates":[[[-0.3026,51.6362],[-0.3044,51.6363],[-0.3041,51.6316],[-0.2623,51.5963],[-0.2482,51.5843],[-0.2523,51.5745],[-0.2322,51.571],[-0.2223,51.5738],[-0.2071,51.5883],[-0.2163,51.5948],[-0.2021,51.6051],[-0.2143,51.612],[-0.2161,51.623],[-0.2333,51.6259],[-0.2551,51.6215],[-0.2878,51.6239],[-0.3026,51.6362]]]},"properties":{"PCON24CD":"E14001279","PCON24NM":"Hendon"}},
{"type":"Feature","geometry":{"type":"Polygon","coordinates":[[[-1.1235,51.7942],[-1.1721,51.8124],[-1.2527,51.7865],[-1.254,51.7862],[-1.2208,51.7723],[-1.1802,51.7659],[-1.1949,51.7536],[-1.1883,51.7168],[-1.1571,51.6956],[-1.1805,51.6355],[-1.1152,51.619],[-1.1404,51.5429],[-1.0879,51.4858],[-1.0073,51.4682],[-0.9984,51.4843],[-0.9743,51.4867],[-0.9575,51.4931],[-0.9445,51.482],[-0.9492,51.4595],[-0.9217,51.4679],[-0.8977,51.487],[-0.8785,51.5235],[-0.8969,51.5449],[-0.9384,51.5712],[-0.9355,51.6356],[-0.8877,51.7183],[-0.936,51.7534],[-1.0827,51.7605],[-1.1235,51.7942]]]},"properties":{"PCON24CD":"E14001280","PCON24NM":"Henley and Thame"}},
{"type":"Feature","geometry":{"type":"Polygon","coordinates":[[[-2.4679,51.9374],[-2.5896,51.9268],[-2.604,51.9914],[-2.7137,52.0747],[-2.7981,52.0508],[-2.904,52.0828],[-3.1049,52.1167],[-3.1186,52.0685],[-3.0674,51.9831],[-2.9523,51.9063],[-2.8754,51.9331],[-2.7258,51.8438],[-2.6504,51.8261],[-2.4401,51.9024],[-2.4679,51.9374]]]},"properties":{"PCON24CD":"E14001281","PCON24NM":"Hereford and South Herefordshire"}},
{"type":"Feature","geometry":{"type":"MultiPolygon","coordinates":[[[[1.3604,51.3118],[1.3592,51.3114],[1.3601,51.3106],[1.3592,51.3114],[1.358,51.3102],[1.3592,51.31],[1.3594,51.31],[1.3592,51.31],[1.358,51.3102],[1.3532,51.2875],[1.3451,51.3081],[1.286,51.3214],[1.2859,51.3214],[1.2204,51.3229],[1.1948,51.2693],[1.2063,51.2463],[1.2608,51.2272],[1.2937,51.2569],[1.394,51.2565],[1.3714,51.3139],[1.3655,51.3131],[1.3658,51.3115],[1.3654,51.3108],[1.3666,51.3105],[1.3663,51.3103],[1.3668,51.31],[1.3663,51.3103],[1.3666,51.3105],[1.3654,51.3108],[1.3604,51.3118],[1.3608,51.3117],[1.3604,51.3118]]],[[[1.3579,51.3115],[1.3517,51.313],[1.3597,51.3247],[1.3614,51.3378],[1.3805,51.3362],[1.3862,51.3598],[1.3749,51.3758],[1.3743,51.3875],[1.2519,51.3771],[1.1264,51.3737],[1.0822,51.3683],[1.087,51.3189],[1.1405,51.2975],[1.2303,51.3287],[1.2859,51.3214],[1.286,51.3214],[1.3579,51.3115]]]]},"properties":{"PCON24CD":"E14001282","PCON24NM":"Herne Bay and Sandwich"}},
{"type":"Feature","geometry":{"type":"Polygon","coordinates":[[[0.1956,51.8681],[0.1677,51.8941],[0.1248,51.8846],[0.117,51.8593],[0.0582,51.8737],[0.0168,51.8328],[-0.1121,51.8107],[-0.0856,51.7789],[-0.0562,51.7833],[0.0052,51.8089],[0.0422,51.7982],[0.0423,51.7751],[0.1506,51.7969],[0.167,51.8133],[0.1705,51.8616],[0.1956,51.8681]]]},"properties":{"PCON24CD":"E14001283","PCON24NM":"Hertford and Stortford"}},
{"type":"Feature","geometry":{"type":"Polygon","coordinates":[[[-0.0921,51.7432],[-0.1384,51.7373],[-0.1725,51.7026],[-0.2551,51.7295],[-0.2798,51.7173],[-0.3557,51.6916],[-0.3754,51.6925],[-0.3628,51.666],[-0.3782,51.6465],[-0.3774,51.6377],[-0.3626,51.6235],[-0.3167,51.6405],[-0.3044,51.6363],[-0.3026,51.6362],[-0.2574,51.6418],[-0.2499,51.6546],[-0.1911,51.6639],[-0.182,51.6687],[-0.1635,51.6859],[-0.1058,51.6919],[-0.1141,51.7208],[-0.0921,51.7432]]]},"properties":{"PCON24CD":"E14001284","PCON24NM":"Hertsmere"}},
{"type":"Feature","geometry":{"type":"Polygon","coordinates":[[[-1.6483,55.169],[-1.8387,55.2757],[-2.0693,55.1773],[-2.1489,55.2873],[-2.3375,55.3673],[-2.4885,55.3518],[-2.6898,55.189],[-2.483,55.04],[-2.5748,55.0112],[-2.5827,54.8459],[-2.4016,54.8515],[-2.3121,54.791],[-2.1398,54.8419],[-1.9524,54.8542],[-1.8814,54.8466],[-1.8459,54.8961],[-1.8504,54.9152],[-1.8245,54.9394],[-1.8128,54.9763],[-1.785,54.9844],[-1.7667,54.9812],[-1.7505,54.9829],[-1.7391,54.9797],[-1.7264,54.9916],[-1.7421,55.0019],[-1.722,55.0096],[-1.6803,55.0102],[-1.6664,55.0204],[-1.6664,55.0383],[-1.7106,55.0528],[-1.7046,55.0709],[-1.6309,55.0852],[-1.6215,55.1132],[-1.6513,55.1292],[-1.6348,55.1546],[-1.6483,55.169]]]},"properties":{"PCON24CD":"E14001285","PCON24NM":"Hexham"}},
{"type":"Feature","geometry":{"type":"Polygon","coordinates":[[[-2.1854,53.6382],[-2.2258,53.6708],[-2.2699,53.6461],[-2.2718,53.6145],[-2.2505,53.5991],[-2.2814,53.5827],[-2.2592,53.5853],[-2.2433,53.5717],[-2.2358,53.5482],[-2.2142,53.5543],[-2.1949,53.5483],[-2.172,53.5551],[-2.1509,53.5671],[-2.1566,53.5823],[-2.1732,53.6036],[-2.1631,53.6213],[-2.1854,53.6382]]]},"properties":{"PCON24CD":"E14001286","PCON24NM":"Heywood and Middleton North"}},
{"type":"Feature","geometry":{"type":"Polygon","coordinates":[[[-1.8222,53.5211],[-1.8706,53.5393],[-1.9096,53.5384],[-1.9355,53.5058],[-1.9634,53.5098],[-1.9878,53.4811],[-1.9868,53.4544],[-2.0263,53.4299],[-1.9923,53.4152],[-2.0046,53.3863],[-2.0311,53.3703],[-2.0118,53.3616],[-2.0093,53.2801],[-1.9874,53.2136],[-1.8987,53.2],[-1.8247,53.2989],[-1.7594,53.3382],[-1.7062,53.3251],[-1.6538,53.3919],[-1.705,53.4051],[-1.7168,53.4193],[-1.7453,53.4622],[-1.8015,53.481],[-1.8222,53.5211]]]},"properties":{"PCON24CD":"E14001287","PCON24NM":"High Peak"}},
{"type":"Feature","geometry":{"type":"Polygon","coordinates":[[[-1.3606,52.6765],[-1.4085,52.6734],[-1.5043,52.6872],[-1.5454,52.7282],[-1.5975,52.7004],[-1.5896,52.6873],[-1.5424,52.6536],[-1.5607,52.5961],[-1.5027,52.5645],[-1.4173,52.5345],[-1.3251,52.5011],[-1.3391,52.5529],[-1.302,52.5614],[-1.2646,52.6144],[-1.2644,52.6451],[-1.3047,52.6418],[-1.3606,52.6625],[-1.3606,52.6765]]]},"properties":{"PCON24CD":"E14001288","PCON24NM":"Hinckley and Bosworth"}},
{"type":"Feature","geometry":{"type":"Polygon","coordinates":[[[-0.2195,52.0367],[-0.2764,52.0592],[-0.3207,52.039],[-0.379,52.0585],[-0.3502,51.9576],[-0.4063,51.9413],[-0.3856,51.9157],[-0.3784,51.9016],[-0.3542,51.884],[-0.3395,51.8496],[-0.2735,51.8354],[-0.2725,51.8405],[-0.2201,51.931],[-0.1846,51.9324],[-0.1622,51.9203],[-0.2059,51.9475],[-0.2323,51.9492],[-0.2441,51.999],[-0.2195,52.0367]]]},"properties":{"PCON24CD":"E14001289","PCON24NM":"Hitchin"}},
{"type":"Feature","geometry":{"type":"Polygon","coordinates":[[[-0.1291,51.5488],[-0.1394,51.5582],[-0.153,51.5492],[-0.1605,51.5488],[-0.1604,51.5373],[-0.1527,51.5375],[-0.1471,51.525],[-0.1308,51.5171],[-0.1276,51.5127],[-0.1138,51.5183],[-0.1053,51.5186],[-0.116,51.5299],[-0.1226,51.5308],[-0.1226,51.5377],[-0.1291,51.5488]]]},"properties":{"PCON24CD":"E14001290","PCON24NM":"Holborn and St Pancras"}},
{"type":"Feature","geometry":{"type":"Polygon","coordinates":[[[-3.0524,50.9083],[-3.1442,50.8914],[-3.233,50.895],[-3.4775,50.8708],[-3.4257,50.8119],[-3.3394,50.8129],[-3.3288,50.739],[-3.357,50.7258],[-3.3267,50.6905],[-3.2618,50.6719],[-3.096,50.6852],[-3.059,50.7203],[-3.0591,50.7204],[-3.059,50.7203],[-2.9477,50.7182],[-2.9543,50.8212],[-2.9798,50.8548],[-3.0537,50.8736],[-3.0524,50.9083]]]},"properties":{"PCON24CD":"E14001291","PCON24NM":"Honiton and Sidmouth"}},
{"type":"Feature","geometry":{"type":"Polygon","coordinates":[[[0.313,51.5658],[0.2903,51.5643],[0.2643,51.6078],[0.2241,51.6317],[0.197,51.6256],[0.2055,51.6088],[0.1936,51.6032],[0.2128,51.5927],[0.2207,51.5804],[0.2025,51.5563],[0.2429,51.5244],[0.2653,51.5322],[0.3224,51.5405],[0.313,51.5658]]]},"properties":{"PCON24CD":"E14001292","PCON24NM":"Hornchurch and Upminster"}},
{"type":"Feature","geometry":{"type":"Polygon","coordinates":[[[-0.1445,51.6155],[-0.1608,51.6199],[-0.1563,51.6057],[-0.1618,51.5975],[-0.1631,51.5844],[-0.1476,51.5862],[-0.1334,51.5729],[-0.1195,51.5755],[-0.1044,51.5648],[-0.096,51.5707],[-0.0994,51.5867],[-0.1034,51.5905],[-0.1126,51.5882],[-0.1243,51.6012],[-0.1445,51.6155]]]},"properties":{"PCON24CD":"E14001293","PCON24NM":"Hornsey and Friern Barnet"}},
{"type":"Feature","geometry":{"type":"Polygon","coordinates":[[[-0.2121,51.0866],[-0.2305,51.1021],[-0.2193,51.1288],[-0.2064,51.1408],[-0.2546,51.1391],[-0.4192,51.1052],[-0.4921,51.0944],[-0.4768,51.0206],[-0.4309,51.0027],[-0.3829,50.9408],[-0.3212,50.948],[-0.2739,50.9548],[-0.2387,50.95],[-0.2295,50.987],[-0.2471,51.0334],[-0.2192,51.0382],[-0.2121,51.0866]]]},"properties":{"PCON24CD":"E14001294","PCON24NM":"Horsham"}},
{"type":"Feature","geometry":{"type":"Polygon","coordinates":[[[-1.369,54.8577],[-1.3817,54.8623],[-1.3785,54.8794],[-1.4012,54.8888],[-1.4297,54.895],[-1.44,54.9116],[-1.4572,54.9045],[-1.4599,54.8987],[-1.4639,54.8987],[-1.4672,54.9033],[-1.4725,54.9032],[-1.4808,54.8954],[-1.5025,54.8846],[-1.5065,54.8711],[-1.5036,54.8375],[-1.4819,54.7991],[-1.4375,54.8005],[-1.4131,54.8246],[-1.4216,54.8395],[-1.3817,54.8472],[-1.369,54.8577]]]},"properties":{"PCON24CD":"E14001295","PCON24NM":"Houghton and Sunderland South"}},
{"type":"Feature","geometry":{"type":"Polygon","coordinates":[[[-0.1877,50.8686],[-0.2139,50.8705],[-0.2327,50.8759],[-0.2392,50.8679],[-0.245,50.8638],[-0.2153,50.8304],[-0.216,50.8276],[-0.157,50.8218],[-0.1476,50.8311],[-0.163,50.8496],[-0.1877,50.8686]]]},"properties":{"PCON24CD":"E14001296","PCON24NM":"Hove and Portslade"}},
{"type":"Feature","geometry":{"type":"Polygon","coordinates":[[[-1.7314,53.6804],[-1.7473,53.6946],[-1.8188,53.6729],[-1.809,53.6601],[-1.8154,53.6378],[-1.84,53.6279],[-1.8297,53.6082],[-1.7766,53.6143],[-1.724,53.6317],[-1.7044,53.6221],[-1.6989,53.6347],[-1.7102,53.6477],[-1.7386,53.662],[-1.7314,53.6804]]]},"properties":{"PCON24CD":"E14001297","PCON24NM":"Huddersfield"}},
{"type":"Feature","geometry":{"type":"Polygon","coordinates":[[[-0.0093,52.4622],[-0.0925,52.4228],[-0.204,52.4692],[-0.2302,52.4457],[-0.3297,52.4482],[-0.3895,52.4218],[-0.4999,52.3652],[-0.4654,52.323],[-0.3806,52.2827],[-0.3733,52.234],[-0.2866,52.2348],[-0.2792,52.2582],[-0.1826,52.2568],[-0.1755,52.2802],[-0.0905,52.3064],[-0.0168,52.3127],[0.0085,52.3353],[0.0511,52.3583],[0.0344,52.3857],[-0.0093,52.4622]]]},"properties":{"PCON24CD":"E14001298","PCON24NM":"Huntingdon"}},
{"type":"Feature","geometry":{"type":"Polygon","coordinates":[[[-2.3423,53.7948],[-2.4124,53.8098],[-2.4658,53.7808],[-2.4463,53.7666],[-2.4386,53.7323],[-2.414,53.705],[-2.3107,53.6957],[-2.303,53.7484],[-2.3286,53.7615],[-2.3423,53.7948]]]},"properties":{"PCON24CD":"E14001299","PCON24NM":"Hyndburn"}},
{"type":"Feature","geometry":{"type":"MultiPolygon","coordinates":[[[[0.0641,51.5578],[0.0627,51.5581],[0.0633,51.5576],[0.0641,51.5578]]],[[[0.1382,51.6235],[0.1292,51.6214],[0.1193,51.6154],[0.0728,51.6047],[0.0376,51.5939],[0.0452,51.5748],[0.0626,51.5582],[0.0642,51.5579],[0.0808,51.5655],[0.0768,51.5713],[0.1058,51.5811],[0.1278,51.5816],[0.1296,51.59],[0.1482,51.599],[0.1475,51.6122],[0.1382,51.6235]]]]},"properties":{"PCON24CD":"E14001300","PCON24NM":"Ilford North"}},
{"type":"Feature","geometry":{"type":"MultiPolygon","coordinates":[[[[0.0693,51.544],[0.0641,51.5578],[0.0633,51.5576],[0.0636,51.5573],[0.0684,51.5444],[0.0693,51.544]]],[[[0.147,51.5757],[0.151,51.5838],[0.1482,51.599],[0.1296,51.59],[0.1278,51.5816],[0.1058,51.5811],[0.0768,51.5713],[0.0808,51.5655],[0.0642,51.5579],[0.0697,51.544],[0.0935,51.5459],[0.1111,51.5525],[0.125,51.5643],[0.13,51.5707],[0.147,51.5757]]]]},"properties":{"PCON24CD":"E14001301","PCON24NM":"Ilford South"}},
{"type":"Feature","geometry":{"type":"Polygon","coordinates":[[[1.206,52.0412],[1.2065,52.064],[1.1899,52.0804],[1.1656,52.081],[1.1543,52.0721],[1.1331,52.0713],[1.122,52.0615],[1.1073,52.0465],[1.1129,52.0346],[1.134,52.0305],[1.1491,52.034],[1.1601,52.0443],[1.1385,52.0547],[1.1637,52.045],[1.1607,52.0316],[1.1662,52.0299],[1.1788,52.0215],[1.2095,52.0208],[1.2236,52.0294],[1.206,52.0412]]]},"properties":{"PCON24CD":"E14001302","PCON24NM":"Ipswich"}},
{"type":"Feature","geometry":{"type":"Polygon","coordinates":[[[-1.269,50.5796],[-1.1854,50.5972],[-1.1715,50.6298],[-1.1691,50.6333],[-1.1603,50.6495],[-1.0701,50.6835],[-1.093,50.6937],[-1.1097,50.7216],[-1.1522,50.7326],[-1.243,50.7389],[-1.2541,50.7284],[-1.2406,50.6967],[-1.2174,50.6826],[-1.2175,50.6552],[-1.2354,50.6101],[-1.269,50.5796]]]},"properties":{"PCON24CD":"E14001303","PCON24NM":"Isle of Wight East"}},
{"type":"Feature","geometry":{"type":"Polygon","coordinates":[[[-1.2417,50.7417],[-1.2767,50.7316],[-1.277,50.7313],[-1.2763,50.7313],[-1.276,50.7318],[-1.2763,50.7313],[-1.277,50.7313],[-1.2767,50.7316],[-1.2772,50.7315],[-1.2785,50.7261],[-1.2824,50.723],[-1.2913,50.7059],[-1.2899,50.7012],[-1.2898,50.7011],[-1.2899,50.7012],[-1.292,50.7019],[-1.2927,50.702],[-1.292,50.7019],[-1.2961,50.7625],[-1.3962,50.7243],[-1.3774,50.7115],[-1.3768,50.7109],[-1.3774,50.7115],[-1.4096,50.7166],[-1.4024,50.7106],[-1.4024,50.7105],[-1.4024,50.7106],[-1.4299,50.7044],[-1.435,50.704],[-1.4267,50.7091],[-1.4269,50.709],[-1.4267,50.7091],[-1.4976,50.7003],[-1.4985,50.7014],[-1.4989,50.7003],[-1.499,50.7003],[-1.4989,50.7003],[-1.4981,50.6973],[-1.4981,50.6974],[-1.4981,50.6973],[-1.5014,50.6937],[-1.5035,50.6945],[-1.5033,50.6932],[-1.5038,50.6865],[-1.5048,50.6892],[-1.5054,50.6898],[-1.5057,50.6897],[-1.5054,50.6898],[-1.506,50.691],[-1.5021,50.6978],[-1.5692,50.661],[-1.4779,50.6633],[-1.3186,50.5899],[-1.269,50.5796],[-1.2354,50.6101],[-1.2175,50.6552],[-1.2174,50.6826],[-1.2406,50.6967],[-1.2541,50.7284],[-1.243,50.7389],[-1.2418,50.7417],[-1.2417,50.7417]]]},"properties":{"PCON24CD":"E14001304","PCON24NM":"Isle of Wight West"}},
{"type":"Feature","geometry":{"type":"Polygon","coordinates":[[[-0.1044,51.5648],[-0.1195,51.5755],[-0.1334,51.5729],[-0.1418,51.5682],[-0.1394,51.5582],[-0.1291,51.5488],[-0.1194,51.5578],[-0.1031,51.5462],[-0.0966,51.5473],[-0.0767,51.5461],[-0.0777,51.5495],[-0.0904,51.5542],[-0.0917,51.5602],[-0.1044,51.5648]]]},"properties":{"PCON24CD":"E14001305","PCON24NM":"Islington North"}},
{"type":"Feature","geometry":{"type":"Polygon","coordinates":[[[-0.0767,51.5461],[-0.0966,51.5473],[-0.1031,51.5462],[-0.1194,51.5578],[-0.1291,51.5488],[-0.1226,51.5377],[-0.1226,51.5308],[-0.116,51.5299],[-0.1053,51.5186],[-0.0943,51.5215],[-0.0852,51.5203],[-0.0842,51.5239],[-0.0954,51.5292],[-0.097,51.533],[-0.0868,51.5373],[-0.0782,51.5367],[-0.0767,51.5461]]]},"properties":{"PCON24CD":"E14001306","PCON24NM":"Islington South and Finsbury"}},
{"type":"Feature","geometry":{"type":"Polygon","coordinates":[[[-1.4501,54.934],[-1.4527,54.9415],[-1.4289,54.95],[-1.4501,54.9586],[-1.4606,54.971],[-1.4506,54.9866],[-1.5258,54.9836],[-1.5359,54.9617],[-1.5565,54.9587],[-1.579,54.9638],[-1.5834,54.9413],[-1.5567,54.93],[-1.4606,54.9302],[-1.4501,54.934]]]},"properties":{"PCON24CD":"E14001307","PCON24NM":"Jarrow and Gateshead East"}},
{"type":"Feature","geometry":{"type":"Polygon","coordinates":[[[-1.7775,53.9229],[-1.8062,53.9387],[-1.8621,53.9406],[-1.9063,53.9584],[-1.9582,53.954],[-1.9769,53.9264],[-1.9824,53.8689],[-2.0218,53.8715],[-2.0461,53.8501],[-2.0612,53.8256],[-1.9808,53.7864],[-1.9507,53.786],[-1.927,53.7875],[-1.9267,53.8361],[-1.8576,53.8606],[-1.8388,53.8859],[-1.7805,53.9134],[-1.7775,53.9229]]]},"properties":{"PCON24CD":"E14001308","PCON24NM":"Keighley and Ilkley"}},
{"type":"Feature","geometry":{"type":"Polygon","coordinates":[[[-1.4612,52.3752],[-1.4804,52.3743],[-1.5247,52.3794],[-1.555,52.3744],[-1.5648,52.3823],[-1.6011,52.3893],[-1.6441,52.3622],[-1.7414,52.3572],[-1.7758,52.348],[-1.7548,52.305],[-1.5771,52.213],[-1.6355,52.1893],[-1.551,52.1423],[-1.5792,52.1021],[-1.4993,52.0636],[-1.4801,52.0936],[-1.341,52.1449],[-1.3319,52.1685],[-1.255,52.1978],[-1.2159,52.2639],[-1.2381,52.3442],[-1.299,52.358],[-1.3455,52.3477],[-1.4612,52.3752]],[[-1.4438,52.3404],[-1.4061,52.3166],[-1.4218,52.298],[-1.4479,52.2914],[-1.4352,52.2728],[-1.4777,52.2617],[-1.4989,52.239],[-1.5278,52.2252],[-1.5619,52.2321],[-1.5709,52.2497],[-1.6175,52.2618],[-1.6071,52.2927],[-1.5348,52.3217],[-1.5082,52.3125],[-1.4858,52.331],[-1.4438,52.3404]]]},"properties":{"PCON24CD":"E14001309","PCON24NM":"Kenilworth and Southam"}},
{"type":"Feature","geometry":{"type":"Polygon","coordinates":[[[-0.1849,51.5195],[-0.1979,51.5187],[-0.2061,51.5259],[-0.2284,51.5303],[-0.2202,51.5117],[-0.2142,51.5008],[-0.2024,51.4917],[-0.1964,51.4872],[-0.1839,51.4922],[-0.1791,51.4871],[-0.1697,51.493],[-0.1558,51.4947],[-0.1747,51.5022],[-0.1707,51.5099],[-0.1849,51.5195]]]},"properties":{"PCON24CD":"E14001310","PCON24NM":"Kensington and Bayswater"}},
{"type":"Feature","geometry":{"type":"Polygon","coordinates":[[[-0.7422,52.517],[-0.8834,52.5138],[-0.9013,52.4598],[-0.8737,52.4027],[-0.7887,52.3473],[-0.6828,52.3496],[-0.6537,52.3481],[-0.6324,52.3616],[-0.6206,52.4247],[-0.6641,52.4545],[-0.7416,52.4701],[-0.7422,52.517]]]},"properties":{"PCON24CD":"E14001311","PCON24NM":"Kettering"}},
{"type":"Feature","geometry":{"type":"Polygon","coordinates":[[[-0.2472,51.4096],[-0.2615,51.4168],[-0.2846,51.4125],[-0.3085,51.4135],[-0.3096,51.4],[-0.3177,51.3937],[-0.3079,51.3784],[-0.318,51.3703],[-0.328,51.3522],[-0.3307,51.329],[-0.3193,51.3278],[-0.2872,51.3625],[-0.261,51.3796],[-0.2759,51.3971],[-0.2466,51.3992],[-0.2472,51.4096]]]},"properties":{"PCON24CD":"E14001312","PCON24NM":"Kingston and Surbiton"}},
{"type":"Feature","geometry":{"type":"Polygon","coordinates":[[[-0.2473,53.7412],[-0.2415,53.7549],[-0.2543,53.7635],[-0.2523,53.7813],[-0.2783,53.7821],[-0.3035,53.7981],[-0.3161,53.8133],[-0.3486,53.8089],[-0.3164,53.7876],[-0.3289,53.7788],[-0.3473,53.7806],[-0.3304,53.7695],[-0.3361,53.7598],[-0.3301,53.7566],[-0.3279,53.7448],[-0.3311,53.7382],[-0.2972,53.7429],[-0.2501,53.7333],[-0.2452,53.7365],[-0.2473,53.7412]]]},"properties":{"PCON24CD":"E14001313","PCON24NM":"Kingston upon Hull East"}},
{"type":"Feature","geometry":{"type":"MultiPolygon","coordinates":[[[[-0.3649,53.8038],[-0.4104,53.8052],[-0.4088,53.7953],[-0.447,53.7936],[-0.4522,53.7687],[-0.421,53.7707],[-0.3985,53.7672],[-0.3913,53.7556],[-0.3639,53.7465],[-0.3302,53.7478],[-0.3366,53.7596],[-0.331,53.7696],[-0.3485,53.7755],[-0.3481,53.787],[-0.3564,53.79],[-0.3597,53.7921],[-0.36,53.7929],[-0.3591,53.7939],[-0.3602,53.795],[-0.3638,53.7957],[-0.3653,53.7984],[-0.3659,53.8031],[-0.3649,53.8038]]],[[[-0.3473,53.7806],[-0.3289,53.7788],[-0.3164,53.7876],[-0.3486,53.8089],[-0.3537,53.8085],[-0.3585,53.8052],[-0.3652,53.8034],[-0.3649,53.7985],[-0.3633,53.7958],[-0.3605,53.7953],[-0.359,53.7945],[-0.3588,53.7939],[-0.3595,53.7924],[-0.3547,53.7894],[-0.3481,53.7873],[-0.3473,53.7806]]]]},"properties":{"PCON24CD":"E14001314","PCON24NM":"Kingston upon Hull North and Cottingham"}},
{"type":"Feature","geometry":{"type":"Polygon","coordinates":[[[-0.3302,53.7478],[-0.3639,53.7465],[-0.3913,53.7556],[-0.3985,53.7672],[-0.421,53.7707],[-0.4522,53.7687],[-0.4826,53.7587],[-0.4632,53.7169],[-0.4476,53.7139],[-0.3709,53.7274],[-0.3326,53.7383],[-0.3302,53.7478]]]},"properties":{"PCON24CD":"E14001315","PCON24NM":"Kingston upon Hull West and Haltemprice"}},
{"type":"Feature","geometry":{"type":"Polygon","coordinates":[[[-2.1338,52.6336],[-2.1651,52.6304],[-2.2329,52.6477],[-2.2562,52.6098],[-2.3211,52.6147],[-2.322,52.5936],[-2.2618,52.5638],[-2.2616,52.5236],[-2.3127,52.4892],[-2.2874,52.4553],[-2.2695,52.4386],[-2.1677,52.4238],[-2.1649,52.4302],[-2.1763,52.456],[-2.1676,52.4712],[-2.1365,52.4871],[-2.1535,52.5005],[-2.1374,52.5333],[-2.1335,52.5541],[-2.1701,52.556],[-2.1892,52.5888],[-2.1909,52.6022],[-2.1676,52.6114],[-2.1628,52.6212],[-2.1371,52.6298],[-2.1338,52.6336]]]},"properties":{"PCON24CD":"E14001316","PCON24NM":"Kingswinford and South Staffordshire"}},
{"type":"Feature","geometry":{"type":"Polygon","coordinates":[[[-2.825,53.4852],[-2.8444,53.4841],[-2.888,53.5038],[-2.9191,53.4781],[-2.9144,53.465],[-2.9003,53.4692],[-2.8713,53.4527],[-2.8706,53.4425],[-2.8734,53.4365],[-2.8491,53.4229],[-2.8454,53.4127],[-2.8817,53.408],[-2.8797,53.4057],[-2.8562,53.395],[-2.8373,53.3999],[-2.8139,53.4016],[-2.8133,53.4173],[-2.7874,53.429],[-2.807,53.4558],[-2.8044,53.4672],[-2.825,53.4852]]]},"properties":{"PCON24CD":"E14001317","PCON24NM":"Knowsley"}},
{"type":"Feature","geometry":{"type":"MultiPolygon","coordinates":[[[[-2.8462,53.9655],[-2.8479,53.966],[-2.848,53.966],[-2.8463,53.9655],[-2.8462,53.9655]]],[[[-2.5714,54.0147],[-2.749,54.0302],[-2.8382,54.0492],[-2.8396,54.0461],[-2.8395,54.0461],[-2.8396,54.0461],[-2.842,54.0449],[-2.8421,54.0433],[-2.8415,54.0435],[-2.8414,54.0436],[-2.8415,54.0435],[-2.8421,54.0433],[-2.8397,54.0421],[-2.8386,54.0416],[-2.8416,54.041],[-2.8411,54.0411],[-2.8416,54.041],[-2.8371,54.0399],[-2.8367,54.0401],[-2.8363,54.0402],[-2.836,54.0402],[-2.8363,54.0402],[-2.8367,54.0401],[-2.8371,54.0399],[-2.8332,54.0377],[-2.833,54.0382],[-2.8326,54.037],[-2.8322,54.037],[-2.8326,54.037],[-2.8337,54.0352],[-2.8335,54.0339],[-2.833,54.0341],[-2.833,54.0343],[-2.833,54.0344],[-2.833,54.0343],[-2.833,54.0341],[-2.8335,54.0339],[-2.8292,54.0334],[-2.8289,54.0333],[-2.8292,54.0334],[-2.8292,54.0212],[-2.8367,53.9979],[-2.8599,53.9951],[-2.8598,53.9951],[-2.8599,53.9951],[-2.8587,53.9933],[-2.8576,53.9935],[-2.8587,53.9933],[-2.848,53.966],[-2.8479,53.966],[-2.8446,53.9671],[-2.8447,53.9672],[-2.8446,53.9671],[-2.8457,53.9657],[-2.8451,53.9664],[-2.8427,53.9661],[-2.8426,53.9662],[-2.8417,53.966],[-2.8411,53.9661],[-2.8411,53.966],[-2.8417,53.966],[-2.8426,53.9662],[-2.8427,53.9661],[-2.8451,53.9664],[-2.8457,53.9657],[-2.8411,53.9634],[-2.842,53.9635],[-2.8421,53.9634],[-2.842,53.9635],[-2.8529,53.9632],[-2.853,53.9632],[-2.8529,53.9632],[-2.8575,53.9597],[-2.8733,53.9508],[-2.8729,53.9506],[-2.8729,53.9505],[-2.8728,53.9501],[-2.8729,53.9505],[-2.8729,53.9506],[-2.8733,53.9508],[-2.8747,53.9483],[-2.8746,53.9483],[-2.874,53.9485],[-2.8737,53.9483],[-2.8716,53.9495],[-2.8714,53.9491],[-2.8722,53.9486],[-2.8722,53.9485],[-2.8722,53.9486],[-2.8737,53.9483],[-2.874,53.9485],[-2.8746,53.9483],[-2.8747,53.9483],[-2.8754,53.9477],[-2.8798,53.9438],[-2.8969,53.9392],[-2.8961,53.9392],[-2.8969,53.9392],[-2.9078,53.9408],[-2.9086,53.9397],[-2.9086,53.9396],[-2.9086,53.9397],[-2.9078,53.9408],[-2.9119,53.9405],[-2.9124,53.9407],[-2.9119,53.9405],[-2.9193,53.9443],[-2.92,53.9442],[-2.9193,53.9443],[-2.9928,53.9104],[-2.9928,53.9105],[-2.9928,53.9104],[-2.9895,53.9079],[-2.9919,53.9055],[-2.9916,53.9054],[-2.9919,53.9055],[-2.9924,53.9053],[-2.992,53.9046],[-2.9924,53.9053],[-2.9937,53.9027],[-2.9934,53.9027],[-2.9933,53.9027],[-2.9927,53.9026],[-2.9933,53.9027],[-2.9934,53.9027],[-2.9937,53.9027],[-2.9915,53.9031],[-2.9929,53.902],[-2.9918,53.902],[-2.9929,53.902],[-2.9924,53.8997],[-2.9926,53.8982],[-2.9925,53.8983],[-2.9926,53.8982],[-2.9917,53.8976],[-2.9915,53.8977],[-2.9917,53.8976],[-2.9893,53.8961],[-2.9889,53.8959],[-2.9887,53.8958],[-2.9884,53.8957],[-2.9887,53.8958],[-2.9889,53.8959],[-2.9893,53.8961],[-2.9872,53.8953],[-2.9871,53.8953],[-2.9867,53.8957],[-2.9867,53.8958],[-2.9867,53.8957],[-2.9871,53.8953],[-2.9872,53.8953],[-2.9536,53.8602],[-2.9522,53.8601],[-2.9517,53.8598],[-2.951,53.859],[-2.9517,53.8598],[-2.9522,53.8601],[-2.9536,53.8602],[-2.8782,53.8607],[-2.826,53.82],[-2.714,53.8534],[-2.6867,53.8904],[-2.6166,53.8998],[-2.6441,53.9572],[-2.5888,53.9602],[-2.5714,54.0147]]]]},"properties":{"PCON24CD":"E14001318","PCON24NM":"Lancaster and Wyre"}},
{"type":"Feature","geometry":{"type":"Polygon","coordinates":[[[-1.5767,53.8422],[-1.5936,53.8439],[-1.6126,53.8534],[-1.6299,53.8473],[-1.617,53.8345],[-1.6326,53.828],[-1.5656,53.7942],[-1.5309,53.7967],[-1.5286,53.8046],[-1.528,53.8102],[-1.5423,53.8114],[-1.5766,53.8314],[-1.5767,53.8422]]]},"properties":{"PCON24CD":"E14001319","PCON24NM":"Leeds Central and Headingley"}},
{"type":"Feature","geometry":{"type":"Polygon","coordinates":[[[-1.3448,53.8085],[-1.403,53.8003],[-1.4613,53.8437],[-1.4803,53.8425],[-1.4855,53.8243],[-1.528,53.8102],[-1.5286,53.8046],[-1.5056,53.8097],[-1.4953,53.8016],[-1.466,53.8029],[-1.4578,53.7907],[-1.4819,53.7663],[-1.435,53.7573],[-1.4198,53.7447],[-1.3851,53.7471],[-1.3931,53.78],[-1.3493,53.7793],[-1.3448,53.8085]]]},"properties":{"PCON24CD":"E14001320","PCON24NM":"Leeds East"}},
{"type":"Feature","geometry":{"type":"Polygon","coordinates":[[[-1.5606,53.889],[-1.5883,53.8837],[-1.5838,53.8645],[-1.5637,53.8475],[-1.5767,53.8422],[-1.5766,53.8314],[-1.5423,53.8114],[-1.528,53.8102],[-1.4855,53.8243],[-1.4803,53.8425],[-1.5004,53.8483],[-1.4973,53.8663],[-1.5606,53.889]]]},"properties":{"PCON24CD":"E14001321","PCON24NM":"Leeds North East"}},
{"type":"Feature","geometry":{"type":"Polygon","coordinates":[[[-1.5526,53.903],[-1.5687,53.9109],[-1.6207,53.9034],[-1.716,53.9172],[-1.7272,53.9102],[-1.7292,53.8858],[-1.8004,53.886],[-1.7674,53.8668],[-1.7103,53.8635],[-1.6931,53.853],[-1.7031,53.8364],[-1.6882,53.8422],[-1.6666,53.8294],[-1.6326,53.828],[-1.617,53.8345],[-1.6299,53.8473],[-1.6126,53.8534],[-1.5936,53.8439],[-1.5767,53.8422],[-1.5637,53.8475],[-1.5838,53.8645],[-1.5883,53.8837],[-1.5606,53.889],[-1.5526,53.903]]]},"properties":{"PCON24CD":"E14001322","PCON24NM":"Leeds North West"}},
{"type":"Feature","geometry":{"type":"Polygon","coordinates":[[[-1.4819,53.7663],[-1.4578,53.7907],[-1.466,53.8029],[-1.4953,53.8016],[-1.5056,53.8097],[-1.5286,53.8046],[-1.5309,53.7967],[-1.5656,53.7942],[-1.5761,53.7878],[-1.5896,53.7711],[-1.5692,53.759],[-1.5587,53.7398],[-1.5171,53.7434],[-1.5167,53.7508],[-1.5032,53.7613],[-1.4819,53.7663]]]},"properties":{"PCON24CD":"E14001323","PCON24NM":"Leeds South"}},
{"type":"Feature","geometry":{"type":"Polygon","coordinates":[[[-1.5761,53.7878],[-1.6057,53.7937],[-1.6256,53.8025],[-1.6388,53.7952],[-1.6406,53.78],[-1.642,53.7725],[-1.6816,53.7565],[-1.6323,53.7308],[-1.6182,53.7189],[-1.5836,53.7161],[-1.5711,53.7064],[-1.5545,53.7028],[-1.5108,53.7296],[-1.4925,53.7476],[-1.5167,53.7508],[-1.5171,53.7434],[-1.5587,53.7398],[-1.5692,53.759],[-1.5896,53.7711],[-1.5761,53.7878]]]},"properties":{"PCON24CD":"E14001324","PCON24NM":"Leeds South West and Morley"}},
{"type":"Feature","geometry":{"type":"Polygon","coordinates":[[[-1.6326,53.828],[-1.6666,53.8294],[-1.6882,53.8422],[-1.7031,53.8364],[-1.708,53.8157],[-1.7037,53.8018],[-1.7099,53.7929],[-1.6759,53.7804],[-1.6406,53.78],[-1.6388,53.7952],[-1.6256,53.8025],[-1.6057,53.7937],[-1.5761,53.7878],[-1.5656,53.7942],[-1.6326,53.828]]]},"properties":{"PCON24CD":"E14001325","PCON24NM":"Leeds West and Pudsey"}},
{"type":"Feature","geometry":{"type":"Polygon","coordinates":[[[-1.1147,52.6727],[-1.1291,52.6654],[-1.1265,52.6447],[-1.0814,52.627],[-1.069,52.6187],[-1.0544,52.6257],[-1.0481,52.6354],[-1.0486,52.655],[-1.0568,52.6638],[-1.0751,52.6696],[-1.0906,52.6685],[-1.1147,52.6727]]]},"properties":{"PCON24CD":"E14001326","PCON24NM":"Leicester East"}},
{"type":"Feature","geometry":{"type":"Polygon","coordinates":[[[-1.069,52.6187],[-1.0814,52.627],[-1.1265,52.6447],[-1.1378,52.6385],[-1.149,52.6168],[-1.1362,52.6102],[-1.1416,52.5969],[-1.1593,52.5912],[-1.1436,52.588],[-1.1268,52.5956],[-1.1048,52.5964],[-1.0934,52.6103],[-1.0705,52.6181],[-1.069,52.6187]]]},"properties":{"PCON24CD":"E14001327","PCON24NM":"Leicester South"}},
{"type":"Feature","geometry":{"type":"Polygon","coordinates":[[[-1.1291,52.6654],[-1.1475,52.6907],[-1.165,52.6888],[-1.1779,52.6781],[-1.1767,52.6643],[-1.1907,52.6404],[-1.211,52.6311],[-1.1655,52.6131],[-1.168,52.6014],[-1.1593,52.5912],[-1.1416,52.5969],[-1.1362,52.6102],[-1.149,52.6168],[-1.1378,52.6385],[-1.1265,52.6447],[-1.1291,52.6654]]]},"properties":{"PCON24CD":"E14001328","PCON24NM":"Leicester West"}},
{"type":"Feature","geometry":{"type":"Polygon","coordinates":[[[-2.4511,53.5286],[-2.507,53.5387],[-2.5289,53.5231],[-2.559,53.5114],[-2.5666,53.4994],[-2.6121,53.4811],[-2.6168,53.4664],[-2.5767,53.4461],[-2.5505,53.4681],[-2.4963,53.4809],[-2.4774,53.4865],[-2.4588,53.5102],[-2.4324,53.5224],[-2.4511,53.5286]]]},"properties":{"PCON24CD":"E14001329","PCON24NM":"Leigh and Atherton"}},
{"type":"Feature","geometry":{"type":"MultiPolygon","coordinates":[[[[0.1209,50.9213],[0.0425,50.9135],[0.0345,50.9055],[0.023,50.9036],[0.0223,50.9032],[0.0208,50.9011],[0.0215,50.9008],[0.0213,50.8991],[0.0189,50.8969],[0.0128,50.8969],[0.012,50.8929],[0.0061,50.8799],[0.023,50.8717],[0.0241,50.8663],[0.0208,50.8646],[0.0217,50.862],[0.0237,50.8611],[0.0273,50.8576],[0.0308,50.856],[0.0349,50.8505],[0.0376,50.8485],[0.0386,50.8462],[0.0366,50.8451],[0.034,50.8452],[0.0333,50.8415],[0.0305,50.836],[0.0262,50.831],[0.0285,50.8218],[0.0267,50.8161],[0.031,50.8144],[0.034,50.8105],[0.0426,50.8099],[0.048,50.8042],[0.0583,50.7821],[0.21,50.7385],[0.217,50.7745],[0.2331,50.7968],[0.2542,50.799],[0.2674,50.8106],[0.3139,50.8087],[0.3005,50.8396],[0.1673,50.8923],[0.1209,50.9213]]],[[[-0.0028,50.8874],[-0.0311,50.9403],[-0.1064,50.963],[-0.135,50.8867],[-0.1049,50.8723],[-0.0849,50.8731],[-0.0832,50.8632],[-0.0633,50.8414],[-0.0369,50.8412],[-0.0425,50.8243],[-0.031,50.8174],[-0.0031,50.8198],[0.0094,50.8023],[0.0299,50.7948],[0.0297,50.783],[0.0573,50.7817],[0.0518,50.7947],[0.0424,50.8094],[0.0342,50.8096],[0.0304,50.8138],[0.0272,50.8146],[0.0262,50.8157],[0.0264,50.8177],[0.0257,50.831],[0.0327,50.8438],[0.0345,50.8458],[0.0368,50.8455],[0.0377,50.8477],[0.0339,50.851],[0.0303,50.856],[0.0271,50.8573],[0.0235,50.8608],[0.0213,50.8619],[0.0201,50.8638],[0.0229,50.8712],[0.0058,50.8799],[-0.0028,50.8874]]]]},"properties":{"PCON24CD":"E14001330","PCON24NM":"Lewes"}},
{"type":"Feature","geometry":{"type":"Polygon","coordinates":[[[0.0115,51.4567],[-0.0081,51.458],[-0.0113,51.4535],[-0.0256,51.4497],[-0.034,51.4455],[-0.0331,51.4374],[-0.0399,51.4243],[-0.0301,51.4256],[-0.021,51.416],[-0.0077,51.4145],[0.0035,51.4174],[0.0255,51.429],[0.0345,51.4235],[0.0375,51.4314],[0.0254,51.4357],[0.0221,51.4487],[0.0115,51.4567]]]},"properties":{"PCON24CD":"E14001331","PCON24NM":"Lewisham East"}},
{"type":"Feature","geometry":{"type":"Polygon","coordinates":[[[-0.0248,51.4855],[-0.0324,51.4931],[-0.0391,51.4929],[-0.054,51.4879],[-0.0527,51.473],[-0.0475,51.4651],[-0.0461,51.4569],[-0.0256,51.4497],[-0.0113,51.4535],[-0.0081,51.458],[0.0115,51.4567],[0.0093,51.464],[0.015,51.4731],[-0.0082,51.4728],[-0.0227,51.4754],[-0.0171,51.4804],[-0.0248,51.4855]]]},"properties":{"PCON24CD":"E14001332","PCON24NM":"Lewisham North"}},
{"type":"Feature","geometry":{"type":"Polygon","coordinates":[[[-0.0475,51.4651],[-0.0501,51.4595],[-0.0605,51.4643],[-0.0693,51.462],[-0.0788,51.4639],[-0.0857,51.456],[-0.0775,51.4535],[-0.0634,51.4376],[-0.0727,51.4323],[-0.0739,51.4262],[-0.0581,51.4232],[-0.0399,51.4243],[-0.0331,51.4374],[-0.034,51.4455],[-0.0256,51.4497],[-0.0461,51.4569],[-0.0475,51.4651]]]},"properties":{"PCON24CD":"E14001333","PCON24NM":"Lewisham West and East Dulwich"}},
{"type":"Feature","geometry":{"type":"Polygon","coordinates":[[[0.0376,51.5939],[0.0125,51.5954],[0.0134,51.5838],[-0.0075,51.5778],[-0.03,51.5614],[-0.0172,51.5517],[-0.0172,51.5516],[-0.0086,51.5499],[0.0146,51.555],[0.0354,51.5553],[0.0503,51.564],[0.0636,51.5573],[0.0633,51.5576],[0.0627,51.5581],[0.0626,51.5582],[0.0452,51.5748],[0.0376,51.5939]]]},"properties":{"PCON24CD":"E14001334","PCON24NM":"Leyton and Wanstead"}},
{"type":"Feature","geometry":{"type":"Polygon","coordinates":[[[-1.67,52.7736],[-1.7043,52.8123],[-1.7801,52.8204],[-1.8035,52.8546],[-1.8903,52.8607],[-1.9704,52.8855],[-1.9333,52.8545],[-1.9679,52.8243],[-1.944,52.7737],[-1.9131,52.7599],[-1.9123,52.7432],[-1.9339,52.7276],[-1.9241,52.7136],[-1.9632,52.6746],[-1.9546,52.6627],[-1.9337,52.6616],[-1.9051,52.6432],[-1.8387,52.6558],[-1.7785,52.6945],[-1.7325,52.7061],[-1.7042,52.7321],[-1.67,52.7736]]]},"properties":{"PCON24CD":"E14001335","PCON24NM":"Lichfield"}},
{"type":"Feature","geometry":{"type":"Polygon","coordinates":[[[-0.4951,53.2253],[-0.496,53.2472],[-0.5393,53.2546],[-0.5951,53.2452],[-0.6115,53.2564],[-0.6484,53.2532],[-0.6536,53.2424],[-0.6175,53.2144],[-0.5526,53.1863],[-0.5604,53.1614],[-0.5275,53.1517],[-0.5162,53.1643],[-0.5178,53.1877],[-0.532,53.2141],[-0.4951,53.2253]]]},"properties":{"PCON24CD":"E14001336","PCON24NM":"Lincoln"}},
{"type":"Feature","geometry":{"type":"Polygon","coordinates":[[[-2.8373,53.3999],[-2.8562,53.395],[-2.8797,53.4057],[-2.8744,53.3915],[-2.8832,53.3872],[-2.9066,53.393],[-2.9212,53.386],[-2.9078,53.3698],[-2.9224,53.3573],[-2.9049,53.3457],[-2.8546,53.3274],[-2.8266,53.3317],[-2.8188,53.348],[-2.8404,53.3473],[-2.8532,53.363],[-2.854,53.377],[-2.8262,53.3849],[-2.8373,53.3999]]]},"properties":{"PCON24CD":"E14001337","PCON24NM":"Liverpool Garston"}},
{"type":"Feature","geometry":{"type":"Polygon","coordinates":[[[-2.9753,53.4432],[-3.0088,53.4384],[-3.0031,53.4126],[-2.988,53.39],[-2.9693,53.3758],[-2.9481,53.387],[-2.9622,53.4143],[-2.9478,53.4212],[-2.94,53.4325],[-2.9607,53.4427],[-2.9753,53.4432]]]},"properties":{"PCON24CD":"E14001338","PCON24NM":"Liverpool Riverside"}},
{"type":"Feature","geometry":{"type":"Polygon","coordinates":[[[-2.9191,53.4781],[-2.9393,53.4912],[-2.9517,53.491],[-2.9602,53.468],[-2.9738,53.4628],[-2.9753,53.4432],[-2.9607,53.4427],[-2.94,53.4325],[-2.9216,53.4342],[-2.9058,53.4424],[-2.889,53.4389],[-2.8706,53.4425],[-2.8713,53.4527],[-2.9003,53.4692],[-2.9144,53.465],[-2.9191,53.4781]]]},"properties":{"PCON24CD":"E14001339","PCON24NM":"Liverpool Walton"}},
{"type":"Feature","geometry":{"type":"Polygon","coordinates":[[[-2.8817,53.408],[-2.9217,53.4053],[-2.9336,53.4181],[-2.9478,53.4212],[-2.9622,53.4143],[-2.9481,53.387],[-2.9693,53.3758],[-2.9224,53.3573],[-2.9078,53.3698],[-2.9212,53.386],[-2.9066,53.393],[-2.8832,53.3872],[-2.8744,53.3915],[-2.8797,53.4057],[-2.8817,53.408]]]},"properties":{"PCON24CD":"E14001340","PCON24NM":"Liverpool Wavertree"}},
{"type":"Feature","geometry":{"type":"Polygon","coordinates":[[[-2.8706,53.4425],[-2.889,53.4389],[-2.9058,53.4424],[-2.9216,53.4342],[-2.94,53.4325],[-2.9478,53.4212],[-2.9336,53.4181],[-2.9217,53.4053],[-2.8817,53.408],[-2.8454,53.4127],[-2.8491,53.4229],[-2.8734,53.4365],[-2.8706,53.4425]]]},"properties":{"PCON24CD":"E14001341","PCON24NM":"Liverpool West Derby"}},
{"type":"Feature","geometry":{"type":"Polygon","coordinates":[[[-1.0364,52.8159],[-1.0744,52.8247],[-1.12,52.8188],[-1.201,52.7939],[-1.2619,52.8104],[-1.2799,52.7838],[-1.319,52.7854],[-1.3345,52.757],[-1.2471,52.7364],[-1.2035,52.7465],[-1.181,52.7227],[-1.1254,52.7283],[-1.1067,52.7684],[-1.0471,52.7817],[-1.0364,52.8159]]]},"properties":{"PCON24CD":"E14001342","PCON24NM":"Loughborough"}},
{"type":"Feature","geometry":{"type":"MultiPolygon","coordinates":[[[[0.1045,53.4892],[0.1045,53.4893],[0.1041,53.49],[0.1044,53.4894],[0.1044,53.4893],[0.1045,53.4892]]],[[[0.3222,53.2665],[0.195,53.4273],[0.1943,53.4323],[0.1916,53.4328],[0.1907,53.4327],[0.1916,53.4328],[0.1916,53.4332],[0.1913,53.4333],[0.1916,53.4332],[0.193,53.434],[0.1933,53.4345],[0.1922,53.4352],[0.1923,53.4354],[0.1921,53.4354],[0.1915,53.4355],[0.1921,53.4354],[0.1923,53.4354],[0.191,53.4359],[0.1896,53.4358],[0.1893,53.4358],[0.1891,53.4358],[0.1888,53.4358],[0.1891,53.4358],[0.1893,53.4358],[0.1896,53.4358],[0.1879,53.4372],[0.1873,53.4372],[0.1879,53.4372],[0.1874,53.4383],[0.1869,53.4383],[0.1868,53.4383],[0.1869,53.4383],[0.1874,53.4383],[0.1137,53.4879],[0.1147,53.4875],[0.1137,53.4879],[0.1054,53.4873],[0.1022,53.4845],[0.1024,53.4844],[0.1022,53.4845],[0.1045,53.4892],[0.1044,53.4893],[0.1044,53.4894],[0.104,53.4896],[0.1036,53.4893],[0.1032,53.4893],[0.1039,53.49],[0.1028,53.4911],[0.1019,53.4919],[0.0987,53.4914],[0.1001,53.4944],[0.0919,53.4933],[0.0909,53.4927],[0.0919,53.4933],[0.0408,53.5166],[0.0381,53.515],[0.038,53.5149],[0.0383,53.513],[0.0384,53.5119],[0.0383,53.513],[0.038,53.5149],[0.0381,53.515],[0.0284,53.5161],[0.0279,53.5161],[0.0284,53.5161],[0.0305,53.5194],[0.0288,53.5229],[0.0246,53.5222],[0.0239,53.5219],[0.0246,53.5222],[0.0176,53.5255],[-0.0676,53.516],[-0.1318,53.4359],[-0.3175,53.2983],[-0.2897,53.1794],[-0.1961,53.0696],[-0.1642,53.0501],[0.0001,53.1175],[0.1414,53.1287],[0.1059,53.2387],[0.3222,53.2665]]]]},"properties":{"PCON24CD":"E14001343","PCON24NM":"Louth and Horncastle"}},
{"type":"Feature","geometry":{"type":"Polygon","coordinates":[[[1.7402,52.5321],[1.6677,52.5503],[1.6389,52.5376],[1.6289,52.5261],[1.6476,52.5145],[1.6591,52.5012],[1.6827,52.4953],[1.6875,52.4733],[1.6866,52.4734],[1.6813,52.4872],[1.671,52.4809],[1.6709,52.476],[1.6633,52.4746],[1.6597,52.4687],[1.6552,52.4677],[1.6347,52.4628],[1.627,52.4622],[1.6168,52.4633],[1.6067,52.4665],[1.6038,52.4715],[1.5863,52.4785],[1.5528,52.459],[1.6257,52.4284],[1.6814,52.4247],[1.7277,52.4001],[1.735,52.4499],[1.7545,52.473],[1.7611,52.4882],[1.7402,52.5321]]]},"properties":{"PCON24CD":"E14001344","PCON24NM":"Lowestoft"}},
{"type":"Feature","geometry":{"type":"Polygon","coordinates":[[[-0.3856,51.9157],[-0.4148,51.9115],[-0.4217,51.9257],[-0.4378,51.9277],[-0.4785,51.9173],[-0.4915,51.9063],[-0.5059,51.9006],[-0.4839,51.8883],[-0.4411,51.8897],[-0.433,51.8963],[-0.3843,51.8984],[-0.3784,51.9016],[-0.3856,51.9157]]]},"properties":{"PCON24CD":"E14001345","PCON24NM":"Luton North"}},
{"type":"Feature","geometry":{"type":"Polygon","coordinates":[[[-0.4839,51.8883],[-0.5131,51.8696],[-0.5711,51.8995],[-0.6603,51.8945],[-0.5773,51.866],[-0.5536,51.8268],[-0.5322,51.8088],[-0.5023,51.8155],[-0.4909,51.8428],[-0.4541,51.853],[-0.412,51.8462],[-0.3741,51.8292],[-0.3395,51.8496],[-0.3542,51.884],[-0.3784,51.9016],[-0.3843,51.8984],[-0.433,51.8963],[-0.4411,51.8897],[-0.4839,51.8883]]]},"properties":{"PCON24CD":"E14001346","PCON24NM":"Luton South and South Bedfordshire"}},
{"type":"Feature","geometry":{"type":"Polygon","coordinates":[[[-2.0311,53.3703],[-2.0786,53.3582],[-2.0951,53.3661],[-2.1279,53.3646],[-2.1512,53.3481],[-2.1525,53.3286],[-2.1849,53.3327],[-2.2275,53.274],[-2.3094,53.2463],[-2.2799,53.2119],[-2.2189,53.1828],[-2.1407,53.1836],[-2.1087,53.1683],[-2.0017,53.193],[-1.9874,53.2136],[-2.0093,53.2801],[-2.0118,53.3616],[-2.0311,53.3703]]]},"properties":{"PCON24CD":"E14001347","PCON24NM":"Macclesfield"}},
{"type":"Feature","geometry":{"type":"Polygon","coordinates":[[[-0.6623,51.4879],[-0.7035,51.5128],[-0.6965,51.5652],[-0.7279,51.5772],[-0.791,51.5528],[-0.8427,51.5448],[-0.8501,51.5245],[-0.8171,51.5028],[-0.8294,51.4871],[-0.8007,51.4038],[-0.7828,51.4097],[-0.7568,51.4293],[-0.7305,51.4275],[-0.7176,51.4146],[-0.7318,51.39],[-0.7353,51.365],[-0.6676,51.3846],[-0.6965,51.4109],[-0.6763,51.4316],[-0.6404,51.4158],[-0.6306,51.4422],[-0.662,51.4443],[-0.6623,51.4879]]]},"properties":{"PCON24CD":"E14001348","PCON24NM":"Maidenhead"}},
{"type":"Feature","geometry":{"type":"MultiPolygon","coordinates":[[[[0.499,51.2968],[0.4927,51.3013],[0.4926,51.3012],[0.499,51.2968]]],[[[0.5062,51.2957],[0.4988,51.2965],[0.4927,51.3009],[0.4637,51.3033],[0.4575,51.3129],[0.4279,51.3134],[0.4006,51.3107],[0.3839,51.2803],[0.3925,51.2642],[0.4327,51.2689],[0.4313,51.2491],[0.4601,51.2589],[0.5407,51.2443],[0.5284,51.2638],[0.5477,51.285],[0.5062,51.2957]]]]},"properties":{"PCON24CD":"E14001349","PCON24NM":"Maidstone and Malling"}},
{"type":"Feature","geometry":{"type":"Polygon","coordinates":[[[-2.5692,53.5475],[-2.6168,53.5307],[-2.6459,53.5407],[-2.6644,53.5315],[-2.6983,53.5328],[-2.7047,53.5619],[-2.7304,53.5206],[-2.699,53.502],[-2.6663,53.4997],[-2.6455,53.4803],[-2.6121,53.4811],[-2.5666,53.4994],[-2.559,53.5114],[-2.5289,53.5231],[-2.5692,53.5475]]]},"properties":{"PCON24CD":"E14001350","PCON24NM":"Makerfield"}},
{"type":"Feature","geometry":{"type":"MultiPolygon","coordinates":[[[[0.716,51.6383],[0.7155,51.6379],[0.7157,51.638],[0.716,51.6383]]],[[[0.6678,51.6407],[0.6681,51.6386],[0.6689,51.6383],[0.669,51.6398],[0.6678,51.6407]]],[[[0.7149,51.6397],[0.716,51.6403],[0.7159,51.6403],[0.715,51.6398],[0.7149,51.6397]]],[[[0.7165,51.6383],[0.7157,51.638],[0.7155,51.6379],[0.7153,51.6377],[0.7205,51.6388],[0.7291,51.6378],[0.7292,51.6373],[0.7336,51.635],[0.7353,51.6356],[0.7354,51.6355],[0.734,51.6374],[0.7323,51.6376],[0.7313,51.6364],[0.7292,51.6379],[0.7231,51.64],[0.7165,51.6383]]],[[[0.757,51.6397],[0.7532,51.6396],[0.7535,51.6396],[0.757,51.6397]]],[[[0.716,51.6403],[0.7175,51.6413],[0.7173,51.6413],[0.716,51.641],[0.7159,51.6409],[0.7159,51.6403],[0.716,51.6403]]],[[[0.9406,51.6772],[0.9399,51.6772],[0.94,51.6768],[0.9405,51.6771],[0.9406,51.6772]]],[[[0.7375,51.7326],[0.6949,51.7506],[0.6688,51.746],[0.6655,51.7398],[0.665,51.7394],[0.6654,51.739],[0.6708,51.737],[0.6759,51.7359],[0.6898,51.7352],[0.6888,51.7326],[0.6886,51.7326],[0.6888,51.7326],[0.6894,51.7332],[0.6894,51.7333],[0.6893,51.7334],[0.6894,51.7333],[0.6894,51.7332],[0.6942,51.7298],[0.6943,51.7297],[0.6946,51.7294],[0.6947,51.7293],[0.7129,51.7364],[0.713,51.7364],[0.7136,51.7369],[0.7375,51.7326]]],[[[0.9406,51.6772],[0.9405,51.6771],[0.9402,51.6765],[0.9395,51.6767],[0.94,51.6768],[0.9399,51.6772],[0.9355,51.6768],[0.9351,51.6766],[0.9355,51.6768],[0.9335,51.6784],[0.9342,51.6781],[0.9335,51.6784],[0.9393,51.6785],[0.9375,51.6811],[0.9373,51.682],[0.9375,51.6811],[0.9337,51.6857],[0.9434,51.6871],[0.9426,51.6871],[0.9434,51.6871],[0.9449,51.6872],[0.9436,51.6895],[0.9431,51.6897],[0.9428,51.6897],[0.9431,51.6897],[0.9436,51.6895],[0.94,51.6916],[0.939,51.6916],[0.94,51.6916],[0.9426,51.71],[0.9419,51.7098],[0.9426,51.71],[0.9445,51.7251],[0.9443,51.725],[0.9445,51.7251],[0.9292,51.7459],[0.929,51.7461],[0.9292,51.7459],[0.9165,51.7468],[0.9166,51.7467],[0.9165,51.7461],[0.9165,51.746],[0.9165,51.7461],[0.9166,51.7467],[0.9165,51.7468],[0.8492,51.716],[0.8491,51.716],[0.7921,51.7102],[0.7963,51.7078],[0.7965,51.708],[0.7963,51.7078],[0.7921,51.7084],[0.7722,51.6956],[0.745,51.6922],[0.7507,51.6953],[0.7542,51.6979],[0.753,51.6982],[0.7528,51.6981],[0.753,51.6982],[0.747,51.706],[0.7466,51.7055],[0.747,51.706],[0.7502,51.7069],[0.7468,51.7092],[0.7469,51.7092],[0.7461,51.7089],[0.7462,51.7084],[0.7446,51.7082],[0.7445,51.7081],[0.7446,51.7082],[0.7462,51.7084],[0.7461,51.7089],[0.7469,51.7092],[0.7468,51.7092],[0.7155,51.7137],[0.7156,51.7137],[0.7155,51.7137],[0.7123,51.7135],[0.7002,51.7219],[0.6971,51.7265],[0.6918,51.7267],[0.6874,51.7314],[0.6682,51.7372],[0.6638,51.7392],[0.6645,51.7415],[0.6623,51.7434],[0.6021,51.7117],[0.5721,51.7519],[0.5325,51.7443],[0.5225,51.7432],[0.5103,51.7011],[0.4885,51.7104],[0.4691,51.7087],[0.4522,51.6959],[0.4417,51.7005],[0.4473,51.714],[0.3767,51.6985],[0.4022,51.651],[0.4429,51.6467],[0.4468,51.6267],[0.4945,51.6236],[0.5515,51.6178],[0.5516,51.6178],[0.5541,51.6171],[0.5642,51.6205],[0.5639,51.6213],[0.565,51.6216],[0.5983,51.6444],[0.5982,51.6445],[0.5991,51.6469],[0.5991,51.647],[0.5991,51.6469],[0.5982,51.6445],[0.5983,51.6444],[0.6579,51.6436],[0.6575,51.6438],[0.6544,51.6482],[0.6547,51.6488],[0.6544,51.6482],[0.6601,51.6477],[0.6603,51.6479],[0.6601,51.6477],[0.6604,51.6466],[0.6607,51.6464],[0.6604,51.6466],[0.6633,51.6398],[0.6678,51.6407],[0.669,51.6398],[0.7455,51.6452],[0.7616,51.6427],[0.7921,51.6264],[0.9244,51.6292],[0.9228,51.6291],[0.9244,51.6292],[0.9387,51.666],[0.9383,51.6659],[0.9387,51.666],[0.9361,51.6654],[0.9362,51.6654],[0.9361,51.6654],[0.9353,51.6652],[0.9366,51.6672],[0.9357,51.6696],[0.9359,51.6698],[0.9357,51.6696],[0.9386,51.6687],[0.9406,51.6701],[0.9404,51.6701],[0.9392,51.6701],[0.9388,51.6702],[0.9392,51.6701],[0.9404,51.6701],[0.9406,51.6701],[0.9402,51.6725],[0.9392,51.6724],[0.9402,51.6725],[0.9344,51.6718],[0.9346,51.6738],[0.9378,51.6749],[0.9365,51.6747],[0.9378,51.6749],[0.9428,51.6755],[0.9406,51.6772]]]]},"properties":{"PCON24CD":"E14001351","PCON24NM":"Maldon"}},
{"type":"Feature","geometry":{"type":"Polygon","coordinates":[[[-2.1197,53.5057],[-2.1562,53.5158],[-2.1714,53.5132],[-2.2175,53.4945],[-2.2333,53.509],[-2.2452,53.5122],[-2.2503,53.508],[-2.255,53.5004],[-2.246,53.4849],[-2.2633,53.4757],[-2.2454,53.4703],[-2.2195,53.4754],[-2.1942,53.4718],[-2.1681,53.4689],[-2.1499,53.4709],[-2.1677,53.4801],[-2.1666,53.4909],[-2.1409,53.4911],[-2.1197,53.5057]]]},"properties":{"PCON24CD":"E14001352","PCON24NM":"Manchester Central"}},
{"type":"Feature","geometry":{"type":"Polygon","coordinates":[[[-2.1942,53.4718],[-2.2195,53.4754],[-2.2454,53.4703],[-2.2633,53.4757],[-2.2653,53.4727],[-2.2583,53.4588],[-2.2715,53.4507],[-2.2485,53.4407],[-2.2052,53.4406],[-2.1982,53.4454],[-2.205,53.4553],[-2.1975,53.4609],[-2.1942,53.4718]]]},"properties":{"PCON24CD":"E14001353","PCON24NM":"Manchester Rusholme"}},
{"type":"Feature","geometry":{"type":"Polygon","coordinates":[[[-2.2052,53.4406],[-2.2485,53.4407],[-2.2715,53.4507],[-2.2862,53.4491],[-2.2997,53.4373],[-2.2837,53.425],[-2.2659,53.4206],[-2.2381,53.4008],[-2.2227,53.4012],[-2.2126,53.407],[-2.2077,53.4201],[-2.2187,53.4217],[-2.2052,53.4406]]]},"properties":{"PCON24CD":"E14001354","PCON24NM":"Manchester Withington"}},
{"type":"Feature","geometry":{"type":"Polygon","coordinates":[[[-1.1676,53.1159],[-1.1272,53.1245],[-1.1168,53.1537],[-1.1515,53.1721],[-1.1388,53.1879],[-1.114,53.1959],[-1.0973,53.2195],[-1.1033,53.2356],[-1.1238,53.2246],[-1.2094,53.2177],[-1.1953,53.187],[-1.2299,53.1785],[-1.214,53.1661],[-1.2409,53.153],[-1.2379,53.1397],[-1.1938,53.1199],[-1.1676,53.1159]]]},"properties":{"PCON24CD":"E14001355","PCON24NM":"Mansfield"}},
{"type":"Feature","geometry":{"type":"Polygon","coordinates":[[[-2.2199,51.4418],[-2.2852,51.4579],[-2.2946,51.4288],[-2.2908,51.4057],[-2.3075,51.365],[-2.2783,51.3024],[-2.1767,51.3246],[-2.0883,51.2466],[-2.0066,51.2323],[-1.8971,51.2609],[-1.9154,51.4132],[-1.9803,51.4288],[-2.0881,51.4053],[-2.2042,51.4003],[-2.2199,51.4418]]]},"properties":{"PCON24CD":"E14001356","PCON24NM":"Melksham and Devizes"}},
{"type":"Feature","geometry":{"type":"Polygon","coordinates":[[[-0.7783,52.9769],[-0.8855,52.8926],[-1.0364,52.8159],[-1.0471,52.7817],[-1.1067,52.7684],[-1.1254,52.7283],[-1.1147,52.6727],[-1.0906,52.6685],[-1.0751,52.6696],[-1.0568,52.6638],[-1.0486,52.655],[-0.9789,52.6819],[-0.7822,52.6691],[-0.8218,52.7157],[-0.6728,52.7714],[-0.7058,52.8381],[-0.7769,52.9048],[-0.7783,52.9769]]]},"properties":{"PCON24CD":"E14001357","PCON24NM":"Melton and Syston"}},
{"type":"Feature","geometry":{"type":"Polygon","coordinates":[[[-1.7332,52.4921],[-1.7608,52.4936],[-1.7593,52.469],[-1.7596,52.4519],[-1.7825,52.4511],[-1.7811,52.4322],[-1.7985,52.43],[-1.7874,52.4138],[-1.7649,52.4126],[-1.7595,52.4029],[-1.8042,52.3628],[-1.7758,52.348],[-1.7414,52.3572],[-1.6441,52.3622],[-1.6011,52.3893],[-1.6034,52.4078],[-1.6145,52.428],[-1.5952,52.4399],[-1.5955,52.4559],[-1.682,52.4397],[-1.7332,52.4921]]]},"properties":{"PCON24CD":"E14001358","PCON24NM":"Meriden and Solihull East"}},
{"type":"Feature","geometry":{"type":"Polygon","coordinates":[[[-0.443,52.1157],[-0.4655,52.1154],[-0.5043,52.1028],[-0.5918,52.1107],[-0.669,52.0487],[-0.643,52.0372],[-0.645,52.0137],[-0.6617,51.9997],[-0.653,51.9692],[-0.6512,51.9682],[-0.5906,51.934],[-0.5707,51.9426],[-0.5237,51.937],[-0.4915,51.9063],[-0.4785,51.9173],[-0.4378,51.9277],[-0.4217,51.9257],[-0.4148,51.9115],[-0.3856,51.9157],[-0.4063,51.9413],[-0.3502,51.9576],[-0.379,52.0585],[-0.443,52.1157]]]},"properties":{"PCON24CD":"E14001359","PCON24NM":"Mid Bedfordshire"}},
{"type":"Feature","geometry":{"type":"Polygon","coordinates":[[[-0.859,51.8592],[-0.9565,51.86],[-0.9183,51.9067],[-0.9566,51.9552],[-1.0559,51.9426],[-1.0812,51.9276],[-1.062,51.8441],[-1.1235,51.7942],[-1.0827,51.7605],[-0.936,51.7534],[-0.8877,51.7183],[-0.9355,51.6356],[-0.8697,51.6634],[-0.8394,51.6495],[-0.7935,51.6637],[-0.7274,51.6506],[-0.6841,51.6805],[-0.6515,51.6743],[-0.6432,51.7105],[-0.603,51.7326],[-0.6129,51.7474],[-0.6734,51.7685],[-0.7651,51.7779],[-0.8202,51.7935],[-0.8607,51.8258],[-0.859,51.8592]]]},"properties":{"PCON24CD":"E14001360","PCON24NM":"Mid Buckinghamshire"}},
{"type":"Feature","geometry":{"type":"Polygon","coordinates":[[[-2.4066,53.1741],[-2.4174,53.1888],[-2.4721,53.2127],[-2.4589,53.2242],[-2.4732,53.2676],[-2.5288,53.2727],[-2.5571,53.26],[-2.5832,53.225],[-2.6253,53.2068],[-2.576,53.1918],[-2.548,53.1514],[-2.4961,53.1643],[-2.4565,53.1569],[-2.4066,53.1741]]]},"properties":{"PCON24CD":"E14001361","PCON24NM":"Mid Cheshire"}},
{"type":"Feature","geometry":{"type":"Polygon","coordinates":[[[-1.4817,53.0475],[-1.5465,53.0063],[-1.5993,52.9984],[-1.6071,52.9472],[-1.5441,52.9242],[-1.5255,52.933],[-1.504,52.9291],[-1.4838,52.9484],[-1.453,52.9484],[-1.4372,52.9371],[-1.4162,52.9314],[-1.4232,52.9144],[-1.4406,52.9111],[-1.434,52.9051],[-1.4028,52.9005],[-1.3708,52.8948],[-1.358,52.9274],[-1.3298,52.9349],[-1.3402,52.9573],[-1.3328,52.9782],[-1.4448,52.9788],[-1.4714,52.9965],[-1.4431,53.0366],[-1.4817,53.0475]]]},"properties":{"PCON24CD":"E14001362","PCON24NM":"Mid Derbyshire"}},
{"type":"Feature","geometry":{"type":"MultiPolygon","coordinates":[[[[-2.079,50.6936],[-2.0791,50.6939],[-2.0793,50.6939],[-2.0791,50.6936],[-2.079,50.6936]]],[[[-2.0315,50.6977],[-2.0323,50.6982],[-2.0316,50.6977],[-2.0315,50.6977]]],[[[-1.8818,50.8652],[-1.9739,50.8817],[-2.0206,50.8476],[-2.1044,50.8249],[-2.1374,50.784],[-2.266,50.7599],[-2.2371,50.7202],[-2.1491,50.6923],[-2.0806,50.6506],[-2.045,50.6705],[-2.0303,50.6794],[-2.0309,50.6792],[-2.0303,50.6794],[-2.0305,50.6803],[-2.0306,50.6802],[-2.0305,50.6803],[-2.0289,50.6821],[-2.051,50.6784],[-2.0522,50.6781],[-2.051,50.6784],[-2.0444,50.6818],[-2.0443,50.6818],[-2.0444,50.6818],[-2.0249,50.6882],[-2.0284,50.6882],[-2.0286,50.6886],[-2.0281,50.6906],[-2.028,50.6906],[-2.0315,50.6977],[-2.0316,50.6977],[-2.0323,50.6982],[-2.0323,50.7013],[-2.0324,50.7014],[-2.0323,50.7013],[-2.0336,50.7017],[-2.0337,50.7026],[-2.0315,50.7025],[-2.0316,50.7026],[-2.0328,50.7033],[-2.0316,50.7026],[-2.0315,50.7025],[-2.0396,50.7072],[-2.0431,50.7028],[-2.0554,50.6991],[-2.0593,50.6907],[-2.0797,50.6912],[-2.0801,50.6912],[-2.0812,50.6914],[-2.0801,50.6912],[-2.0797,50.6912],[-2.079,50.6936],[-2.0791,50.6936],[-2.0793,50.6939],[-2.0793,50.694],[-2.0797,50.6941],[-2.0793,50.694],[-2.0792,50.694],[-2.0923,50.6968],[-2.0924,50.6967],[-2.0923,50.6968],[-2.0739,50.7047],[-2.0741,50.7047],[-2.0739,50.7047],[-2.0676,50.7052],[-2.0679,50.7052],[-2.0676,50.7052],[-2.0677,50.7066],[-2.0712,50.7079],[-2.0709,50.7076],[-2.0712,50.7079],[-2.0728,50.7075],[-2.0731,50.707],[-2.0731,50.7069],[-2.0731,50.707],[-2.0728,50.7075],[-2.0735,50.7077],[-2.0701,50.7109],[-2.0457,50.7229],[-2.0429,50.724],[-2.0433,50.724],[-2.0429,50.724],[-2.0426,50.7253],[-2.0428,50.7253],[-2.0426,50.7253],[-2.0489,50.7249],[-2.0489,50.7246],[-2.0484,50.7238],[-2.0489,50.7246],[-2.0489,50.7249],[-2.0415,50.7317],[-2.0412,50.7318],[-2.0409,50.732],[-2.0408,50.732],[-2.0409,50.732],[-2.0412,50.7318],[-2.0415,50.7317],[-2.0384,50.7315],[-2.0361,50.7316],[-2.0343,50.7288],[-2.0275,50.7292],[-2.0135,50.7371],[-2.0127,50.7485],[-1.9904,50.7531],[-1.9874,50.7401],[-1.9608,50.7393],[-1.946,50.7487],[-1.9255,50.7591],[-1.9101,50.7753],[-1.9375,50.7836],[-1.9329,50.8209],[-1.9046,50.8233],[-1.8818,50.8652]]]]},"properties":{"PCON24CD":"E14001363","PCON24NM":"Mid Dorset and North Poole"}},
{"type":"Feature","geometry":{"type":"Polygon","coordinates":[[[-1.1254,52.7283],[-1.181,52.7227],[-1.2035,52.7465],[-1.2471,52.7364],[-1.2917,52.7094],[-1.3441,52.6949],[-1.3606,52.6765],[-1.3606,52.6625],[-1.3047,52.6418],[-1.2644,52.6451],[-1.2646,52.6144],[-1.2042,52.6171],[-1.168,52.6014],[-1.1655,52.6131],[-1.211,52.6311],[-1.1907,52.6404],[-1.1767,52.6643],[-1.1779,52.6781],[-1.165,52.6888],[-1.1475,52.6907],[-1.1291,52.6654],[-1.1147,52.6727],[-1.1254,52.7283]]]},"properties":{"PCON24CD":"E14001364","PCON24NM":"Mid Leicestershire"}},
{"type":"Feature","geometry":{"type":"Polygon","coordinates":[[[1.0976,52.6498],[1.0998,52.7164],[0.9936,52.7984],[0.8394,52.8111],[0.7079,52.7885],[0.6969,52.7009],[0.7546,52.6735],[0.8269,52.4556],[0.9214,52.4641],[1.0629,52.4332],[1.0895,52.5146],[1.0614,52.5374],[1.1355,52.6141],[1.0976,52.6498]]]},"properties":{"PCON24CD":"E14001365","PCON24NM":"Mid Norfolk"}},
{"type":"Feature","geometry":{"type":"Polygon","coordinates":[[[-0.1064,50.963],[-0.0579,51.0043],[-0.1248,51.0399],[-0.2192,51.0382],[-0.2471,51.0334],[-0.2295,50.987],[-0.2387,50.95],[-0.2392,50.8679],[-0.2327,50.8759],[-0.2139,50.8705],[-0.1877,50.8686],[-0.1824,50.8883],[-0.1681,50.8808],[-0.135,50.8867],[-0.1064,50.963]]]},"properties":{"PCON24CD":"E14001366","PCON24NM":"Mid Sussex"}},
{"type":"Feature","geometry":{"type":"Polygon","coordinates":[[[-1.201,54.5776],[-1.2465,54.5904],[-1.2603,54.572],[-1.2819,54.5651],[-1.2708,54.5561],[-1.2718,54.5541],[-1.2772,54.5471],[-1.278,54.547],[-1.2772,54.5471],[-1.2718,54.5541],[-1.2708,54.5561],[-1.2861,54.5645],[-1.3102,54.5631],[-1.3096,54.5455],[-1.2912,54.5126],[-1.2793,54.5178],[-1.2843,54.5286],[-1.229,54.5322],[-1.2235,54.5453],[-1.1723,54.5593],[-1.1906,54.575],[-1.2003,54.5769],[-1.201,54.5776]]]},"properties":{"PCON24CD":"E14001367","PCON24NM":"Middlesbrough and Thornaby East"}},
{"type":"Feature","geometry":{"type":"Polygon","coordinates":[[[-0.7943,54.5584],[-0.8983,54.5713],[-0.9384,54.589],[-0.9732,54.5735],[-1.0678,54.5744],[-1.1306,54.5595],[-1.1678,54.527],[-1.1991,54.5445],[-1.1723,54.5593],[-1.2235,54.5453],[-1.229,54.5322],[-1.2843,54.5286],[-1.2793,54.5178],[-1.2349,54.5103],[-1.1267,54.4987],[-1.0947,54.5067],[-1.0369,54.494],[-1.0034,54.503],[-0.953,54.488],[-0.8808,54.497],[-0.8486,54.53],[-0.7943,54.5584]]]},"properties":{"PCON24CD":"E14001368","PCON24NM":"Middlesbrough South and East Cleveland"}},
{"type":"Feature","geometry":{"type":"Polygon","coordinates":[[[-0.669,52.0487],[-0.7217,52.0663],[-0.8039,52.0341],[-0.8272,52.0152],[-0.7762,51.9997],[-0.7609,52.0108],[-0.7198,52.0129],[-0.7016,51.9854],[-0.653,51.9692],[-0.6617,51.9997],[-0.645,52.0137],[-0.643,52.0372],[-0.669,52.0487]]]},"properties":{"PCON24CD":"E14001369","PCON24NM":"Milton Keynes Central"}},
{"type":"Feature","geometry":{"type":"Polygon","coordinates":[[[-0.6681,52.195],[-0.8076,52.157],[-0.8282,52.1326],[-0.8873,52.1147],[-0.8352,52.0798],[-0.8713,52.0402],[-0.8272,52.0152],[-0.8039,52.0341],[-0.7217,52.0663],[-0.669,52.0487],[-0.5918,52.1107],[-0.6346,52.138],[-0.6274,52.1815],[-0.6681,52.195]]]},"properties":{"PCON24CD":"E14001370","PCON24NM":"Milton Keynes North"}},
{"type":"Feature","geometry":{"type":"Polygon","coordinates":[[[-0.1404,51.4193],[-0.1616,51.4199],[-0.1788,51.4243],[-0.1843,51.4084],[-0.2031,51.4016],[-0.2141,51.4092],[-0.2288,51.4071],[-0.2268,51.3928],[-0.2346,51.3906],[-0.2182,51.3802],[-0.2003,51.3849],[-0.1884,51.3854],[-0.1748,51.3934],[-0.1652,51.388],[-0.1343,51.3908],[-0.1254,51.3988],[-0.1404,51.4193]]]},"properties":{"PCON24CD":"E14001371","PCON24NM":"Mitcham and Morden"}},
{"type":"Feature","geometry":{"type":"Polygon","coordinates":[[[-2.8773,54.0057],[-2.876,54.0042],[-2.8752,54.0048],[-2.8743,54.0049],[-2.8741,54.0069],[-2.8732,54.0065],[-2.8733,54.0065],[-2.8732,54.0065],[-2.8726,54.0074],[-2.8727,54.0075],[-2.8655,54.0051],[-2.8683,54.0062],[-2.8669,54.0079],[-2.8697,54.0117],[-2.8699,54.0118],[-2.8704,54.0134],[-2.871,54.0141],[-2.871,54.0142],[-2.871,54.0141],[-2.8704,54.0134],[-2.8679,54.0128],[-2.8678,54.0128],[-2.8679,54.0128],[-2.8473,54.0112],[-2.8476,54.0113],[-2.8497,54.0124],[-2.8496,54.0127],[-2.8497,54.0124],[-2.8476,54.0113],[-2.8473,54.0112],[-2.8446,54.0139],[-2.8369,54.0119],[-2.8373,54.0117],[-2.8369,54.0119],[-2.8372,54.0151],[-2.8374,54.015],[-2.8372,54.0151],[-2.8387,54.0184],[-2.8384,54.0199],[-2.8386,54.0197],[-2.8384,54.0199],[-2.8404,54.0212],[-2.8359,54.0185],[-2.8358,54.0188],[-2.8359,54.0185],[-2.8364,54.0226],[-2.8432,54.0237],[-2.8433,54.0237],[-2.8432,54.0237],[-2.8456,54.0396],[-2.8457,54.0396],[-2.8471,54.0388],[-2.8476,54.0398],[-2.8477,54.0398],[-2.8476,54.0398],[-2.8477,54.0399],[-2.848,54.04],[-2.8477,54.0399],[-2.8459,54.0398],[-2.8457,54.0396],[-2.8456,54.0396],[-2.8474,54.0425],[-2.8475,54.0425],[-2.8474,54.0425],[-2.8466,54.0432],[-2.8476,54.0432],[-2.8493,54.0431],[-2.8476,54.0432],[-2.8466,54.0432],[-2.847,54.0444],[-2.8472,54.0446],[-2.8469,54.0447],[-2.8467,54.0449],[-2.8469,54.0447],[-2.8472,54.0446],[-2.847,54.0444],[-2.8391,54.0488],[-2.8387,54.049],[-2.8385,54.049],[-2.8382,54.0491],[-2.8382,54.0492],[-2.749,54.0302],[-2.5714,54.0147],[-2.4695,54.0462],[-2.5574,54.15],[-2.4609,54.2267],[-2.3191,54.2572],[-2.3098,54.3243],[-2.3677,54.3561],[-2.58,54.3862],[-2.5828,54.2775],[-2.756,54.2808],[-2.7991,54.232],[-2.8216,54.2087],[-2.8247,54.2038],[-2.8242,54.2039],[-2.8247,54.2038],[-2.8228,54.203],[-2.8207,54.2036],[-2.8228,54.203],[-2.855,54.1937],[-2.8062,54.1399],[-2.8066,54.1402],[-2.808,54.1407],[-2.8084,54.1407],[-2.808,54.1407],[-2.8066,54.1402],[-2.8062,54.1399],[-2.8018,54.1424],[-2.802,54.143],[-2.8018,54.1424],[-2.7944,54.1235],[-2.8155,54.0931],[-2.8162,54.0938],[-2.8163,54.0942],[-2.8161,54.0947],[-2.816,54.0948],[-2.8161,54.0947],[-2.8163,54.0942],[-2.8162,54.0938],[-2.8155,54.0931],[-2.8887,54.0665],[-2.8878,53.9979],[-2.888,53.998],[-2.8891,53.9983],[-2.89,53.9989],[-2.8891,53.9983],[-2.888,53.998],[-2.8878,53.9979],[-2.8859,53.9994],[-2.8866,54.0001],[-2.8859,53.9994],[-2.8747,54.002],[-2.8748,54.0042],[-2.8751,54.0043],[-2.876,54.004],[-2.877,54.0041],[-2.8778,54.0052],[-2.8773,54.0057]]]},"properties":{"PCON24CD":"E14001372","PCON24NM":"Morecambe and Lunesdale"}},
{"type":"Feature","geometry":{"type":"MultiPolygon","coordinates":[[[[-1.4782,50.9288],[-1.4817,50.9303],[-1.479,50.9273],[-1.4774,50.9269],[-1.4782,50.9288]]],[[[-1.4858,50.9329],[-1.5421,50.9682],[-1.6198,50.9586],[-1.6769,50.9497],[-1.6873,50.8805],[-1.6351,50.8468],[-1.6791,50.7919],[-1.621,50.7626],[-1.5368,50.763],[-1.407,50.7711],[-1.4071,50.771],[-1.407,50.7711],[-1.4107,50.7912],[-1.4108,50.7912],[-1.4107,50.7912],[-1.4122,50.7978],[-1.4122,50.798],[-1.4122,50.7978],[-1.4123,50.7988],[-1.4125,50.7988],[-1.4123,50.7988],[-1.4238,50.8019],[-1.4298,50.808],[-1.4187,50.8009],[-1.4137,50.8036],[-1.4092,50.7969],[-1.409,50.7969],[-1.4092,50.7969],[-1.409,50.7963],[-1.4087,50.7963],[-1.409,50.7963],[-1.4083,50.7952],[-1.4063,50.7908],[-1.4061,50.7908],[-1.4063,50.7908],[-1.3425,50.7857],[-1.329,50.8263],[-1.3423,50.8402],[-1.3537,50.8423],[-1.3561,50.8424],[-1.3555,50.8423],[-1.3561,50.8424],[-1.3562,50.8439],[-1.3633,50.8511],[-1.3647,50.8515],[-1.3647,50.8514],[-1.3659,50.8498],[-1.3647,50.8514],[-1.3647,50.8515],[-1.37,50.8511],[-1.37,50.851],[-1.37,50.8511],[-1.3754,50.8535],[-1.379,50.8557],[-1.3763,50.8562],[-1.3736,50.8567],[-1.3807,50.8568],[-1.3806,50.8567],[-1.3807,50.8568],[-1.3802,50.8596],[-1.4284,50.8946],[-1.4285,50.8946],[-1.4284,50.8946],[-1.4614,50.9017],[-1.4832,50.9098],[-1.4833,50.9098],[-1.4832,50.9098],[-1.487,50.9086],[-1.4799,50.9212],[-1.4827,50.9212],[-1.4828,50.9212],[-1.4827,50.9212],[-1.4799,50.9212],[-1.4821,50.9255],[-1.482,50.9283],[-1.4857,50.9322],[-1.4858,50.9329]]]]},"properties":{"PCON24CD":"E14001373","PCON24NM":"New Forest East"}},
{"type":"Feature","geometry":{"type":"Polygon","coordinates":[[[-1.6769,50.9497],[-1.7196,50.9768],[-1.8358,51.0095],[-1.9568,50.9898],[-1.8486,50.8899],[-1.8509,50.8587],[-1.7999,50.8484],[-1.8032,50.7987],[-1.7823,50.765],[-1.7488,50.7795],[-1.7281,50.7509],[-1.6925,50.7374],[-1.5565,50.7082],[-1.5368,50.763],[-1.621,50.7626],[-1.6791,50.7919],[-1.6351,50.8468],[-1.6873,50.8805],[-1.6769,50.9497]]]},"properties":{"PCON24CD":"E14001374","PCON24NM":"New Forest West"}},
{"type":"Feature","geometry":{"type":"Polygon","coordinates":[[[-0.787,53.384],[-0.8494,53.3841],[-0.9208,53.412],[-0.9706,53.2974],[-1.0275,53.2609],[-0.9438,53.2039],[-0.9805,53.1726],[-0.9563,53.1475],[-1.0393,53.0836],[-1.0275,53.0652],[-0.9314,53.0251],[-1.0071,52.9855],[-1.0382,52.9816],[-1.0338,52.9584],[-0.9724,52.9284],[-0.9214,52.9346],[-0.8855,52.8926],[-0.7783,52.9769],[-0.7162,53.0591],[-0.7306,53.2108],[-0.6666,53.2397],[-0.7765,53.2468],[-0.778,53.2851],[-0.7479,53.3045],[-0.767,53.3301],[-0.7578,53.3413],[-0.7734,53.3635],[-0.7809,53.3609],[-0.7915,53.3635],[-0.787,53.384]]]},"properties":{"PCON24CD":"E14001375","PCON24NM":"Newark"}},
{"type":"Feature","geometry":{"type":"Polygon","coordinates":[[[-1.3557,51.5468],[-1.4764,51.5308],[-1.57,51.5474],[-1.5847,51.5249],[-1.532,51.4295],[-1.5556,51.3955],[-1.4983,51.3294],[-1.4112,51.3729],[-1.221,51.3676],[-1.2163,51.41],[-1.2598,51.4348],[-1.2422,51.463],[-1.3237,51.4947],[-1.3557,51.5468]]]},"properties":{"PCON24CD":"E14001376","PCON24NM":"Newbury"}},
{"type":"Feature","geometry":{"type":"Polygon","coordinates":[[[-1.6803,55.0102],[-1.722,55.0096],[-1.7421,55.0019],[-1.7264,54.9916],[-1.7391,54.9797],[-1.7261,54.9753],[-1.7202,54.9682],[-1.711,54.9676],[-1.7026,54.9725],[-1.684,54.9659],[-1.6259,54.9605],[-1.6002,54.9702],[-1.603,54.9792],[-1.6164,54.9954],[-1.653,54.9989],[-1.6803,55.0102]]]},"properties":{"PCON24CD":"E14001377","PCON24NM":"Newcastle upon Tyne Central and West"}},
{"type":"Feature","geometry":{"type":"Polygon","coordinates":[[[-1.5115,55.0186],[-1.5293,55.0126],[-1.5592,55.0122],[-1.5946,54.9971],[-1.587,54.9858],[-1.603,54.9792],[-1.6002,54.9702],[-1.588,54.9708],[-1.5545,54.9601],[-1.5367,54.9661],[-1.5296,54.9847],[-1.508,54.9936],[-1.5103,54.9944],[-1.508,54.9936],[-1.4853,54.9884],[-1.4867,55.0004],[-1.5115,55.0186]]]},"properties":{"PCON24CD":"E14001378","PCON24NM":"Newcastle upon Tyne East and Wallsend"}},
{"type":"Feature","geometry":{"type":"Polygon","coordinates":[[[-1.5592,55.0122],[-1.5503,55.0253],[-1.5792,55.0283],[-1.5864,55.0392],[-1.6166,55.0413],[-1.6304,55.0341],[-1.6664,55.0383],[-1.6664,55.0204],[-1.6803,55.0102],[-1.653,54.9989],[-1.6164,54.9954],[-1.603,54.9792],[-1.587,54.9858],[-1.5946,54.9971],[-1.5592,55.0122]]]},"properties":{"PCON24CD":"E14001379","PCON24NM":"Newcastle upon Tyne North"}},
{"type":"Feature","geometry":{"type":"Polygon","coordinates":[[[-2.2817,53.0803],[-2.3168,53.0812],[-2.3476,53.0562],[-2.3751,53.0545],[-2.3808,52.9984],[-2.3707,52.9775],[-2.3404,52.9754],[-2.2741,52.9918],[-2.2271,52.9763],[-2.2043,52.9814],[-2.2178,53.0039],[-2.2025,53.02],[-2.2084,53.0345],[-2.2279,53.0637],[-2.2693,53.0621],[-2.2817,53.0803]]]},"properties":{"PCON24CD":"E14001380","PCON24NM":"Newcastle-under-Lyme"}},
{"type":"Feature","geometry":{"type":"Polygon","coordinates":[[[-3.4525,50.6423],[-3.5093,50.6554],[-3.5449,50.6274],[-3.5501,50.6012],[-3.6049,50.5908],[-3.6597,50.5587],[-3.6623,50.5351],[-3.7135,50.5271],[-3.7276,50.4977],[-3.6739,50.466],[-3.5842,50.4777],[-3.5702,50.4904],[-3.5438,50.4973],[-3.5366,50.5059],[-3.5091,50.5166],[-3.496,50.5378],[-3.5928,50.5292],[-3.593,50.5288],[-3.5928,50.5292],[-3.5983,50.5336],[-3.5999,50.534],[-3.5983,50.5336],[-3.6015,50.5347],[-3.6021,50.5348],[-3.6015,50.5347],[-3.593,50.5346],[-3.5934,50.5346],[-3.5936,50.5347],[-3.5935,50.5354],[-3.5936,50.5347],[-3.5934,50.5346],[-3.593,50.5346],[-3.5893,50.5371],[-3.4957,50.543],[-3.4683,50.5717],[-3.444,50.5927],[-3.4525,50.6423]]]},"properties":{"PCON24CD":"E14001381","PCON24NM":"Newton Abbot"}},
{"type":"Feature","geometry":{"type":"Polygon","coordinates":[[[-1.4566,54.747],[-1.5839,54.7365],[-1.6783,54.704],[-1.6062,54.6755],[-1.6185,54.6192],[-1.5844,54.5821],[-1.514,54.5954],[-1.4561,54.5993],[-1.4098,54.6185],[-1.3808,54.6438],[-1.3412,54.6502],[-1.3331,54.6726],[-1.3446,54.6908],[-1.3977,54.6883],[-1.409,54.7275],[-1.4566,54.747]]]},"properties":{"PCON24CD":"E14001382","PCON24NM":"Newton Aycliffe and Spennymoor"}},
{"type":"Feature","geometry":{"type":"Polygon","coordinates":[[[-1.2552,53.649],[-1.2853,53.6458],[-1.3381,53.6839],[-1.3514,53.703],[-1.4136,53.7108],[-1.4508,53.698],[-1.473,53.6754],[-1.4713,53.6459],[-1.4955,53.636],[-1.5014,53.5998],[-1.4786,53.5984],[-1.448,53.6117],[-1.4004,53.5987],[-1.3638,53.6018],[-1.3487,53.5833],[-1.3078,53.5754],[-1.258,53.592],[-1.2328,53.6211],[-1.2552,53.649]]]},"properties":{"PCON24CD":"E14001383","PCON24NM":"Normanton and Hemsworth"}},
{"type":"Feature","geometry":{"type":"Polygon","coordinates":[[[-0.2866,52.2348],[-0.3733,52.234],[-0.3806,52.2827],[-0.4654,52.323],[-0.5198,52.3177],[-0.542,52.2899],[-0.5312,52.2704],[-0.5657,52.2535],[-0.6076,52.2789],[-0.6537,52.2683],[-0.6681,52.195],[-0.6274,52.1815],[-0.6346,52.138],[-0.5918,52.1107],[-0.5043,52.1028],[-0.519,52.115],[-0.501,52.121],[-0.5,52.1373],[-0.4912,52.1405],[-0.4658,52.1648],[-0.4111,52.1568],[-0.4142,52.1401],[-0.4088,52.1297],[-0.443,52.1157],[-0.379,52.0585],[-0.3207,52.039],[-0.2764,52.0592],[-0.2195,52.0367],[-0.1576,52.0804],[-0.1445,52.1382],[-0.2167,52.1588],[-0.2866,52.2348]]]},"properties":{"PCON24CD":"E14001384","PCON24NM":"North Bedfordshire"}},
{"type":"Feature","geometry":{"type":"Polygon","coordinates":[[[-4.2688,50.5353],[-4.3112,50.5848],[-4.4712,50.9313],[-4.5461,50.9284],[-4.5583,50.7882],[-4.7578,50.6717],[-4.8124,50.5083],[-4.8115,50.5081],[-4.8084,50.508],[-4.8085,50.5086],[-4.8058,50.5103],[-4.8085,50.5086],[-4.8084,50.508],[-4.8115,50.5081],[-4.8124,50.5083],[-5.0149,50.5441],[-5.0359,50.4911],[-5.0407,50.4479],[-4.9939,50.4214],[-4.909,50.4027],[-4.8431,50.4369],[-4.7426,50.4221],[-4.6363,50.4428],[-4.609,50.534],[-4.4209,50.5419],[-4.3793,50.5724],[-4.2688,50.5353]]]},"properties":{"PCON24CD":"E14001385","PCON24NM":"North Cornwall"}},
{"type":"Feature","geometry":{"type":"Polygon","coordinates":[[[-1.6658,51.9875],[-1.6874,52.0375],[-1.7677,52.1126],[-1.8573,52.0522],[-1.8391,52.0068],[-1.8764,51.9681],[-1.9317,51.9573],[-1.9294,51.9047],[-2.0102,51.9029],[-2.0253,51.8657],[-2.0465,51.8583],[-2.0708,51.865],[-2.0975,51.8789],[-2.1424,51.8845],[-2.1369,51.8996],[-2.1976,51.8717],[-2.1773,51.8559],[-2.1901,51.8429],[-2.2234,51.8212],[-2.2275,51.8283],[-2.2566,51.8215],[-2.2629,51.8076],[-2.2991,51.8246],[-2.2985,51.8323],[-2.3541,51.7941],[-2.2889,51.7562],[-2.2388,51.7683],[-2.1722,51.7345],[-2.2006,51.6928],[-1.8959,51.764],[-1.8232,51.7188],[-1.6937,51.7216],[-1.6835,51.8687],[-1.6333,51.8996],[-1.6289,51.9532],[-1.6658,51.9875]]]},"properties":{"PCON24CD":"E14001386","PCON24NM":"North Cotswolds"}},
{"type":"Feature","geometry":{"type":"Polygon","coordinates":[[[-3.7208,51.2331],[-4.0878,51.2173],[-4.2143,51.1899],[-4.2168,51.0764],[-4.1072,51.0937],[-4.0505,51.0534],[-4.0503,51.0534],[-4.0505,51.0534],[-4.0923,51.0818],[-4.1061,51.0833],[-4.1059,51.0831],[-4.1044,51.0825],[-4.1032,51.082],[-4.102,51.0818],[-4.1015,51.0817],[-4.102,51.0818],[-4.1032,51.082],[-4.1044,51.0825],[-4.1064,51.0823],[-4.1059,51.0831],[-4.1061,51.0833],[-4.1128,51.0882],[-4.1133,51.0879],[-4.1128,51.0882],[-4.1143,51.0899],[-4.1177,51.0896],[-4.1175,51.0894],[-4.1177,51.0896],[-4.1119,51.0732],[-4.1544,51.0732],[-4.199,51.0277],[-4.1981,51.0212],[-4.0343,51.0076],[-3.9967,50.926],[-3.9042,50.9051],[-3.624,50.9218],[-3.5998,51.0517],[-3.8345,51.1384],[-3.7238,51.1808],[-3.7208,51.2331]]]},"properties":{"PCON24CD":"E14001387","PCON24NM":"North Devon"}},
{"type":"Feature","geometry":{"type":"Polygon","coordinates":[[[-2.218,51.0552],[-2.3259,51.0797],[-2.33,51.0413],[-2.4149,50.9606],[-2.4028,50.8934],[-2.331,50.8515],[-2.3822,50.7162],[-2.3037,50.7303],[-2.266,50.7599],[-2.1374,50.784],[-2.1044,50.8249],[-2.0206,50.8476],[-1.9739,50.8817],[-1.8818,50.8652],[-1.8509,50.8587],[-1.8486,50.8899],[-1.9568,50.9898],[-2.1003,50.9451],[-2.218,51.0552]]]},"properties":{"PCON24CD":"E14001388","PCON24NM":"North Dorset"}},
{"type":"Feature","geometry":{"type":"Polygon","coordinates":[[[-1.6748,54.9093],[-1.6976,54.9062],[-1.7439,54.8881],[-1.7906,54.8358],[-1.8765,54.8375],[-1.8814,54.8466],[-1.9524,54.8542],[-2.0298,54.8164],[-1.9755,54.7708],[-1.9453,54.7971],[-1.8813,54.7784],[-1.8059,54.8042],[-1.7175,54.7954],[-1.5036,54.8375],[-1.5065,54.8711],[-1.5192,54.8759],[-1.52,54.876],[-1.5799,54.8778],[-1.5942,54.902],[-1.6433,54.8789],[-1.6748,54.9093]]]},"properties":{"PCON24CD":"E14001389","PCON24NM":"North Durham"}},
{"type":"Feature","geometry":{"type":"MultiPolygon","coordinates":[[[[0.1838,52.6557],[0.1847,52.6779],[0.1541,52.6822],[0.1596,52.667],[0.1301,52.6418],[0.1228,52.638],[0.1042,52.6317],[0.089,52.6243],[0.0651,52.611],[0.0619,52.6066],[0.0385,52.602],[-0.1244,52.5767],[-0.187,52.5685],[-0.1979,52.5508],[-0.1144,52.4891],[-0.0709,52.5059],[-0.0093,52.4622],[0.0344,52.3857],[0.1238,52.421],[0.2363,52.5073],[0.2058,52.5339],[0.1838,52.6557]]],[[[0.1712,52.7382],[0.0441,52.7144],[-0.0313,52.6615],[-0.0128,52.5943],[0.0614,52.6067],[0.0655,52.6116],[0.0931,52.6269],[0.1047,52.6322],[0.1233,52.6384],[0.1305,52.6425],[0.1591,52.6667],[0.152,52.6762],[0.1557,52.7075],[0.1712,52.7382]]]]},"properties":{"PCON24CD":"E14001390","PCON24NM":"North East Cambridgeshire"}},
{"type":"Feature","geometry":{"type":"Polygon","coordinates":[[[-1.3247,53.3288],[-1.3376,53.3159],[-1.3899,53.3185],[-1.3907,53.336],[-1.4421,53.3374],[-1.4615,53.328],[-1.4552,53.3219],[-1.4961,53.3164],[-1.5484,53.307],[-1.5991,53.3113],[-1.569,53.2231],[-1.5397,53.1715],[-1.4698,53.1198],[-1.4441,53.1591],[-1.3932,53.1583],[-1.3646,53.1806],[-1.3956,53.2227],[-1.4208,53.2125],[-1.4412,53.2206],[-1.4676,53.2195],[-1.4813,53.2479],[-1.4608,53.2781],[-1.4232,53.2827],[-1.4222,53.2732],[-1.3688,53.2647],[-1.3498,53.2687],[-1.3313,53.2572],[-1.3026,53.2633],[-1.322,53.309],[-1.282,53.3095],[-1.3247,53.3288]]]},"properties":{"PCON24CD":"E14001391","PCON24NM":"North East Derbyshire"}},
{"type":"Feature","geometry":{"type":"Polygon","coordinates":[[[-0.9861,51.3628],[-1.1158,51.3605],[-1.0708,51.2977],[-1.0416,51.3023],[-1.0684,51.2663],[-1.0654,51.2579],[-1.1096,51.2376],[-1.0131,51.1877],[-0.8489,51.2107],[-0.8047,51.2451],[-0.8072,51.2757],[-0.7971,51.3024],[-0.8336,51.299],[-0.839,51.3223],[-0.831,51.3475],[-0.8429,51.3523],[-0.918,51.3648],[-0.9861,51.3628]]]},"properties":{"PCON24CD":"E14001392","PCON24NM":"North East Hampshire"}},
{"type":"Feature","geometry":{"type":"Polygon","coordinates":[[[0.0682,52.0058],[0.0403,52.0533],[-0.0163,52.063],[-0.1077,52.0284],[-0.1576,52.0804],[-0.2195,52.0367],[-0.2441,51.999],[-0.2323,51.9492],[-0.2059,51.9475],[-0.1622,51.9203],[-0.1393,51.9043],[-0.1389,51.8619],[-0.1684,51.8312],[-0.1836,51.8151],[-0.15,51.8018],[-0.1384,51.7373],[-0.0921,51.7432],[-0.0856,51.7789],[-0.1121,51.8107],[0.0168,51.8328],[0.0582,51.8737],[0.117,51.8593],[0.1248,51.8846],[0.0965,51.9843],[0.0682,52.0058]]]},"properties":{"PCON24CD":"E14001393","PCON24NM":"North East Hertfordshire"}},
{"type":"Feature","geometry":{"type":"Polygon","coordinates":[[[-2.4031,51.4316],[-2.4779,51.4685],[-2.4835,51.4555],[-2.4952,51.4508],[-2.5185,51.4557],[-2.5265,51.4432],[-2.5237,51.4299],[-2.536,51.4111],[-2.5588,51.4112],[-2.5708,51.3994],[-2.5901,51.3975],[-2.7079,51.3378],[-2.6951,51.3185],[-2.613,51.2842],[-2.5578,51.3027],[-2.4967,51.2905],[-2.4587,51.305],[-2.4682,51.3492],[-2.4142,51.3763],[-2.451,51.4028],[-2.4443,51.4224],[-2.4031,51.4316]]]},"properties":{"PCON24CD":"E14001394","PCON24NM":"North East Somerset and Hanham"}},
{"type":"Feature","geometry":{"type":"Polygon","coordinates":[[[-2.6181,52.3069],[-2.7124,52.3081],[-2.8182,52.3912],[-2.9547,52.3492],[-3.1001,52.2022],[-3.1049,52.1167],[-2.904,52.0828],[-2.7981,52.0508],[-2.7137,52.0747],[-2.604,51.9914],[-2.5896,51.9268],[-2.4679,51.9374],[-2.4965,51.9761],[-2.3514,52.0214],[-2.3587,52.1519],[-2.4331,52.172],[-2.3903,52.2304],[-2.4957,52.2569],[-2.629,52.2404],[-2.6181,52.3069]]]},"properties":{"PCON24CD":"E14001395","PCON24NM":"North Herefordshire"}},
{"type":"Feature","geometry":{"type":"MultiPolygon","coordinates":[[[[0.8682,52.9593],[0.8683,52.9582],[0.8687,52.9589],[0.8687,52.9591],[0.8682,52.9593]]],[[[0.8789,52.9592],[0.876,52.9591],[0.8722,52.957],[0.8737,52.957],[0.8779,52.9583],[0.8783,52.9591],[0.8789,52.9592]]],[[[0.8741,52.9605],[0.8737,52.9608],[0.8735,52.9608],[0.8733,52.9602],[0.8742,52.9605],[0.8741,52.9605]]],[[[0.9982,52.9588],[0.9951,52.9578],[0.9941,52.9579],[0.9939,52.9578],[0.9928,52.9578],[0.9924,52.9578],[0.9961,52.9565],[0.998,52.958],[0.9976,52.958],[0.9978,52.9582],[0.9982,52.9588]]],[[[0.8933,52.9605],[0.8885,52.9589],[0.8893,52.9587],[0.8902,52.9585],[0.8904,52.9578],[0.8909,52.9576],[0.891,52.9576],[0.8921,52.958],[0.8921,52.9581],[0.8921,52.958],[0.8916,52.9577],[0.8924,52.9574],[0.8939,52.9572],[0.8936,52.9587],[0.8933,52.9605]]],[[[0.9581,52.9599],[0.9547,52.9591],[0.955,52.959],[0.9552,52.9589],[0.9581,52.9575],[0.9593,52.9578],[0.9589,52.9577],[0.9583,52.9594],[0.9581,52.9596],[0.9581,52.9599]]],[[[0.9684,52.9608],[0.9688,52.9602],[0.9688,52.9604],[0.9684,52.9608]]],[[[0.859,52.9641],[0.8575,52.9644],[0.8573,52.964],[0.859,52.964],[0.859,52.9641]]],[[[0.8771,52.9632],[0.8766,52.9636],[0.8765,52.9639],[0.8765,52.964],[0.8764,52.9641],[0.8735,52.9608],[0.8737,52.9608],[0.8749,52.9609],[0.8751,52.9611],[0.8749,52.9609],[0.8741,52.9605],[0.8742,52.9605],[0.8768,52.9611],[0.8769,52.9612],[0.8768,52.9611],[0.8799,52.9633],[0.8798,52.9632],[0.8765,52.9639],[0.8766,52.9636],[0.8771,52.9632]]],[[[0.875,52.9641],[0.8744,52.9648],[0.8741,52.9646],[0.8737,52.9647],[0.8737,52.9648],[0.8735,52.9643],[0.8732,52.9643],[0.8735,52.9635],[0.8735,52.9634],[0.875,52.9641]]],[[[0.8631,52.9634],[0.8607,52.9641],[0.859,52.9641],[0.859,52.964],[0.8588,52.9635],[0.8589,52.9635],[0.8602,52.9633],[0.8596,52.9623],[0.8595,52.962],[0.8598,52.9617],[0.8631,52.9634]]],[[[0.8575,52.9644],[0.8537,52.9659],[0.8538,52.9606],[0.8574,52.9615],[0.8589,52.9614],[0.8598,52.9617],[0.8595,52.962],[0.8596,52.9623],[0.8602,52.9633],[0.8589,52.9635],[0.8588,52.9635],[0.8573,52.964],[0.8575,52.9644]]],[[[0.9593,52.9578],[0.9633,52.9601],[0.9513,52.9638],[0.9468,52.9615],[0.9471,52.9614],[0.9481,52.9617],[0.9487,52.9619],[0.9491,52.9622],[0.9487,52.9619],[0.9481,52.9617],[0.9471,52.9614],[0.9468,52.9615],[0.9471,52.9611],[0.9474,52.9611],[0.9493,52.9611],[0.9499,52.9611],[0.9511,52.9614],[0.9499,52.9611],[0.9493,52.9611],[0.9474,52.9611],[0.9471,52.9611],[0.9467,52.9608],[0.9472,52.9605],[0.9473,52.9605],[0.9478,52.9604],[0.9473,52.9605],[0.9472,52.9605],[0.9467,52.9608],[0.9465,52.9603],[0.9467,52.9602],[0.9465,52.9603],[0.9544,52.9599],[0.9581,52.9599],[0.9581,52.9596],[0.9583,52.9594],[0.9589,52.9577],[0.9593,52.9578]]],[[[0.9856,52.962],[0.9864,52.9595],[0.9863,52.9604],[0.9864,52.9595],[0.9883,52.9586],[0.9882,52.9586],[0.9924,52.9578],[0.9928,52.9578],[0.9939,52.9578],[0.9941,52.9579],[0.9939,52.9592],[0.9922,52.96],[0.9923,52.96],[0.9922,52.96],[0.9913,52.9591],[0.9895,52.96],[0.9892,52.9599],[0.9895,52.96],[0.9894,52.9604],[0.9893,52.9605],[0.9867,52.9621],[0.9868,52.962],[0.987,52.9619],[0.9871,52.9618],[0.987,52.9619],[0.9868,52.962],[0.9867,52.9621],[0.9866,52.962],[0.9865,52.9615],[0.9866,52.962],[0.9856,52.962]]],[[[0.8669,52.9656],[0.8651,52.9665],[0.8642,52.9663],[0.8648,52.9653],[0.8661,52.9648],[0.867,52.9655],[0.8669,52.9656]]],[[[0.8664,52.9667],[0.8662,52.9668],[0.8651,52.9665],[0.8666,52.9663],[0.8666,52.9664],[0.8664,52.9667]]],[[[0.8616,52.9678],[0.8607,52.9677],[0.8611,52.9676],[0.8616,52.9678]]],[[[0.8633,52.9676],[0.8632,52.9679],[0.8616,52.9678],[0.8611,52.9676],[0.8599,52.9647],[0.8601,52.9648],[0.8633,52.9676]]],[[[0.8631,52.9681],[0.8623,52.9681],[0.8624,52.968],[0.8632,52.9679],[0.8631,52.9681]]],[[[0.9294,52.9623],[0.9212,52.9668],[0.9189,52.9636],[0.919,52.9636],[0.9189,52.9636],[0.9208,52.9627],[0.9208,52.9629],[0.9206,52.9637],[0.9208,52.9629],[0.9208,52.9627],[0.9218,52.9623],[0.9218,52.9624],[0.9215,52.9631],[0.9218,52.9624],[0.9218,52.9623],[0.9235,52.9597],[0.9237,52.9597],[0.9243,52.9601],[0.9244,52.9601],[0.9254,52.9615],[0.9257,52.9618],[0.9254,52.9615],[0.9244,52.9601],[0.9243,52.9601],[0.9268,52.9596],[0.9272,52.9598],[0.933,52.9575],[0.933,52.9576],[0.9327,52.9593],[0.9327,52.9594],[0.9304,52.9592],[0.9302,52.9596],[0.9289,52.9597],[0.9288,52.9597],[0.9289,52.9597],[0.9302,52.9596],[0.9304,52.9592],[0.9327,52.9594],[0.9327,52.9593],[0.9341,52.9579],[0.9355,52.9596],[0.9342,52.9606],[0.9341,52.9603],[0.9339,52.9602],[0.9341,52.9603],[0.9342,52.9606],[0.9355,52.9596],[0.9366,52.9616],[0.9362,52.9617],[0.9358,52.9613],[0.9362,52.9617],[0.9366,52.9616],[0.9359,52.9627],[0.9329,52.9621],[0.9331,52.962],[0.9329,52.9621],[0.9294,52.9616],[0.9294,52.9623]]],[[[0.9059,52.9665],[0.9008,52.9669],[0.8997,52.9667],[0.8984,52.9664],[0.8982,52.9662],[0.8974,52.9655],[0.8973,52.9654],[0.8973,52.9653],[0.8936,52.9643],[0.8937,52.9632],[0.8928,52.9636],[0.8927,52.964],[0.8912,52.964],[0.8909,52.9636],[0.8914,52.9626],[0.8914,52.9625],[0.8916,52.9621],[0.8934,52.962],[0.8966,52.9625],[0.8971,52.9624],[0.8971,52.9626],[0.8971,52.9624],[0.8987,52.9623],[0.8987,52.9624],[0.8987,52.9623],[0.9011,52.9617],[0.901,52.9618],[0.9011,52.9617],[0.9063,52.966],[0.9061,52.9659],[0.9063,52.966],[0.906,52.9662],[0.9055,52.966],[0.906,52.9662],[0.9059,52.9665]]],[[[0.8662,52.9668],[0.8664,52.9667],[0.8666,52.9664],[0.8666,52.9663],[0.8669,52.9656],[0.867,52.9655],[0.8676,52.9652],[0.8685,52.965],[0.8676,52.9652],[0.8674,52.9649],[0.8682,52.9643],[0.8683,52.9642],[0.8701,52.9638],[0.8702,52.9637],[0.8701,52.9638],[0.8684,52.964],[0.8683,52.9642],[0.8682,52.9643],[0.8661,52.9648],[0.866,52.9647],[0.8661,52.9645],[0.866,52.9647],[0.8643,52.9644],[0.8644,52.9644],[0.8645,52.9643],[0.8648,52.964],[0.8645,52.9643],[0.8644,52.9644],[0.8643,52.9644],[0.8643,52.9634],[0.8659,52.9629],[0.8662,52.9629],[0.8659,52.9629],[0.8667,52.9614],[0.8675,52.9618],[0.8676,52.9618],[0.868,52.9621],[0.8689,52.9622],[0.8698,52.9625],[0.8689,52.9622],[0.8676,52.9618],[0.8675,52.9618],[0.8716,52.9602],[0.8735,52.9634],[0.8735,52.9635],[0.8732,52.9643],[0.8735,52.9643],[0.8737,52.9648],[0.8737,52.9647],[0.8741,52.9646],[0.8744,52.9648],[0.8755,52.9664],[0.874,52.9675],[0.8746,52.9662],[0.8741,52.9662],[0.874,52.9664],[0.8741,52.9662],[0.8746,52.9662],[0.874,52.9675],[0.8697,52.9674],[0.8697,52.9673],[0.8709,52.9668],[0.872,52.9659],[0.8721,52.9658],[0.8728,52.9653],[0.8735,52.9652],[0.8735,52.9653],[0.8735,52.9652],[0.8728,52.9653],[0.8721,52.9658],[0.8719,52.9657],[0.8718,52.9654],[0.8719,52.9657],[0.872,52.9659],[0.8709,52.9668],[0.8693,52.9669],[0.8692,52.9669],[0.8697,52.9659],[0.8692,52.9669],[0.8693,52.9669],[0.8697,52.9673],[0.8697,52.9674],[0.8659,52.9669],[0.868,52.9674],[0.8681,52.9674],[0.868,52.9674],[0.8659,52.9669],[0.8662,52.9668]]],[[[0.8632,52.9679],[0.8633,52.9676],[0.8649,52.9677],[0.865,52.9684],[0.8615,52.9682],[0.8624,52.968],[0.8623,52.9681],[0.8631,52.9681],[0.8632,52.9679]]],[[[0.8621,52.9694],[0.8611,52.9694],[0.8608,52.9689],[0.8611,52.9689],[0.8612,52.9686],[0.8611,52.9686],[0.8627,52.9692],[0.8621,52.9694]]],[[[1.0031,52.9589],[1.0041,52.9589],[1.0044,52.9589],[1.0044,52.9584],[1.0049,52.9582],[1.0048,52.9579],[1.0052,52.9575],[1.0053,52.9567],[1.0071,52.956],[1.0078,52.9565],[1.0078,52.9575],[1.0077,52.9575],[1.007,52.9567],[1.0077,52.9575],[1.0078,52.9575],[1.0066,52.9583],[1.0066,52.9582],[1.0066,52.9583],[1.0045,52.9609],[1.0046,52.9612],[1.0045,52.9609],[1.0068,52.9606],[1.0066,52.9608],[1.0065,52.961],[1.0062,52.9614],[1.0065,52.961],[1.0066,52.9608],[1.0068,52.9606],[1.0078,52.9609],[1.0078,52.961],[1.0078,52.9609],[1.0103,52.9599],[1.0106,52.9599],[1.0105,52.96],[1.0102,52.9604],[1.0097,52.9604],[1.0096,52.9608],[1.0097,52.9604],[1.0102,52.9604],[1.0105,52.96],[1.0106,52.9599],[1.0103,52.9599],[1.0114,52.9594],[1.0115,52.9595],[1.0114,52.9594],[1.0142,52.9589],[1.0143,52.9588],[1.0143,52.9587],[1.0143,52.9588],[1.0142,52.9589],[1.0159,52.9576],[1.0149,52.9593],[1.0146,52.959],[1.0149,52.9593],[1.0151,52.9595],[1.0141,52.9617],[1.0142,52.9616],[1.0141,52.9617],[1.0131,52.9616],[1.0139,52.9598],[1.0138,52.9598],[1.0139,52.9598],[1.0131,52.9616],[1.0105,52.9645],[1.0059,52.9659],[1.0048,52.9647],[0.9994,52.965],[0.9973,52.9632],[0.9958,52.9638],[0.9949,52.9643],[0.9889,52.9647],[0.9887,52.9644],[0.9889,52.9647],[0.9927,52.9623],[0.9928,52.9623],[0.9933,52.9624],[0.9935,52.9625],[0.9942,52.9625],[0.9935,52.9625],[0.9933,52.9624],[0.994,52.9616],[0.9941,52.9615],[0.994,52.9616],[0.9928,52.9623],[0.9927,52.9623],[0.9913,52.9618],[0.9912,52.9617],[0.9913,52.9618],[0.9929,52.961],[0.993,52.961],[0.9935,52.9611],[0.9936,52.961],[0.9935,52.9611],[0.993,52.961],[0.9929,52.961],[0.9942,52.9603],[0.9961,52.9598],[0.9964,52.9594],[0.9979,52.9626],[0.9971,52.9627],[0.9979,52.9626],[0.9985,52.9628],[0.9987,52.963],[0.999,52.9628],[0.9987,52.963],[0.9985,52.9628],[1.0008,52.9617],[1.001,52.9614],[1.0011,52.9612],[1.001,52.9614],[0.9982,52.9588],[0.9978,52.9582],[0.998,52.958],[0.9992,52.958],[0.9997,52.9581],[1.0003,52.9583],[1.0008,52.9586],[1.0009,52.9585],[1.0014,52.9582],[1.0031,52.9589]]],[[[1.0437,52.9659],[1.0427,52.964],[1.0428,52.964],[1.0442,52.9657],[1.0437,52.9659]]],[[[0.9009,52.968],[0.8934,52.971],[0.8958,52.9692],[0.8963,52.9695],[0.8958,52.9692],[0.8882,52.9665],[0.888,52.9658],[0.8882,52.9665],[0.8848,52.9653],[0.8852,52.9652],[0.8864,52.9647],[0.8852,52.9652],[0.8848,52.9653],[0.8808,52.9654],[0.8785,52.9666],[0.8785,52.9663],[0.8785,52.9666],[0.8764,52.9641],[0.8765,52.964],[0.877,52.9641],[0.8774,52.9642],[0.8798,52.9632],[0.8799,52.9633],[0.8807,52.9643],[0.8852,52.9638],[0.8848,52.9636],[0.8852,52.9638],[0.8801,52.9608],[0.8804,52.9608],[0.8801,52.9608],[0.8793,52.9602],[0.8821,52.9612],[0.8824,52.9612],[0.883,52.9611],[0.8824,52.9612],[0.8821,52.9612],[0.8858,52.9604],[0.8862,52.9603],[0.8881,52.9601],[0.888,52.9601],[0.8881,52.9601],[0.8881,52.9606],[0.888,52.9606],[0.8881,52.9606],[0.8896,52.9609],[0.8897,52.9609],[0.8896,52.9609],[0.8916,52.9621],[0.8914,52.9625],[0.8914,52.9626],[0.8909,52.9636],[0.8912,52.964],[0.8927,52.964],[0.8928,52.9636],[0.8937,52.9632],[0.8936,52.9643],[0.8973,52.9654],[0.8974,52.9655],[0.8982,52.9662],[0.8984,52.9664],[0.8997,52.9667],[0.9008,52.9669],[0.901,52.9674],[0.9033,52.9681],[0.9031,52.968],[0.9033,52.9681],[0.9009,52.968],[0.9005,52.968],[0.9009,52.968]]],[[[0.8875,52.9699],[0.886,52.9707],[0.8847,52.9706],[0.8847,52.9705],[0.8848,52.9703],[0.885,52.9695],[0.8854,52.969],[0.8867,52.9679],[0.8872,52.9685],[0.8875,52.9699]]],[[[0.8901,52.9709],[0.8875,52.9699],[0.8872,52.9685],[0.8921,52.9694],[0.8917,52.9697],[0.8921,52.9694],[0.8901,52.9709],[0.8898,52.9707],[0.8895,52.9706],[0.8898,52.9707],[0.8901,52.9709]]],[[[0.8847,52.9706],[0.8738,52.9782],[0.8598,52.9697],[0.8599,52.9698],[0.8598,52.9697],[0.8607,52.9686],[0.8611,52.9686],[0.8612,52.9686],[0.8611,52.9689],[0.8608,52.9689],[0.8611,52.9694],[0.8621,52.9694],[0.8627,52.9692],[0.8634,52.9712],[0.8633,52.9714],[0.8634,52.9719],[0.8633,52.9714],[0.8634,52.9712],[0.866,52.9702],[0.8657,52.9706],[0.8667,52.9724],[0.8661,52.9728],[0.866,52.9728],[0.8661,52.9728],[0.8667,52.9724],[0.8675,52.9727],[0.8657,52.9706],[0.866,52.9702],[0.8698,52.9699],[0.8697,52.9699],[0.868,52.9711],[0.8677,52.9712],[0.8678,52.9715],[0.8675,52.9714],[0.8674,52.9714],[0.8676,52.9715],[0.8674,52.9714],[0.8675,52.9714],[0.8678,52.9715],[0.8677,52.9712],[0.868,52.9711],[0.8696,52.9715],[0.8697,52.9699],[0.8698,52.9699],[0.8718,52.9697],[0.8719,52.9698],[0.8693,52.9731],[0.8685,52.9742],[0.8682,52.9744],[0.8685,52.9742],[0.8693,52.9731],[0.8726,52.9711],[0.8729,52.9715],[0.8726,52.9711],[0.872,52.97],[0.8722,52.9703],[0.8724,52.9702],[0.8728,52.9702],[0.8724,52.9702],[0.8722,52.9703],[0.872,52.97],[0.8719,52.9698],[0.8718,52.9697],[0.8741,52.9693],[0.8744,52.9694],[0.8741,52.9693],[0.8748,52.9692],[0.8751,52.97],[0.8748,52.9692],[0.8791,52.9684],[0.8791,52.9685],[0.8791,52.9684],[0.8802,52.968],[0.8803,52.968],[0.8802,52.968],[0.8867,52.9679],[0.8854,52.969],[0.885,52.9695],[0.8848,52.9703],[0.8847,52.9705],[0.8847,52.9706]]],[[[1.6748,52.7426],[1.4136,52.8908],[1.296,52.9338],[1.14,52.9493],[0.9952,52.9777],[0.9739,52.9803],[0.98,52.9731],[0.9804,52.9733],[0.9824,52.9746],[0.9825,52.9747],[0.9824,52.9746],[0.9847,52.9755],[0.9847,52.9756],[0.9863,52.9761],[0.9864,52.976],[0.9863,52.9761],[0.9847,52.9756],[0.9847,52.9755],[0.9833,52.9722],[0.9835,52.9725],[0.9836,52.9726],[0.9835,52.9725],[0.9833,52.9722],[0.9895,52.9723],[0.9898,52.9725],[0.9904,52.9731],[0.9904,52.9732],[0.9904,52.9733],[0.9904,52.9732],[0.9904,52.9731],[0.9913,52.9731],[0.9917,52.9736],[0.9913,52.9731],[0.9937,52.9734],[0.9933,52.9736],[0.9937,52.9734],[0.9944,52.9748],[0.9943,52.9749],[0.9944,52.9748],[0.9959,52.975],[0.9959,52.9751],[0.9959,52.975],[0.9969,52.9739],[0.9971,52.9742],[0.9972,52.9746],[0.9971,52.9742],[0.9974,52.9739],[0.9976,52.9729],[0.9988,52.9732],[0.9988,52.9734],[0.9992,52.9735],[0.9988,52.9734],[0.9988,52.9732],[0.9983,52.972],[0.9987,52.9718],[0.9983,52.972],[1.0025,52.971],[1.0029,52.9711],[1.004,52.9722],[1.0056,52.973],[1.0056,52.9731],[1.0056,52.973],[1.0091,52.973],[1.0163,52.971],[1.0161,52.971],[1.0158,52.9714],[1.0158,52.9715],[1.0162,52.9715],[1.0158,52.9715],[1.0158,52.9714],[1.0161,52.971],[1.0163,52.971],[1.0206,52.9708],[1.0208,52.9708],[1.0206,52.9708],[1.0253,52.9692],[1.0255,52.9692],[1.0253,52.9692],[1.0255,52.9688],[1.0258,52.9687],[1.0259,52.9687],[1.0269,52.9688],[1.0259,52.9687],[1.0258,52.9687],[1.0247,52.967],[1.0289,52.967],[1.0301,52.9679],[1.0437,52.9659],[1.0442,52.9657],[1.0443,52.9624],[1.0439,52.9624],[1.047,52.9594],[1.0472,52.9592],[1.047,52.9589],[1.046,52.958],[1.047,52.9589],[1.0472,52.9592],[1.047,52.9594],[1.0458,52.9594],[1.0455,52.9593],[1.0417,52.9537],[1.0403,52.9531],[1.0399,52.953],[1.0403,52.9531],[1.0427,52.9562],[1.0425,52.9563],[1.0427,52.9562],[1.0455,52.9593],[1.0458,52.9594],[1.0428,52.964],[1.0427,52.964],[1.0262,52.9656],[1.0259,52.9653],[1.026,52.9655],[1.0259,52.9655],[1.025,52.9655],[1.0249,52.9656],[1.0243,52.9654],[1.024,52.9655],[1.0243,52.9654],[1.0249,52.9656],[1.025,52.9655],[1.0259,52.9655],[1.026,52.9655],[1.0262,52.9656],[1.0242,52.9663],[1.0213,52.9651],[1.0179,52.9651],[1.0185,52.963],[1.0183,52.9611],[1.0154,52.9554],[1.0117,52.9574],[1.0118,52.9574],[1.0119,52.9572],[1.0117,52.9572],[1.0119,52.9572],[1.0118,52.9574],[1.0117,52.9574],[1.0107,52.9573],[1.0076,52.956],[1.0072,52.9558],[1.0053,52.9567],[1.0052,52.9575],[1.0047,52.9577],[1.0046,52.9577],[1.0038,52.9572],[1.0037,52.9572],[1.0032,52.9572],[1.003,52.9563],[1.0032,52.9572],[1.0032,52.9576],[1.0028,52.9579],[1.0012,52.9572],[1.001,52.9572],[0.9997,52.9581],[0.9992,52.958],[0.9966,52.9563],[0.9832,52.9592],[0.9827,52.9584],[0.9824,52.9583],[0.9816,52.9592],[0.9824,52.9583],[0.9827,52.9584],[0.9832,52.9592],[0.9787,52.96],[0.9787,52.9599],[0.9787,52.96],[0.9786,52.9606],[0.9785,52.9607],[0.9723,52.9621],[0.972,52.9621],[0.9713,52.9614],[0.9718,52.9616],[0.9713,52.9614],[0.9684,52.9608],[0.9692,52.9607],[0.9688,52.9604],[0.9688,52.9602],[0.97,52.9599],[0.9696,52.9591],[0.9644,52.9596],[0.9581,52.9571],[0.9548,52.9587],[0.955,52.959],[0.9547,52.9591],[0.946,52.959],[0.9458,52.9608],[0.9453,52.9608],[0.9458,52.9608],[0.945,52.9619],[0.9449,52.9621],[0.945,52.9619],[0.9415,52.9609],[0.9416,52.961],[0.9415,52.9609],[0.9417,52.9596],[0.939,52.9597],[0.9372,52.9594],[0.9376,52.9593],[0.9381,52.9589],[0.9376,52.9593],[0.9372,52.9594],[0.9362,52.958],[0.9364,52.9578],[0.9362,52.958],[0.933,52.9576],[0.933,52.9575],[0.9264,52.958],[0.9272,52.9598],[0.9268,52.9596],[0.9238,52.9576],[0.9237,52.9597],[0.9235,52.9597],[0.922,52.96],[0.922,52.9599],[0.9209,52.9597],[0.9214,52.9591],[0.9209,52.9597],[0.922,52.9599],[0.922,52.96],[0.9203,52.9609],[0.9194,52.9612],[0.9193,52.9612],[0.9188,52.9608],[0.9191,52.96],[0.9188,52.9608],[0.9193,52.9612],[0.9194,52.9612],[0.9171,52.9617],[0.9192,52.9592],[0.9189,52.9586],[0.9196,52.9583],[0.9189,52.9586],[0.9171,52.9593],[0.9177,52.9578],[0.9171,52.9593],[0.9147,52.9598],[0.9143,52.9619],[0.9138,52.9619],[0.9113,52.9614],[0.9095,52.9615],[0.9099,52.9577],[0.9055,52.9573],[0.9054,52.9573],[0.905,52.9572],[0.9054,52.9573],[0.9055,52.9573],[0.9073,52.9589],[0.9059,52.9586],[0.9047,52.9586],[0.9059,52.9586],[0.9073,52.9589],[0.9073,52.9593],[0.9042,52.9604],[0.9041,52.9599],[0.9025,52.9587],[0.9022,52.9583],[0.9023,52.9578],[0.9025,52.9576],[0.9023,52.9578],[0.9021,52.9579],[0.902,52.9575],[0.9019,52.9571],[0.901,52.9571],[0.9019,52.9571],[0.902,52.9575],[0.9021,52.9579],[0.9017,52.9581],[0.9013,52.9582],[0.9017,52.9581],[0.9022,52.9583],[0.9025,52.9587],[0.9041,52.9599],[0.9042,52.9604],[0.9016,52.96],[0.9013,52.96],[0.9016,52.96],[0.8978,52.9593],[0.8952,52.9598],[0.8954,52.9598],[0.8951,52.9597],[0.8947,52.9595],[0.8951,52.9597],[0.8954,52.9598],[0.8952,52.9598],[0.8933,52.9605],[0.8936,52.9587],[0.8939,52.9572],[0.8924,52.9574],[0.8916,52.9577],[0.891,52.9576],[0.8909,52.9576],[0.8901,52.9573],[0.8904,52.9578],[0.8902,52.9585],[0.8893,52.9587],[0.8885,52.9589],[0.8865,52.9587],[0.8866,52.9587],[0.8867,52.9577],[0.8866,52.9574],[0.8882,52.9571],[0.8883,52.9571],[0.8882,52.9571],[0.8864,52.9574],[0.8866,52.9574],[0.8867,52.9577],[0.8866,52.9587],[0.8865,52.9587],[0.8857,52.9591],[0.8851,52.9592],[0.8847,52.9592],[0.8851,52.9592],[0.8857,52.9591],[0.8833,52.9579],[0.8835,52.9578],[0.8847,52.9573],[0.8835,52.9578],[0.8833,52.9579],[0.8789,52.9592],[0.8783,52.9591],[0.8779,52.9583],[0.8788,52.9578],[0.8792,52.9578],[0.8807,52.9574],[0.8816,52.9572],[0.8807,52.9574],[0.8792,52.9578],[0.8788,52.9578],[0.8705,52.9563],[0.8689,52.957],[0.855,52.957],[0.8504,52.9591],[0.8454,52.9777],[0.7815,52.9784],[0.7879,52.9079],[0.8854,52.914],[0.9529,52.861],[1.1496,52.8121],[1.2766,52.8174],[1.4239,52.702],[1.5005,52.733],[1.5367,52.7071],[1.5489,52.7001],[1.559,52.7021],[1.5635,52.7023],[1.5685,52.7014],[1.5731,52.7026],[1.5765,52.7045],[1.5783,52.708],[1.5843,52.7114],[1.6266,52.7244],[1.6748,52.7426]],[[0.9786,52.9606],[0.972,52.9621],[0.9723,52.9621],[0.9785,52.9607],[0.9786,52.9606]]],[[[1.0003,52.9583],[1.001,52.9572],[1.0012,52.9572],[1.0014,52.9582],[1.0009,52.9585],[1.0008,52.9586],[1.0003,52.9583]]],[[[1.0047,52.9577],[1.0048,52.9579],[1.0049,52.9582],[1.0044,52.9584],[1.0044,52.9589],[1.0041,52.9589],[1.0031,52.9589],[1.0028,52.9579],[1.0032,52.9576],[1.0037,52.9572],[1.0038,52.9572],[1.0046,52.9577],[1.0047,52.9577]]]]},"properties":{"PCON24CD":"E14001396","PCON24NM":"North Norfolk"}},
{"type":"Feature","geometry":{"type":"MultiPolygon","coordinates":[[[[-1.5194,55.2069],[-1.6134,55.3799],[-1.6134,55.3798],[-1.6134,55.3799],[-1.6137,55.3944],[-1.6137,55.3942],[-1.6137,55.3944],[-1.6235,55.5523],[-1.7933,55.6482],[-1.7931,55.6481],[-1.7933,55.6482],[-1.8709,55.6658],[-1.8697,55.6665],[-1.8715,55.6763],[-1.877,55.685],[-1.8771,55.6852],[-1.877,55.685],[-2.0139,55.7715],[-2.0554,55.7572],[-2.1081,55.7559],[-2.1072,55.7546],[-2.1173,55.7384],[-2.1365,55.7404],[-2.2582,55.6447],[-2.1949,55.4446],[-2.3375,55.3673],[-2.1489,55.2873],[-2.0693,55.1773],[-1.8387,55.2757],[-1.6483,55.169],[-1.6367,55.1904],[-1.5911,55.205],[-1.5194,55.2069]]],[[[-2.0857,55.7627],[-2.0736,55.7613],[-2.0731,55.7612],[-2.0382,55.7693],[-2.0384,55.7689],[-2.0382,55.7693],[-2.0344,55.8111],[-2.0857,55.7627]]]]},"properties":{"PCON24CD":"E14001397","PCON24NM":"North Northumberland"}},
{"type":"Feature","geometry":{"type":"Polygon","coordinates":[[[-2.3707,52.9775],[-2.3808,52.9984],[-2.4752,52.9625],[-2.7268,52.9833],[-2.7285,52.9252],[-2.8004,52.8955],[-2.8402,52.9419],[-2.935,52.9418],[-2.9774,52.9673],[-3.096,52.9303],[-3.1584,52.7935],[-2.9737,52.7357],[-2.932,52.7879],[-2.8358,52.7666],[-2.7973,52.7904],[-2.6635,52.7604],[-2.6273,52.8813],[-2.4708,52.9059],[-2.3707,52.9775]]]},"properties":{"PCON24CD":"E14001398","PCON24NM":"North Shropshire"}},
{"type":"Feature","geometry":{"type":"Polygon","coordinates":[[[-2.7165,51.5006],[-2.7557,51.4938],[-2.7559,51.4938],[-2.7999,51.4852],[-2.8778,51.4326],[-2.8873,51.4134],[-2.8162,51.4238],[-2.781,51.404],[-2.7712,51.3436],[-2.7079,51.3378],[-2.5901,51.3975],[-2.6333,51.4035],[-2.6298,51.4147],[-2.6335,51.4358],[-2.6401,51.4405],[-2.6265,51.4504],[-2.6319,51.4577],[-2.6342,51.4667],[-2.6511,51.4737],[-2.6526,51.4792],[-2.6618,51.4866],[-2.6681,51.4814],[-2.6688,51.4813],[-2.6678,51.4823],[-2.6682,51.4824],[-2.6705,51.4812],[-2.6747,51.4798],[-2.6767,51.4797],[-2.6848,51.4812],[-2.6869,51.4834],[-2.6912,51.4865],[-2.6923,51.4862],[-2.6916,51.4868],[-2.694,51.4886],[-2.6968,51.4904],[-2.6971,51.4906],[-2.6992,51.4918],[-2.6993,51.4919],[-2.7012,51.4928],[-2.7038,51.4943],[-2.7165,51.5006]]]},"properties":{"PCON24CD":"E14001399","PCON24NM":"North Somerset"}},
{"type":"Feature","geometry":{"type":"Polygon","coordinates":[[[-1.5027,52.5645],[-1.5607,52.5961],[-1.5424,52.6536],[-1.5896,52.6873],[-1.645,52.6575],[-1.6398,52.6084],[-1.6656,52.5923],[-1.788,52.5879],[-1.7742,52.5646],[-1.756,52.5554],[-1.7435,52.5327],[-1.7535,52.513],[-1.7332,52.4921],[-1.682,52.4397],[-1.5955,52.4559],[-1.5349,52.4595],[-1.5,52.451],[-1.4928,52.4585],[-1.4708,52.457],[-1.4637,52.4908],[-1.5239,52.4936],[-1.5533,52.5134],[-1.5733,52.496],[-1.6119,52.4985],[-1.6439,52.5297],[-1.5724,52.5513],[-1.5493,52.5441],[-1.5027,52.5645]]]},"properties":{"PCON24CD":"E14001400","PCON24NM":"North Warwickshire and Bedworth"}},
{"type":"Feature","geometry":{"type":"Polygon","coordinates":[[[-0.2587,52.6516],[-0.3192,52.6751],[-0.3628,52.6601],[-0.4947,52.6403],[-0.4788,52.5736],[-0.425,52.5824],[-0.4135,52.5255],[-0.3558,52.5059],[-0.3423,52.4691],[-0.3895,52.4218],[-0.3297,52.4482],[-0.2302,52.4457],[-0.204,52.4692],[-0.0925,52.4228],[-0.0093,52.4622],[-0.0709,52.5059],[-0.1144,52.4891],[-0.1979,52.5508],[-0.187,52.5685],[-0.2677,52.5728],[-0.2871,52.5901],[-0.2809,52.6331],[-0.2587,52.6516]]]},"properties":{"PCON24CD":"E14001401","PCON24NM":"North West Cambridgeshire"}},
{"type":"Feature","geometry":{"type":"Polygon","coordinates":[[[0.3638,52.0436],[0.2762,52.0927],[0.106,52.0497],[0.0682,52.0058],[0.0965,51.9843],[0.1248,51.8846],[0.1677,51.8941],[0.1956,51.8681],[0.2846,51.8665],[0.3184,51.8389],[0.2862,51.8252],[0.2814,51.7895],[0.345,51.7662],[0.3389,51.7015],[0.3767,51.6985],[0.4473,51.714],[0.4467,51.7354],[0.435,51.7493],[0.4482,51.7574],[0.4769,51.7553],[0.5008,51.7631],[0.5325,51.7443],[0.5721,51.7519],[0.5302,51.8296],[0.4311,51.8318],[0.3849,51.9016],[0.4134,51.9298],[0.3081,52.0196],[0.3638,52.0436]]]},"properties":{"PCON24CD":"E14001402","PCON24NM":"North West Essex"}},
{"type":"Feature","geometry":{"type":"Polygon","coordinates":[[[-1.221,51.3676],[-1.4112,51.3729],[-1.4983,51.3294],[-1.536,51.2486],[-1.3088,51.1947],[-1.2486,51.1911],[-1.2195,51.2686],[-1.1774,51.2974],[-1.1396,51.2796],[-1.1129,51.2756],[-1.0698,51.2876],[-1.0708,51.2977],[-1.1158,51.3605],[-1.221,51.3676]]]},"properties":{"PCON24CD":"E14001403","PCON24NM":"North West Hampshire"}},
{"type":"Feature","geometry":{"type":"Polygon","coordinates":[[[-1.2679,52.8734],[-1.3193,52.8729],[-1.3794,52.8469],[-1.4623,52.7713],[-1.5548,52.762],[-1.5454,52.7282],[-1.5043,52.6872],[-1.4085,52.6734],[-1.3606,52.6765],[-1.3441,52.6949],[-1.2917,52.7094],[-1.2471,52.7364],[-1.3345,52.757],[-1.319,52.7854],[-1.2799,52.7838],[-1.2619,52.8104],[-1.2679,52.8734]]]},"properties":{"PCON24CD":"E14001404","PCON24NM":"North West Leicestershire"}},
{"type":"Feature","geometry":{"type":"MultiPolygon","coordinates":[[[[0.2675,52.8133],[0.2707,52.8129],[0.2692,52.8152],[0.2688,52.8159],[0.2675,52.8133]]],[[[0.2711,52.8138],[0.2692,52.8152],[0.2707,52.8129],[0.2713,52.8135],[0.2711,52.8138]]],[[[0.3642,52.7255],[0.3661,52.7895],[0.3659,52.7898],[0.359,52.8002],[0.3584,52.8005],[0.3552,52.8027],[0.3541,52.8023],[0.3542,52.802],[0.3543,52.802],[0.3542,52.802],[0.354,52.8022],[0.3541,52.8023],[0.3552,52.8027],[0.3552,52.8042],[0.3533,52.8029],[0.3552,52.8042],[0.3538,52.8056],[0.3528,52.8054],[0.3538,52.8056],[0.3484,52.8093],[0.3481,52.8092],[0.3484,52.8093],[0.3427,52.8097],[0.3439,52.8114],[0.3433,52.8114],[0.3439,52.8114],[0.3434,52.8131],[0.3433,52.813],[0.3431,52.8129],[0.3429,52.8129],[0.3423,52.8127],[0.3375,52.8112],[0.3423,52.8127],[0.3429,52.8129],[0.3431,52.8129],[0.3433,52.813],[0.3434,52.8131],[0.3163,52.8164],[0.3177,52.8152],[0.3163,52.8164],[0.292,52.8161],[0.292,52.816],[0.292,52.8161],[0.2804,52.8141],[0.281,52.8137],[0.2831,52.813],[0.281,52.8137],[0.2804,52.8141],[0.271,52.8147],[0.2712,52.8143],[0.271,52.8147],[0.2711,52.8138],[0.2713,52.8135],[0.2731,52.8113],[0.2731,52.8111],[0.2731,52.8113],[0.2675,52.8132],[0.2332,52.7603],[0.1721,52.7379],[0.1569,52.7079],[0.1541,52.6822],[0.1847,52.6779],[0.1838,52.6557],[0.3072,52.7259],[0.3642,52.7255]]],[[[0.7339,52.9638],[0.7339,52.9645],[0.7338,52.9639],[0.7339,52.9638]]],[[[0.7394,52.9647],[0.7392,52.9651],[0.739,52.9649],[0.7394,52.9646],[0.7394,52.9647]]],[[[0.7392,52.9651],[0.738,52.9645],[0.739,52.9649],[0.7392,52.9651]]],[[[0.7339,52.9645],[0.7381,52.9656],[0.7354,52.9667],[0.7358,52.9663],[0.7354,52.9667],[0.7351,52.9662],[0.7354,52.966],[0.7328,52.9648],[0.7329,52.9648],[0.7339,52.9645]]],[[[0.621,52.9679],[0.6171,52.9681],[0.6172,52.968],[0.6171,52.9681],[0.6154,52.9673],[0.6162,52.9674],[0.6164,52.9674],[0.6175,52.9676],[0.6206,52.9676],[0.621,52.9679]]],[[[0.7417,52.9673],[0.7389,52.9671],[0.7394,52.9668],[0.7389,52.9671],[0.7409,52.9663],[0.7418,52.9668],[0.7419,52.9669],[0.7418,52.9672],[0.7417,52.9673]]],[[[0.7473,52.9673],[0.7466,52.9669],[0.7472,52.967],[0.7473,52.9673]]],[[[0.7454,52.9684],[0.7417,52.9673],[0.7418,52.9672],[0.7419,52.9669],[0.7418,52.9668],[0.7435,52.9661],[0.7442,52.9658],[0.7455,52.9683],[0.7458,52.968],[0.7455,52.9683],[0.7454,52.9684],[0.7453,52.9685],[0.7452,52.9685],[0.7448,52.9686],[0.7452,52.9685],[0.7453,52.9685],[0.7454,52.9684]]],[[[0.7352,52.9719],[0.7345,52.972],[0.7343,52.9719],[0.7353,52.9718],[0.7352,52.9719]]],[[[0.7549,52.9711],[0.7564,52.9706],[0.7575,52.9713],[0.7571,52.9714],[0.7564,52.9714],[0.7561,52.9713],[0.7558,52.971],[0.7556,52.971],[0.7549,52.9711]]],[[[0.7501,52.9717],[0.7475,52.9719],[0.7476,52.9718],[0.7488,52.9715],[0.749,52.9714],[0.7498,52.9713],[0.7501,52.9717]]],[[[0.7113,52.9728],[0.7108,52.9732],[0.7108,52.9731],[0.7099,52.9727],[0.7098,52.9727],[0.7112,52.9727],[0.7113,52.9728]]],[[[0.7164,52.9722],[0.7177,52.9732],[0.7174,52.9731],[0.7173,52.9731],[0.7164,52.973],[0.7162,52.973],[0.7153,52.9728],[0.7158,52.9725],[0.7159,52.9725],[0.7164,52.9722]]],[[[0.7113,52.9728],[0.7112,52.9727],[0.7164,52.9722],[0.7159,52.9725],[0.7102,52.9737],[0.7102,52.9735],[0.7102,52.9737],[0.7108,52.9731],[0.7108,52.9732],[0.7114,52.9729],[0.7113,52.9728]]],[[[0.7295,52.9742],[0.7294,52.9742],[0.7293,52.9741],[0.7304,52.9739],[0.7296,52.9742],[0.7295,52.9742]]],[[[0.7265,52.9722],[0.7278,52.9731],[0.7216,52.9745],[0.7215,52.9745],[0.7205,52.9738],[0.7205,52.9734],[0.7212,52.9733],[0.7208,52.9728],[0.7207,52.9723],[0.7212,52.9719],[0.7213,52.972],[0.7215,52.972],[0.7215,52.9721],[0.7215,52.972],[0.7228,52.9722],[0.7265,52.9722]]],[[[0.7216,52.9745],[0.7212,52.9747],[0.7202,52.9744],[0.7202,52.9743],[0.719,52.9739],[0.7186,52.9726],[0.7206,52.9718],[0.7205,52.9734],[0.7205,52.9738],[0.7196,52.9737],[0.7195,52.9737],[0.7196,52.9737],[0.7215,52.9745],[0.7216,52.9745]]],[[[0.7273,52.9739],[0.7288,52.9746],[0.7281,52.9745],[0.7251,52.9746],[0.7253,52.9744],[0.7272,52.9738],[0.7273,52.9739]]],[[[0.7391,52.9743],[0.7388,52.975],[0.7355,52.9754],[0.7343,52.9747],[0.7359,52.9746],[0.736,52.9746],[0.7364,52.9746],[0.7376,52.9747],[0.7384,52.9746],[0.7386,52.9745],[0.7391,52.9743]]],[[[0.7325,52.9757],[0.7317,52.9756],[0.7316,52.9755],[0.7317,52.9756],[0.7294,52.9742],[0.7302,52.9744],[0.732,52.975],[0.7325,52.9755],[0.7325,52.9757]]],[[[0.7325,52.9757],[0.7325,52.9755],[0.732,52.975],[0.7302,52.9744],[0.7295,52.9742],[0.7296,52.9742],[0.7326,52.9742],[0.7343,52.9755],[0.7325,52.9757]]],[[[0.7086,52.9769],[0.7085,52.9773],[0.7081,52.9774],[0.7079,52.9773],[0.7082,52.9769],[0.7086,52.9769]]],[[[0.7255,52.9775],[0.7174,52.9766],[0.7108,52.9769],[0.7092,52.9778],[0.7089,52.9776],[0.7088,52.9775],[0.7088,52.9774],[0.7085,52.9773],[0.7086,52.9769],[0.7082,52.9769],[0.708,52.9749],[0.7082,52.9752],[0.7083,52.9754],[0.7084,52.9757],[0.7083,52.9754],[0.7082,52.9752],[0.708,52.9749],[0.7089,52.9751],[0.7089,52.9754],[0.7089,52.9751],[0.7101,52.9747],[0.7101,52.9749],[0.7096,52.9752],[0.7102,52.9756],[0.7102,52.9757],[0.7102,52.9756],[0.7119,52.9751],[0.7143,52.9745],[0.7142,52.9745],[0.7143,52.9745],[0.7141,52.9736],[0.7149,52.9733],[0.715,52.9736],[0.7152,52.9738],[0.7154,52.9741],[0.7152,52.9742],[0.7155,52.9742],[0.7154,52.9741],[0.7152,52.9738],[0.7149,52.9733],[0.7141,52.9736],[0.7158,52.9725],[0.7153,52.9728],[0.7162,52.973],[0.7164,52.973],[0.7173,52.9731],[0.717,52.9733],[0.7167,52.9734],[0.7164,52.9736],[0.7163,52.9736],[0.7165,52.9739],[0.7163,52.9736],[0.7164,52.9736],[0.7167,52.9734],[0.717,52.9733],[0.7174,52.9731],[0.7177,52.9732],[0.7186,52.974],[0.7202,52.9743],[0.7202,52.9744],[0.7186,52.9743],[0.7182,52.9742],[0.7181,52.9742],[0.7182,52.9742],[0.7186,52.9743],[0.721,52.9748],[0.7244,52.9749],[0.7271,52.9747],[0.7271,52.9752],[0.7271,52.9753],[0.7254,52.9759],[0.7254,52.976],[0.7254,52.9759],[0.7271,52.9753],[0.7271,52.9752],[0.7281,52.9745],[0.7288,52.9746],[0.7295,52.9755],[0.7294,52.9755],[0.7292,52.9753],[0.7291,52.9752],[0.7289,52.9751],[0.7281,52.9751],[0.728,52.9753],[0.7281,52.9751],[0.7289,52.9751],[0.7288,52.9751],[0.7291,52.9752],[0.7292,52.9753],[0.7294,52.9755],[0.7295,52.9755],[0.7316,52.9761],[0.7303,52.9764],[0.7301,52.9767],[0.7303,52.9764],[0.7297,52.9768],[0.7278,52.9766],[0.7279,52.9766],[0.7278,52.9766],[0.7272,52.977],[0.7271,52.9771],[0.7262,52.9772],[0.7263,52.9771],[0.7265,52.9767],[0.7263,52.9771],[0.7262,52.9772],[0.7253,52.9775],[0.7255,52.9775]]],[[[0.7089,52.9776],[0.7079,52.9773],[0.7081,52.9774],[0.7088,52.9775],[0.7089,52.9776]]],[[[0.7136,52.9775],[0.7145,52.9786],[0.7138,52.9786],[0.7136,52.9775]]],[[[0.7186,52.9775],[0.7189,52.9785],[0.7187,52.9785],[0.7183,52.9785],[0.7182,52.9784],[0.7182,52.9783],[0.7182,52.9782],[0.7181,52.9779],[0.7179,52.9778],[0.7172,52.9772],[0.7197,52.9774],[0.7196,52.9774],[0.7195,52.9774],[0.7192,52.9774],[0.7191,52.9774],[0.7186,52.9774],[0.7179,52.9775],[0.7186,52.9775]]],[[[0.721,52.9779],[0.72,52.9785],[0.7199,52.9785],[0.7193,52.9784],[0.719,52.9782],[0.7186,52.9775],[0.7186,52.9774],[0.7191,52.9774],[0.7192,52.9774],[0.7195,52.9774],[0.7196,52.9774],[0.7197,52.9774],[0.721,52.9779]]],[[[0.7157,52.9787],[0.7142,52.9775],[0.7148,52.9776],[0.7149,52.9778],[0.7157,52.9785],[0.7158,52.9786],[0.7157,52.9787]]],[[[0.7168,52.9784],[0.7162,52.9787],[0.7157,52.9785],[0.7149,52.9778],[0.7148,52.9776],[0.7169,52.9784],[0.7168,52.9784]]],[[[0.7162,52.9787],[0.7157,52.9789],[0.7135,52.979],[0.7131,52.979],[0.7138,52.9786],[0.7145,52.9786],[0.7157,52.9787],[0.7158,52.9786],[0.7162,52.9787]]],[[[0.7211,52.9785],[0.721,52.9779],[0.7213,52.9779],[0.7221,52.9779],[0.7217,52.979],[0.7213,52.9788],[0.7211,52.9785]]],[[[0.7333,52.9788],[0.7324,52.9788],[0.7323,52.9788],[0.7316,52.9788],[0.7315,52.9788],[0.7313,52.9786],[0.7311,52.9784],[0.7335,52.9768],[0.7356,52.977],[0.7355,52.977],[0.7351,52.977],[0.7355,52.977],[0.7356,52.977],[0.7375,52.9774],[0.7374,52.9774],[0.7375,52.9774],[0.737,52.9777],[0.7367,52.9777],[0.737,52.9777],[0.7364,52.9786],[0.7333,52.9788]]],[[[0.726,52.9788],[0.7247,52.9793],[0.7244,52.9783],[0.7247,52.9784],[0.725,52.9783],[0.7252,52.9788],[0.7253,52.9788],[0.726,52.9788]]],[[[0.7287,52.9782],[0.7327,52.977],[0.7311,52.9784],[0.7313,52.9786],[0.7315,52.9788],[0.7316,52.9788],[0.7323,52.9788],[0.7324,52.9788],[0.7323,52.979],[0.732,52.979],[0.7317,52.9791],[0.732,52.979],[0.7323,52.979],[0.7318,52.9795],[0.7311,52.9794],[0.7295,52.9782],[0.7287,52.9782]]],[[[0.7318,52.9795],[0.7328,52.9797],[0.7295,52.9792],[0.729,52.9791],[0.7262,52.9791],[0.726,52.9788],[0.7253,52.9788],[0.725,52.9783],[0.7247,52.9784],[0.7244,52.9783],[0.7268,52.9781],[0.7274,52.9783],[0.7287,52.9782],[0.7295,52.9782],[0.7311,52.9794],[0.7318,52.9795]]],[[[0.7397,52.9786],[0.7402,52.9777],[0.7405,52.9776],[0.7412,52.9775],[0.7399,52.9783],[0.7397,52.9786]]],[[[0.7352,52.9719],[0.7353,52.9718],[0.7355,52.9704],[0.7375,52.9686],[0.7404,52.9688],[0.7409,52.9691],[0.7402,52.9698],[0.7395,52.9701],[0.7375,52.9705],[0.7369,52.9706],[0.7375,52.9705],[0.7392,52.9706],[0.7393,52.9706],[0.7397,52.9708],[0.7393,52.9706],[0.7392,52.9706],[0.7395,52.9701],[0.7402,52.9698],[0.7413,52.9697],[0.7413,52.9699],[0.7414,52.9702],[0.7413,52.9699],[0.7413,52.9697],[0.742,52.9711],[0.7431,52.9714],[0.7431,52.9715],[0.7426,52.9717],[0.7431,52.9715],[0.7431,52.9714],[0.7476,52.9718],[0.7475,52.9719],[0.7501,52.9718],[0.7504,52.9724],[0.7501,52.9725],[0.75,52.9726],[0.7501,52.9725],[0.7504,52.9724],[0.7501,52.9718],[0.7501,52.9717],[0.7498,52.9713],[0.749,52.9714],[0.7488,52.9715],[0.7471,52.9679],[0.7512,52.9718],[0.7511,52.9717],[0.7512,52.9718],[0.7479,52.9748],[0.7461,52.9742],[0.7461,52.974],[0.7438,52.9741],[0.7436,52.9742],[0.7438,52.9741],[0.7461,52.974],[0.7461,52.9742],[0.7391,52.9743],[0.7386,52.9745],[0.7384,52.9746],[0.7369,52.9741],[0.7376,52.9747],[0.7364,52.9746],[0.736,52.9746],[0.7359,52.9746],[0.7342,52.9743],[0.7341,52.9743],[0.7342,52.9742],[0.7341,52.9743],[0.7306,52.973],[0.7265,52.9722],[0.7235,52.9717],[0.7181,52.9717],[0.7052,52.9732],[0.7019,52.9748],[0.7021,52.9748],[0.7019,52.9748],[0.7002,52.975],[0.6795,52.9716],[0.6788,52.9711],[0.6777,52.9675],[0.6746,52.9675],[0.6739,52.9674],[0.6554,52.9673],[0.6583,52.9682],[0.6582,52.9683],[0.6579,52.9687],[0.6577,52.969],[0.6579,52.9687],[0.6582,52.9683],[0.6583,52.9682],[0.6555,52.9689],[0.6551,52.969],[0.6555,52.9689],[0.6497,52.967],[0.6498,52.967],[0.6497,52.967],[0.6414,52.9677],[0.6411,52.9678],[0.6378,52.9679],[0.6361,52.9678],[0.6378,52.9679],[0.6411,52.9678],[0.6414,52.9677],[0.6407,52.9693],[0.6407,52.9694],[0.6407,52.9693],[0.6418,52.9697],[0.6399,52.97],[0.6394,52.9699],[0.6397,52.97],[0.6399,52.97],[0.6418,52.9697],[0.6452,52.9712],[0.645,52.9713],[0.6443,52.9717],[0.6438,52.9719],[0.6443,52.9717],[0.645,52.9713],[0.6452,52.9712],[0.6462,52.9711],[0.6471,52.9717],[0.6462,52.9711],[0.6482,52.9701],[0.6534,52.9707],[0.6553,52.9723],[0.6543,52.9723],[0.6553,52.9723],[0.6662,52.972],[0.6658,52.9721],[0.6662,52.972],[0.6676,52.9723],[0.6724,52.9727],[0.6633,52.9787],[0.6264,52.9702],[0.6264,52.9695],[0.6245,52.9681],[0.6222,52.968],[0.621,52.9679],[0.6206,52.9676],[0.6175,52.9676],[0.6164,52.9674],[0.6162,52.9674],[0.6154,52.9673],[0.5972,52.9731],[0.5972,52.9733],[0.5972,52.9731],[0.5995,52.9697],[0.5987,52.9707],[0.5995,52.9697],[0.5994,52.9671],[0.5995,52.9671],[0.5994,52.9671],[0.5946,52.9677],[0.5913,52.9656],[0.5864,52.9694],[0.5865,52.9693],[0.5873,52.9685],[0.5873,52.9684],[0.5873,52.9685],[0.5865,52.9687],[0.5864,52.9684],[0.5867,52.9682],[0.5892,52.9663],[0.5867,52.9682],[0.5864,52.9684],[0.5865,52.9687],[0.5865,52.9693],[0.5864,52.9694],[0.5825,52.97],[0.5827,52.9693],[0.5825,52.97],[0.5787,52.9688],[0.5766,52.9647],[0.5769,52.9647],[0.5766,52.9647],[0.5736,52.9659],[0.5734,52.9659],[0.5736,52.9659],[0.5667,52.9708],[0.5666,52.9708],[0.5667,52.9708],[0.5633,52.972],[0.5634,52.9721],[0.5637,52.9724],[0.5634,52.9721],[0.5633,52.972],[0.4898,52.9476],[0.4451,52.8455],[0.4448,52.845],[0.4451,52.8447],[0.4461,52.8437],[0.4451,52.8447],[0.4446,52.8446],[0.4446,52.8445],[0.4446,52.8446],[0.4448,52.845],[0.4451,52.8455],[0.4219,52.848],[0.4139,52.8403],[0.4065,52.8387],[0.4099,52.8342],[0.4103,52.8348],[0.4132,52.8342],[0.4103,52.8348],[0.4099,52.8342],[0.3765,52.8125],[0.3799,52.8135],[0.3765,52.8125],[0.3759,52.8119],[0.3672,52.8094],[0.3668,52.8092],[0.3672,52.8091],[0.3669,52.8088],[0.3672,52.8091],[0.3668,52.8092],[0.3672,52.8094],[0.3639,52.8101],[0.3639,52.8097],[0.3648,52.8092],[0.3649,52.809],[0.3648,52.8092],[0.3639,52.8097],[0.3639,52.8101],[0.3617,52.8102],[0.3617,52.8101],[0.3617,52.8102],[0.3604,52.8103],[0.3627,52.804],[0.3628,52.8039],[0.3633,52.804],[0.3628,52.8039],[0.3627,52.804],[0.3639,52.8022],[0.3641,52.8022],[0.3639,52.8022],[0.3666,52.7978],[0.3685,52.7951],[0.3687,52.7952],[0.3685,52.7951],[0.3768,52.787],[0.3767,52.787],[0.3748,52.7863],[0.3747,52.7864],[0.3748,52.7863],[0.3767,52.787],[0.3768,52.787],[0.3666,52.7255],[0.3869,52.6881],[0.6969,52.7009],[0.7079,52.7885],[0.791,52.8599],[0.7879,52.9079],[0.7815,52.9784],[0.7598,52.9787],[0.7579,52.9756],[0.7595,52.9762],[0.7613,52.9752],[0.7616,52.9751],[0.7613,52.9752],[0.7602,52.9754],[0.7601,52.9751],[0.76,52.9746],[0.7601,52.9751],[0.7602,52.9754],[0.7567,52.9757],[0.7574,52.974],[0.7575,52.9739],[0.7577,52.9738],[0.758,52.9737],[0.7581,52.9737],[0.758,52.9737],[0.7577,52.9738],[0.7577,52.9735],[0.7578,52.9733],[0.7577,52.9735],[0.7575,52.9739],[0.7574,52.974],[0.7564,52.9729],[0.7559,52.9732],[0.7558,52.9733],[0.7559,52.9732],[0.7564,52.9729],[0.7561,52.9725],[0.7549,52.9711],[0.7556,52.971],[0.7558,52.971],[0.7561,52.9713],[0.7564,52.9714],[0.7571,52.9715],[0.7575,52.9713],[0.7467,52.965],[0.7394,52.9647],[0.7394,52.9646],[0.738,52.9645],[0.7316,52.9625],[0.7319,52.9625],[0.7316,52.9625],[0.7343,52.9719],[0.7345,52.972],[0.7348,52.9727],[0.7351,52.9729],[0.7379,52.9732],[0.7395,52.9724],[0.7396,52.9724],[0.7394,52.9719],[0.7397,52.9718],[0.7399,52.9718],[0.7398,52.9717],[0.7397,52.9718],[0.7394,52.9719],[0.7396,52.9724],[0.7395,52.9724],[0.7383,52.9725],[0.7372,52.9719],[0.7379,52.9714],[0.738,52.9713],[0.7379,52.9714],[0.7372,52.9719],[0.7367,52.9727],[0.7367,52.9726],[0.7367,52.9727],[0.7349,52.9726],[0.7352,52.9719]]],[[[0.6963,52.9837],[0.6961,52.9838],[0.6961,52.9833],[0.6963,52.9836],[0.6963,52.9837]]],[[[0.74,52.9796],[0.7422,52.9784],[0.744,52.979],[0.7441,52.9792],[0.744,52.979],[0.6974,52.9874],[0.6814,52.9855],[0.6816,52.9847],[0.6811,52.9843],[0.6816,52.9847],[0.6814,52.9855],[0.6847,52.9798],[0.6863,52.982],[0.6862,52.9824],[0.6863,52.982],[0.6882,52.9812],[0.6879,52.9815],[0.6882,52.9812],[0.6885,52.9815],[0.6884,52.9816],[0.6885,52.9815],[0.6955,52.9811],[0.6951,52.9812],[0.6955,52.9811],[0.6951,52.982],[0.6936,52.9835],[0.6935,52.9835],[0.6921,52.9835],[0.692,52.9836],[0.6919,52.9836],[0.6916,52.9838],[0.6904,52.9846],[0.6902,52.9846],[0.6904,52.9846],[0.6905,52.9847],[0.6906,52.9849],[0.6905,52.9847],[0.6916,52.9838],[0.6919,52.9836],[0.692,52.9836],[0.6921,52.9835],[0.6935,52.9835],[0.6936,52.9835],[0.6937,52.9836],[0.6934,52.9837],[0.6931,52.9838],[0.6928,52.9839],[0.6931,52.9838],[0.6934,52.9837],[0.6937,52.9836],[0.6947,52.9846],[0.6948,52.9847],[0.6947,52.9847],[0.6948,52.9847],[0.6947,52.9846],[0.696,52.984],[0.6964,52.9839],[0.6963,52.9837],[0.6963,52.9836],[0.6972,52.9849],[0.6972,52.985],[0.6972,52.9849],[0.6981,52.9848],[0.6988,52.9845],[0.6993,52.9843],[0.6997,52.9847],[0.6994,52.9849],[0.6997,52.9847],[0.6993,52.9843],[0.6989,52.9832],[0.699,52.9832],[0.6989,52.9832],[0.6986,52.9822],[0.7006,52.9806],[0.7007,52.9807],[0.7008,52.9808],[0.7007,52.9807],[0.7006,52.9806],[0.6999,52.98],[0.7015,52.9798],[0.7017,52.9801],[0.7018,52.9802],[0.702,52.9804],[0.7023,52.9808],[0.7023,52.9809],[0.7022,52.9811],[0.7023,52.9809],[0.7023,52.9808],[0.702,52.9804],[0.7018,52.9802],[0.7024,52.9803],[0.7024,52.9804],[0.7024,52.9803],[0.7017,52.9801],[0.7015,52.9798],[0.7047,52.9795],[0.7047,52.9796],[0.7046,52.9797],[0.7047,52.9797],[0.7047,52.9796],[0.7047,52.9795],[0.705,52.9803],[0.7043,52.982],[0.7043,52.9824],[0.7042,52.9828],[0.7042,52.9829],[0.7042,52.9828],[0.7045,52.9826],[0.7043,52.9824],[0.7043,52.982],[0.7103,52.979],[0.7099,52.9792],[0.7103,52.979],[0.7112,52.9791],[0.7105,52.9795],[0.7112,52.9791],[0.7107,52.981],[0.7104,52.9809],[0.7107,52.981],[0.7132,52.9832],[0.7141,52.9834],[0.7142,52.9834],[0.7141,52.9834],[0.7132,52.9832],[0.7131,52.9794],[0.7131,52.979],[0.7135,52.979],[0.7157,52.9789],[0.7163,52.9793],[0.7162,52.9793],[0.7163,52.9793],[0.7173,52.979],[0.7172,52.9815],[0.7171,52.9818],[0.7175,52.9818],[0.7177,52.9818],[0.7175,52.9818],[0.7171,52.9818],[0.7172,52.9815],[0.7173,52.979],[0.7176,52.9787],[0.7179,52.9778],[0.7181,52.9779],[0.7182,52.9782],[0.7182,52.9783],[0.7182,52.9784],[0.7183,52.9785],[0.7194,52.9791],[0.7195,52.9792],[0.7199,52.9792],[0.72,52.9794],[0.7185,52.9799],[0.7199,52.9804],[0.7199,52.9805],[0.7188,52.9803],[0.7199,52.9806],[0.72,52.9807],[0.7218,52.9821],[0.7218,52.9822],[0.7218,52.9821],[0.72,52.9807],[0.7199,52.9806],[0.7199,52.9805],[0.7199,52.9804],[0.72,52.9794],[0.7199,52.9792],[0.7213,52.9788],[0.7217,52.979],[0.7229,52.9797],[0.7262,52.9791],[0.729,52.9791],[0.7295,52.9792],[0.7298,52.9798],[0.7302,52.98],[0.7326,52.9805],[0.7355,52.9791],[0.7353,52.9791],[0.7355,52.9791],[0.7362,52.9797],[0.7373,52.9787],[0.7373,52.9788],[0.7372,52.9796],[0.7373,52.9788],[0.7373,52.9787],[0.7374,52.9786],[0.7381,52.9799],[0.74,52.9796]]],[[[0.7195,52.9785],[0.719,52.9785],[0.719,52.9782],[0.7193,52.9784],[0.7195,52.9785]]]]},"properties":{"PCON24CD":"E14001405","PCON24NM":"North West Norfolk"}},
{"type":"Feature","geometry":{"type":"Polygon","coordinates":[[[-0.8153,52.275],[-0.8276,52.281],[-0.8851,52.2754],[-0.8947,52.2803],[-0.955,52.262],[-0.9237,52.2473],[-0.8964,52.2308],[-0.8876,52.2377],[-0.8614,52.2402],[-0.8687,52.2494],[-0.8383,52.2537],[-0.8211,52.2609],[-0.8153,52.275]]]},"properties":{"PCON24CD":"E14001406","PCON24NM":"Northampton North"}},
{"type":"Feature","geometry":{"type":"Polygon","coordinates":[[[-0.7914,52.2422],[-0.803,52.2667],[-0.8153,52.275],[-0.8211,52.2609],[-0.8383,52.2537],[-0.8687,52.2494],[-0.8614,52.2402],[-0.8876,52.2377],[-0.8964,52.2308],[-0.9237,52.2473],[-0.955,52.262],[-0.9618,52.2595],[-0.9677,52.2187],[-0.932,52.2067],[-0.8943,52.1861],[-0.8658,52.2048],[-0.837,52.2117],[-0.8409,52.237],[-0.7914,52.2422]]]},"properties":{"PCON24CD":"E14001407","PCON24NM":"Northampton South"}},
{"type":"Feature","geometry":{"type":"Polygon","coordinates":[[[1.368,52.6252],[1.3723,52.6438],[1.3517,52.6708],[1.3149,52.6714],[1.283,52.6773],[1.2512,52.6723],[1.217,52.6933],[1.2176,52.673],[1.2066,52.6609],[1.2222,52.6731],[1.2485,52.6477],[1.2593,52.6385],[1.2833,52.6416],[1.3271,52.6302],[1.3253,52.6232],[1.368,52.6252]]]},"properties":{"PCON24CD":"E14001408","PCON24NM":"Norwich North"}},
{"type":"Feature","geometry":{"type":"Polygon","coordinates":[[[1.2485,52.6477],[1.2307,52.655],[1.2099,52.6505],[1.2051,52.6395],[1.2129,52.6271],[1.2285,52.6217],[1.2578,52.5981],[1.2873,52.5967],[1.3127,52.6131],[1.3202,52.6192],[1.3196,52.6203],[1.3253,52.6232],[1.3271,52.6302],[1.2833,52.6416],[1.2593,52.6385],[1.2485,52.6477]]]},"properties":{"PCON24CD":"E14001409","PCON24NM":"Norwich South"}},
{"type":"Feature","geometry":{"type":"Polygon","coordinates":[[[-1.0861,52.9486],[-1.1041,52.9641],[-1.1201,52.9678],[-1.1237,52.9835],[-1.1524,52.9966],[-1.1651,52.9908],[-1.1842,52.9608],[-1.1727,52.9624],[-1.1637,52.9436],[-1.1455,52.9473],[-1.1316,52.9429],[-1.0997,52.942],[-1.0861,52.9486]]]},"properties":{"PCON24CD":"E14001410","PCON24NM":"Nottingham East"}},
{"type":"Feature","geometry":{"type":"Polygon","coordinates":[[[-1.2413,53.0312],[-1.2771,53.006],[-1.2782,52.9853],[-1.26,52.9661],[-1.2408,52.9631],[-1.2244,52.9735],[-1.1979,52.9599],[-1.1842,52.9608],[-1.1651,52.9908],[-1.1524,52.9966],[-1.1435,53.0065],[-1.1827,53.0186],[-1.2102,53.0181],[-1.2224,53.0085],[-1.2413,53.0312]]]},"properties":{"PCON24CD":"E14001411","PCON24NM":"Nottingham North and Kimberley"}},
{"type":"Feature","geometry":{"type":"Polygon","coordinates":[[[-1.1842,52.9608],[-1.1979,52.9599],[-1.2244,52.9735],[-1.2408,52.9631],[-1.2469,52.9536],[-1.2343,52.9421],[-1.1974,52.9291],[-1.1823,52.9173],[-1.2139,52.9044],[-1.1751,52.8895],[-1.1586,52.9],[-1.1555,52.9301],[-1.1316,52.9429],[-1.1455,52.9473],[-1.1637,52.9436],[-1.1727,52.9624],[-1.1842,52.9608]]]},"properties":{"PCON24CD":"E14001412","PCON24NM":"Nottingham South"}},
{"type":"Feature","geometry":{"type":"Polygon","coordinates":[[[-1.4173,52.5345],[-1.5027,52.5645],[-1.5493,52.5441],[-1.5724,52.5513],[-1.6439,52.5297],[-1.6119,52.4985],[-1.5733,52.496],[-1.5533,52.5134],[-1.5239,52.4936],[-1.4637,52.4908],[-1.412,52.4971],[-1.4173,52.5345]]]},"properties":{"PCON24CD":"E14001413","PCON24NM":"Nuneaton"}},
{"type":"Feature","geometry":{"type":"Polygon","coordinates":[[[0.1125,51.4734],[0.0982,51.4755],[0.0823,51.4616],[0.0874,51.4433],[0.0828,51.4301],[0.1045,51.4152],[0.1342,51.4139],[0.1489,51.4084],[0.1529,51.4087],[0.1512,51.4204],[0.1644,51.4286],[0.1709,51.4412],[0.1512,51.4482],[0.12,51.4493],[0.1242,51.4622],[0.1125,51.4734]]]},"properties":{"PCON24CD":"E14001414","PCON24NM":"Old Bexley and Sidcup"}},
{"type":"Feature","geometry":{"type":"Polygon","coordinates":[[[-2.0095,53.6168],[-2.0268,53.6242],[-2.0358,53.6029],[-2.1258,53.5865],[-2.1249,53.5753],[-2.0928,53.5639],[-2.1121,53.5497],[-2.111,53.5251],[-2.0921,53.5206],[-2.0619,53.5223],[-2.0232,53.5284],[-1.9634,53.5098],[-1.9355,53.5058],[-1.9096,53.5384],[-1.9472,53.5722],[-1.9827,53.5902],[-2.0095,53.6168]]]},"properties":{"PCON24CD":"E14001415","PCON24NM":"Oldham East and Saddleworth"}},
{"type":"Feature","geometry":{"type":"Polygon","coordinates":[[[-2.0921,53.5206],[-2.111,53.5251],[-2.1121,53.5497],[-2.0928,53.5639],[-2.1249,53.5753],[-2.1258,53.5865],[-2.1566,53.5823],[-2.1509,53.5671],[-2.172,53.5551],[-2.1694,53.5462],[-2.186,53.5291],[-2.1721,53.5271],[-2.1562,53.5158],[-2.1197,53.5057],[-2.1033,53.5097],[-2.0921,53.5206]]]},"properties":{"PCON24CD":"E14001416","PCON24NM":"Oldham West, Chadderton and Royton"}},
{"type":"Feature","geometry":{"type":"Polygon","coordinates":[[[0.1489,51.4084],[0.1342,51.4139],[0.1045,51.4152],[0.0954,51.395],[0.077,51.3959],[0.0594,51.4039],[0.0658,51.3894],[0.0555,51.3648],[0.0399,51.3493],[0.0426,51.3013],[0.0424,51.2927],[0.0815,51.2918],[0.085,51.316],[0.137,51.3442],[0.1532,51.378],[0.1489,51.4084]]]},"properties":{"PCON24CD":"E14001417","PCON24NM":"Orpington"}},
{"type":"Feature","geometry":{"type":"Polygon","coordinates":[[[-1.5545,53.7028],[-1.5711,53.7064],[-1.6139,53.6737],[-1.5926,53.6591],[-1.6247,53.654],[-1.6121,53.6327],[-1.6479,53.6223],[-1.7044,53.6221],[-1.724,53.6317],[-1.7766,53.6143],[-1.7041,53.5602],[-1.6144,53.5651],[-1.5835,53.6056],[-1.5576,53.6059],[-1.5364,53.5938],[-1.5014,53.5998],[-1.4955,53.636],[-1.4713,53.6459],[-1.473,53.6754],[-1.4935,53.6607],[-1.5287,53.6562],[-1.5528,53.6764],[-1.5545,53.7028]]]},"properties":{"PCON24CD":"E14001418","PCON24NM":"Ossett and Denby Dale"}},
{"type":"Feature","geometry":{"type":"Polygon","coordinates":[[[-1.1883,51.7168],[-1.1949,51.7536],[-1.1802,51.7659],[-1.2208,51.7723],[-1.254,51.7862],[-1.2507,51.7635],[-1.24,51.7579],[-1.2517,51.744],[-1.2674,51.7433],[-1.2413,51.7252],[-1.2223,51.711],[-1.1883,51.7168]]]},"properties":{"PCON24CD":"E14001419","PCON24NM":"Oxford East"}},
{"type":"Feature","geometry":{"type":"Polygon","coordinates":[[[-1.2527,51.7865],[-1.2845,51.7951],[-1.3355,51.7854],[-1.3634,51.7618],[-1.3202,51.7146],[-1.3546,51.6961],[-1.3514,51.6569],[-1.2975,51.6577],[-1.25,51.6666],[-1.2218,51.6846],[-1.2413,51.7252],[-1.2674,51.7433],[-1.2517,51.744],[-1.24,51.7579],[-1.2507,51.7635],[-1.254,51.7862],[-1.2527,51.7865]]]},"properties":{"PCON24CD":"E14001420","PCON24NM":"Oxford West and Abingdon"}},
{"type":"Feature","geometry":{"type":"Polygon","coordinates":[[[-0.054,51.4879],[-0.0657,51.4871],[-0.078,51.4889],[-0.0847,51.4936],[-0.0998,51.4951],[-0.1018,51.4923],[-0.0944,51.4814],[-0.0883,51.4799],[-0.093,51.472],[-0.0827,51.4696],[-0.0788,51.4639],[-0.0693,51.462],[-0.0605,51.4643],[-0.0501,51.4595],[-0.0475,51.4651],[-0.0527,51.473],[-0.054,51.4879]]]},"properties":{"PCON24CD":"E14001421","PCON24NM":"Peckham"}},
{"type":"Feature","geometry":{"type":"Polygon","coordinates":[[[-2.0461,53.8501],[-2.0748,53.8624],[-2.1322,53.9265],[-2.1845,53.9522],[-2.2458,53.9333],[-2.2242,53.8908],[-2.3472,53.9055],[-2.4192,53.8676],[-2.4124,53.8098],[-2.3423,53.7948],[-2.3098,53.8144],[-2.2402,53.8336],[-2.2193,53.8254],[-2.1286,53.8198],[-2.1123,53.8057],[-2.0612,53.8256],[-2.0461,53.8501]]]},"properties":{"PCON24CD":"E14001422","PCON24NM":"Pendle and Clitheroe"}},
{"type":"Feature","geometry":{"type":"Polygon","coordinates":[[[-1.5576,53.6059],[-1.5835,53.6056],[-1.6144,53.5651],[-1.7041,53.5602],[-1.7558,53.5367],[-1.8222,53.5211],[-1.8015,53.481],[-1.7453,53.4622],[-1.7168,53.4193],[-1.6661,53.4429],[-1.626,53.4476],[-1.5628,53.4259],[-1.5193,53.4256],[-1.4925,53.4366],[-1.4752,53.4375],[-1.4558,53.4304],[-1.4493,53.4398],[-1.4333,53.4383],[-1.4477,53.4619],[-1.4552,53.4718],[-1.4904,53.5099],[-1.4816,53.5256],[-1.5075,53.5388],[-1.4975,53.5535],[-1.5742,53.5869],[-1.5576,53.6059]]]},"properties":{"PCON24CD":"E14001423","PCON24NM":"Penistone and Stocksbridge"}},
{"type":"Feature","geometry":{"type":"Polygon","coordinates":[[[-3.0065,54.9308],[-3.0365,54.9429],[-3.0372,54.9427],[-3.0365,54.9429],[-3.0512,54.9436],[-3.0513,54.9436],[-3.0512,54.9436],[-3.102,54.9284],[-3.1012,54.9285],[-3.102,54.9284],[-3.1184,54.9268],[-3.1186,54.9265],[-3.1184,54.9268],[-3.1539,54.9322],[-3.1538,54.9321],[-3.1539,54.9322],[-3.2652,54.9421],[-3.2651,54.9412],[-3.2669,54.939],[-3.2679,54.9379],[-3.2669,54.939],[-3.2651,54.9412],[-3.2652,54.9421],[-3.3143,54.9203],[-3.2861,54.9048],[-3.286,54.9048],[-3.2861,54.9048],[-3.2333,54.9113],[-3.1914,54.9003],[-3.1912,54.9003],[-3.1904,54.901],[-3.1903,54.901],[-3.186,54.9001],[-3.1853,54.899],[-3.1861,54.8935],[-3.1853,54.899],[-3.186,54.9001],[-3.1903,54.901],[-3.1904,54.901],[-3.1912,54.9003],[-3.1914,54.9003],[-3.2426,54.9077],[-3.2525,54.8998],[-3.2528,54.8998],[-3.2525,54.8998],[-3.2562,54.897],[-3.2715,54.8901],[-3.2717,54.89],[-3.2715,54.8901],[-3.2738,54.8902],[-3.275,54.8891],[-3.2738,54.8902],[-3.2791,54.879],[-3.2791,54.8791],[-3.2791,54.879],[-3.2775,54.8777],[-3.277,54.8778],[-3.2775,54.8777],[-3.2808,54.8699],[-3.2807,54.8699],[-3.2782,54.8688],[-3.2807,54.8699],[-3.2808,54.8699],[-3.2965,54.8567],[-3.2964,54.8566],[-3.2965,54.8567],[-3.2866,54.8675],[-3.2869,54.8674],[-3.2866,54.8675],[-3.295,54.8788],[-3.2947,54.8785],[-3.2934,54.8771],[-3.2947,54.8785],[-3.295,54.8788],[-3.2957,54.8796],[-3.2962,54.8802],[-3.2957,54.8796],[-3.3001,54.8814],[-3.2999,54.8809],[-3.2993,54.8803],[-3.2984,54.88],[-3.2993,54.8803],[-3.2999,54.8809],[-3.3001,54.8814],[-3.3002,54.8818],[-3.3174,54.8884],[-3.3186,54.8879],[-3.3188,54.8879],[-3.3186,54.8879],[-3.3174,54.8884],[-3.3219,54.8893],[-3.3258,54.8878],[-3.326,54.8872],[-3.3258,54.8878],[-3.3248,54.8891],[-3.3297,54.8896],[-3.3296,54.8896],[-3.3285,54.8891],[-3.3286,54.889],[-3.3285,54.8891],[-3.3296,54.8894],[-3.3297,54.8889],[-3.3296,54.8894],[-3.3296,54.8896],[-3.3297,54.8896],[-3.3351,54.889],[-3.335,54.8888],[-3.3351,54.889],[-3.3426,54.8948],[-3.3419,54.8942],[-3.3426,54.8948],[-3.3405,54.8919],[-3.3426,54.8928],[-3.3407,54.8858],[-3.3405,54.8859],[-3.3346,54.8858],[-3.3342,54.8857],[-3.3346,54.8858],[-3.3426,54.8837],[-3.3411,54.883],[-3.3409,54.8828],[-3.3411,54.883],[-3.3426,54.8837],[-3.3405,54.8859],[-3.3407,54.8858],[-3.3462,54.8886],[-3.3463,54.8886],[-3.3462,54.8886],[-3.3546,54.8907],[-3.3533,54.89],[-3.3526,54.8896],[-3.352,54.8894],[-3.3509,54.8891],[-3.3507,54.889],[-3.3509,54.8891],[-3.352,54.8894],[-3.3526,54.8896],[-3.3533,54.89],[-3.3546,54.8907],[-3.3556,54.8918],[-3.3557,54.8919],[-3.3591,54.8902],[-3.3596,54.8902],[-3.3605,54.8895],[-3.36,54.8891],[-3.3586,54.8883],[-3.3585,54.8882],[-3.3586,54.8883],[-3.36,54.8891],[-3.3605,54.8895],[-3.3596,54.8902],[-3.3591,54.8902],[-3.3557,54.8919],[-3.3556,54.8918],[-3.4957,54.7119],[-3.4951,54.7121],[-3.4957,54.7119],[-3.5115,54.7063],[-3.4221,54.6485],[-3.3662,54.5446],[-3.2332,54.5004],[-3.1968,54.4656],[-3.1671,54.4541],[-3.0148,54.4998],[-3.092,54.6574],[-2.8756,54.7054],[-2.7536,54.648],[-2.3555,54.6972],[-2.3121,54.791],[-2.4016,54.8515],[-2.5827,54.8459],[-2.7994,54.8187],[-2.8757,54.8679],[-2.9657,54.8691],[-3.0065,54.9308]]]},"properties":{"PCON24CD":"E14001424","PCON24NM":"Penrith and Solway"}},
{"type":"Feature","geometry":{"type":"Polygon","coordinates":[[[-0.0313,52.6615],[-0.1022,52.6722],[-0.1411,52.6515],[-0.206,52.6681],[-0.2587,52.6516],[-0.2809,52.6331],[-0.2871,52.5901],[-0.2677,52.5728],[-0.187,52.5685],[-0.1244,52.5767],[-0.0128,52.5943],[-0.0313,52.6615]]]},"properties":{"PCON24CD":"E14001425","PCON24NM":"Peterborough"}},
{"type":"Feature","geometry":{"type":"Polygon","coordinates":[[[-4.0871,50.395],[-4.0774,50.4137],[-4.0826,50.4246],[-4.1249,50.4357],[-4.1635,50.4276],[-4.1928,50.4241],[-4.2053,50.3995],[-4.1798,50.3966],[-4.1566,50.3851],[-4.1358,50.4006],[-4.1216,50.396],[-4.0977,50.3956],[-4.0855,50.3906],[-4.0871,50.395]]]},"properties":{"PCON24CD":"E14001426","PCON24NM":"Plymouth Moor View"}},
{"type":"Feature","geometry":{"type":"Polygon","coordinates":[[[-4.0855,50.3906],[-4.0977,50.3956],[-4.1216,50.396],[-4.1358,50.4006],[-4.1566,50.3851],[-4.1798,50.3966],[-4.1918,50.3909],[-4.1839,50.3763],[-4.1855,50.3672],[-4.1576,50.3611],[-4.1464,50.3637],[-4.1132,50.363],[-4.1063,50.3781],[-4.0855,50.3906]]]},"properties":{"PCON24CD":"E14001427","PCON24NM":"Plymouth Sutton and Devonport"}},
{"type":"Feature","geometry":{"type":"Polygon","coordinates":[[[-1.2552,53.649],[-1.2444,53.6925],[-1.228,53.7105],[-1.2685,53.7149],[-1.292,53.7387],[-1.3394,53.7365],[-1.4009,53.7195],[-1.4283,53.7214],[-1.4698,53.712],[-1.4508,53.698],[-1.4136,53.7108],[-1.3514,53.703],[-1.3381,53.6839],[-1.2853,53.6458],[-1.2552,53.649]]]},"properties":{"PCON24CD":"E14001428","PCON24NM":"Pontefract, Castleford and Knottingley"}},
{"type":"Feature","geometry":{"type":"Polygon","coordinates":[[[-1.946,50.7487],[-1.9608,50.7393],[-1.9874,50.7401],[-1.9904,50.7531],[-2.0127,50.7485],[-2.0135,50.7371],[-2.0275,50.7292],[-2.0369,50.7172],[-1.999,50.7083],[-1.9953,50.7173],[-2.0105,50.732],[-1.9971,50.736],[-1.9897,50.729],[-1.99,50.7121],[-1.9525,50.7045],[-1.9317,50.6952],[-1.9021,50.7083],[-1.9059,50.7237],[-1.9246,50.728],[-1.9277,50.7382],[-1.946,50.7487]]]},"properties":{"PCON24CD":"E14001429","PCON24NM":"Poole"}},
{"type":"Feature","geometry":{"type":"Polygon","coordinates":[[[-0.0792,51.5079],[-0.0596,51.5028],[-0.0451,51.5096],[-0.0359,51.5094],[-0.0267,51.5033],[-0.0279,51.4946],[-0.0217,51.4876],[-0.0042,51.4885],[-0.0072,51.5031],[0.0032,51.5152],[-0.0092,51.5199],[-0.0079,51.523],[-0.0078,51.5253],[-0.0302,51.5261],[-0.037,51.5242],[-0.0337,51.5165],[-0.0365,51.5126],[-0.0475,51.5098],[-0.0745,51.51],[-0.0792,51.5079]]]},"properties":{"PCON24CD":"E14001430","PCON24NM":"Poplar and Limehouse"}},
{"type":"Feature","geometry":{"type":"MultiPolygon","coordinates":[[[[-1.0392,50.7984],[-1.0449,50.8309],[-1.0758,50.837],[-1.0836,50.83],[-1.0948,50.827],[-1.0913,50.809],[-1.064,50.8116],[-1.0665,50.8019],[-1.0525,50.7976],[-1.0392,50.7984]]],[[[-1.1146,50.8402],[-1.1155,50.8413],[-1.116,50.8412],[-1.1155,50.8413],[-1.1147,50.8402],[-1.1146,50.8402]]],[[[-1.1161,50.8412],[-1.1157,50.842],[-1.1165,50.8425],[-1.116,50.842],[-1.1161,50.8412]]],[[[-1.1565,50.8445],[-1.1563,50.8445],[-1.1563,50.8446],[-1.1565,50.8445]]],[[[-1.1545,50.8428],[-1.1529,50.8436],[-1.1532,50.8444],[-1.1547,50.8451],[-1.1563,50.8448],[-1.1563,50.8446],[-1.1543,50.8449],[-1.1545,50.8428]]],[[[-1.1565,50.8445],[-1.16,50.8452],[-1.171,50.84],[-1.1631,50.8415],[-1.1604,50.8448],[-1.1572,50.8444],[-1.1565,50.8445]]],[[[-1.0541,50.8565],[-1.1158,50.8583],[-1.1181,50.8442],[-1.117,50.843],[-1.0947,50.8313],[-1.078,50.8373],[-1.0615,50.8359],[-1.0525,50.8335],[-1.0213,50.8381],[-1.0246,50.8498],[-1.0231,50.8528],[-1.0541,50.8565]],[[-1.1145,50.8402],[-1.1142,50.8403],[-1.1129,50.8387],[-1.1145,50.8402]]]]},"properties":{"PCON24CD":"E14001431","PCON24NM":"Portsmouth North"}},
{"type":"Feature","geometry":{"type":"Polygon","coordinates":[[[-1.0392,50.7984],[-1.0525,50.7976],[-1.0665,50.8019],[-1.064,50.8116],[-1.0913,50.809],[-1.104,50.8105],[-1.1115,50.8069],[-1.1058,50.7971],[-1.1089,50.7904],[-1.089,50.7776],[-1.0624,50.7809],[-1.0324,50.7867],[-1.0392,50.7984]]]},"properties":{"PCON24CD":"E14001432","PCON24NM":"Portsmouth South"}},
{"type":"Feature","geometry":{"type":"Polygon","coordinates":[[[-2.662,53.7502],[-2.6586,53.7586],[-2.6285,53.7672],[-2.6224,53.7868],[-2.6422,53.794],[-2.6622,53.7903],[-2.6817,53.7995],[-2.6978,53.7785],[-2.72,53.7765],[-2.7288,53.7966],[-2.7498,53.7885],[-2.7805,53.7877],[-2.7982,53.7715],[-2.795,53.7627],[-2.7893,53.7657],[-2.7887,53.7657],[-2.7893,53.7657],[-2.7896,53.7584],[-2.7878,53.7587],[-2.7848,53.7586],[-2.7829,53.758],[-2.7848,53.7586],[-2.7878,53.7587],[-2.7896,53.7584],[-2.789,53.7569],[-2.7847,53.7573],[-2.789,53.7569],[-2.7193,53.7567],[-2.7151,53.7498],[-2.7105,53.7483],[-2.7028,53.7516],[-2.6955,53.7523],[-2.6778,53.753],[-2.662,53.7502]]]},"properties":{"PCON24CD":"E14001433","PCON24NM":"Preston"}},
{"type":"Feature","geometry":{"type":"Polygon","coordinates":[[[-0.2234,51.4715],[-0.2333,51.464],[-0.253,51.4652],[-0.2591,51.455],[-0.2416,51.4431],[-0.2541,51.4373],[-0.2511,51.4326],[-0.2312,51.4382],[-0.2157,51.4377],[-0.19,51.4415],[-0.1933,51.4473],[-0.1818,51.4581],[-0.1871,51.4642],[-0.1991,51.4627],[-0.2234,51.4715]]]},"properties":{"PCON24CD":"E14001434","PCON24NM":"Putney"}},
{"type":"Feature","geometry":{"type":"Polygon","coordinates":[[[-0.1887,51.5345],[-0.2019,51.5453],[-0.215,51.5371],[-0.2278,51.5361],[-0.2457,51.5434],[-0.2566,51.5411],[-0.2556,51.534],[-0.2284,51.5303],[-0.2061,51.5259],[-0.1979,51.5187],[-0.1849,51.5195],[-0.1643,51.5209],[-0.1692,51.5269],[-0.1768,51.5246],[-0.1887,51.5345]]]},"properties":{"PCON24CD":"E14001435","PCON24NM":"Queen's Park and Maida Vale"}},
{"type":"Feature","geometry":{"type":"Polygon","coordinates":[[[-1.3124,53.5138],[-1.3801,53.5142],[-1.4056,53.5048],[-1.4552,53.4718],[-1.4477,53.4619],[-1.4289,53.4675],[-1.3865,53.4602],[-1.3571,53.4622],[-1.3432,53.4429],[-1.3231,53.4449],[-1.3024,53.4624],[-1.2815,53.4636],[-1.2807,53.4403],[-1.2695,53.4227],[-1.2402,53.4345],[-1.2219,53.4546],[-1.1698,53.4579],[-1.1719,53.5071],[-1.2079,53.4906],[-1.2993,53.4931],[-1.3124,53.5138]]]},"properties":{"PCON24CD":"E14001436","PCON24NM":"Rawmarsh and Conisbrough"}},
{"type":"Feature","geometry":{"type":"MultiPolygon","coordinates":[[[[0.565,51.6216],[0.5639,51.6213],[0.5642,51.6205],[0.5646,51.621],[0.5648,51.6212],[0.565,51.6216]]],[[[0.6457,51.6283],[0.6466,51.6296],[0.646,51.6295],[0.6457,51.6283]]],[[[0.6551,51.6297],[0.6543,51.6298],[0.6545,51.6297],[0.6549,51.6296],[0.6551,51.6297]]],[[[0.658,51.6318],[0.657,51.6306],[0.6577,51.6308],[0.6579,51.6308],[0.658,51.6318]]],[[[0.7114,51.6337],[0.658,51.6318],[0.6579,51.6308],[0.6579,51.6307],[0.6584,51.6301],[0.6579,51.6307],[0.6577,51.6308],[0.657,51.6306],[0.6551,51.6297],[0.6549,51.6296],[0.6503,51.6281],[0.6503,51.6278],[0.6434,51.6258],[0.6433,51.6258],[0.6457,51.6283],[0.646,51.6295],[0.6466,51.6296],[0.64,51.6296],[0.6399,51.6294],[0.64,51.6296],[0.5893,51.6286],[0.5848,51.6231],[0.5781,51.6248],[0.5745,51.623],[0.5683,51.622],[0.5664,51.6225],[0.5648,51.6212],[0.5646,51.621],[0.5625,51.6178],[0.555,51.6168],[0.554,51.617],[0.5515,51.6178],[0.4945,51.6236],[0.4993,51.5927],[0.5235,51.5902],[0.5705,51.5876],[0.591,51.578],[0.6321,51.5705],[0.644,51.5751],[0.6397,51.5896],[0.6795,51.59],[0.7125,51.6012],[0.7005,51.6195],[0.7114,51.6337]]]]},"properties":{"PCON24CD":"E14001437","PCON24NM":"Rayleigh and Wickford"}},
{"type":"Feature","geometry":{"type":"Polygon","coordinates":[[[-0.9492,51.4595],[-0.9445,51.482],[-0.9575,51.4931],[-0.9743,51.4867],[-0.9984,51.4843],[-1.0073,51.4682],[-1.005,51.4523],[-1.0256,51.4482],[-1.0217,51.4357],[-1.0007,51.4298],[-0.9954,51.4348],[-0.9627,51.4338],[-0.9511,51.4456],[-0.9286,51.4451],[-0.9492,51.4595]]]},"properties":{"PCON24CD":"E14001438","PCON24NM":"Reading Central"}},
{"type":"Feature","geometry":{"type":"Polygon","coordinates":[[[-1.1404,51.5429],[-1.2047,51.5284],[-1.3331,51.5604],[-1.3557,51.5468],[-1.3237,51.4947],[-1.2422,51.463],[-1.2598,51.4348],[-1.2163,51.41],[-1.221,51.3676],[-1.1158,51.3605],[-0.9861,51.3628],[-0.9887,51.3806],[-1.0119,51.3929],[-0.9991,51.4123],[-1.0007,51.4298],[-1.0217,51.4357],[-1.0256,51.4482],[-1.005,51.4523],[-1.0073,51.4682],[-1.0879,51.4858],[-1.1404,51.5429]]]},"properties":{"PCON24CD":"E14001439","PCON24NM":"Reading West and Mid Berkshire"}},
{"type":"Feature","geometry":{"type":"Polygon","coordinates":[[[-0.9384,54.589],[-0.9615,54.5849],[-1.0021,54.5937],[-1.0526,54.6165],[-1.0888,54.6211],[-1.1318,54.6369],[-1.1534,54.6283],[-1.1575,54.6054],[-1.1975,54.5821],[-1.2009,54.5776],[-1.1906,54.575],[-1.1723,54.5593],[-1.1991,54.5445],[-1.1678,54.527],[-1.1306,54.5595],[-1.0678,54.5744],[-0.9732,54.5735],[-0.9384,54.589]]]},"properties":{"PCON24CD":"E14001440","PCON24NM":"Redcar"}},
{"type":"Feature","geometry":{"type":"Polygon","coordinates":[[[-1.881,52.3109],[-1.9335,52.3242],[-2.0151,52.2785],[-2.0762,52.289],[-2.1372,52.35],[-2.1431,52.3467],[-2.1349,52.3087],[-2.1498,52.2754],[-2.1103,52.2639],[-1.9933,52.2044],[-2.0231,52.1741],[-1.9834,52.1511],[-1.9859,52.1211],[-1.9443,52.1087],[-1.9032,52.1334],[-1.9418,52.1772],[-1.9175,52.2238],[-1.9374,52.2761],[-1.8868,52.2884],[-1.881,52.3109]]]},"properties":{"PCON24CD":"E14001441","PCON24NM":"Redditch"}},
{"type":"Feature","geometry":{"type":"Polygon","coordinates":[[[-0.1875,51.3408],[-0.1973,51.3436],[-0.2208,51.3298],[-0.2429,51.3213],[-0.2472,51.2987],[-0.2722,51.2923],[-0.2657,51.2614],[-0.2268,51.2559],[-0.2499,51.2311],[-0.2076,51.2056],[-0.1569,51.213],[-0.1529,51.2263],[-0.1428,51.246],[-0.1703,51.2678],[-0.151,51.3007],[-0.1565,51.3215],[-0.1875,51.3408]]]},"properties":{"PCON24CD":"E14001442","PCON24NM":"Reigate"}},
{"type":"Feature","geometry":{"type":"Polygon","coordinates":[[[-2.1845,53.9522],[-2.2326,53.981],[-2.3522,53.9946],[-2.362,54.0407],[-2.4695,54.0462],[-2.5714,54.0147],[-2.5888,53.9602],[-2.6441,53.9572],[-2.6166,53.8998],[-2.6867,53.8904],[-2.714,53.8534],[-2.826,53.82],[-2.7805,53.7877],[-2.7498,53.7885],[-2.7288,53.7966],[-2.72,53.7765],[-2.6978,53.7785],[-2.6817,53.7995],[-2.6622,53.7903],[-2.6422,53.794],[-2.6224,53.7868],[-2.6285,53.7672],[-2.6586,53.7586],[-2.662,53.7502],[-2.6798,53.7459],[-2.6794,53.7458],[-2.6798,53.7459],[-2.6961,53.7515],[-2.7043,53.7502],[-2.6953,53.7387],[-2.6987,53.7345],[-2.6902,53.7218],[-2.6584,53.7177],[-2.5768,53.7513],[-2.5616,53.7469],[-2.5478,53.7587],[-2.5232,53.7604],[-2.4658,53.7808],[-2.4124,53.8098],[-2.4192,53.8676],[-2.3472,53.9055],[-2.2242,53.8908],[-2.2458,53.9333],[-2.1845,53.9522]]]},"properties":{"PCON24CD":"E14001443","PCON24NM":"Ribble Valley"}},
{"type":"Feature","geometry":{"type":"Polygon","coordinates":[[[-1.6969,54.536],[-1.9425,54.4534],[-2.1702,54.4582],[-2.3677,54.3561],[-2.3098,54.3243],[-2.3191,54.2572],[-2.1135,54.2326],[-2.0019,54.1764],[-1.6845,54.2616],[-1.3554,54.3223],[-1.0594,54.4126],[-1.0369,54.494],[-1.0947,54.5067],[-1.1267,54.4987],[-1.2349,54.5103],[-1.2867,54.4827],[-1.3463,54.4727],[-1.3744,54.4842],[-1.4576,54.4814],[-1.5327,54.4691],[-1.5843,54.508],[-1.6128,54.5199],[-1.6969,54.536]]]},"properties":{"PCON24CD":"E14001444","PCON24NM":"Richmond and Northallerton"}},
{"type":"Feature","geometry":{"type":"Polygon","coordinates":[[[-0.2234,51.4715],[-0.2403,51.4886],[-0.2557,51.4712],[-0.264,51.4702],[-0.2712,51.4731],[-0.2944,51.4852],[-0.3197,51.4646],[-0.3045,51.4559],[-0.3059,51.4485],[-0.3276,51.4435],[-0.3276,51.4344],[-0.3183,51.4295],[-0.3085,51.4135],[-0.2846,51.4125],[-0.2615,51.4168],[-0.2472,51.4096],[-0.2511,51.4326],[-0.2541,51.4373],[-0.2416,51.4431],[-0.2591,51.455],[-0.253,51.4652],[-0.2333,51.464],[-0.2234,51.4715]]]},"properties":{"PCON24CD":"E14001445","PCON24NM":"Richmond Park"}},
{"type":"Feature","geometry":{"type":"Polygon","coordinates":[[[-2.0268,53.6242],[-2.0411,53.6408],[-2.0371,53.6623],[-2.0512,53.6837],[-2.1181,53.6712],[-2.1463,53.6822],[-2.1854,53.6382],[-2.1631,53.6213],[-2.1732,53.6036],[-2.1566,53.5823],[-2.1258,53.5865],[-2.0358,53.6029],[-2.0268,53.6242]]]},"properties":{"PCON24CD":"E14001446","PCON24NM":"Rochdale"}},
{"type":"Feature","geometry":{"type":"MultiPolygon","coordinates":[[[[0.5552,51.3991],[0.5343,51.409],[0.5234,51.3866],[0.457,51.368],[0.4944,51.3526],[0.5196,51.3825],[0.5362,51.3784],[0.5445,51.3968],[0.5552,51.3991]]],[[[0.6263,51.4388],[0.6288,51.4378],[0.6299,51.44],[0.6273,51.4403],[0.6272,51.4401],[0.6264,51.4389],[0.6264,51.4388],[0.6263,51.4388]]],[[[0.6316,51.444],[0.632,51.4444],[0.6315,51.4441],[0.6316,51.444]]],[[[0.6413,51.445],[0.64,51.4451],[0.6386,51.4448],[0.6384,51.4446],[0.6414,51.4449],[0.6413,51.445]]],[[[0.6153,51.4251],[0.6153,51.4249],[0.6103,51.4251],[0.6219,51.4378],[0.6219,51.4379],[0.6219,51.4378],[0.6251,51.4382],[0.6252,51.4383],[0.6251,51.4382],[0.6263,51.438],[0.6262,51.438],[0.6263,51.438],[0.6263,51.4388],[0.6264,51.4388],[0.6264,51.4389],[0.6272,51.4401],[0.6273,51.4403],[0.6316,51.444],[0.6315,51.4441],[0.6313,51.4442],[0.6321,51.4447],[0.6323,51.4445],[0.6328,51.4447],[0.6332,51.4448],[0.6328,51.4447],[0.6325,51.4437],[0.6326,51.4437],[0.6325,51.4437],[0.6302,51.4427],[0.6306,51.4421],[0.6296,51.4416],[0.6299,51.4414],[0.6298,51.4416],[0.6299,51.4414],[0.6303,51.4411],[0.6314,51.4424],[0.6346,51.4443],[0.6357,51.4456],[0.6384,51.4446],[0.6386,51.4448],[0.64,51.4451],[0.6413,51.445],[0.6414,51.4449],[0.649,51.4448],[0.649,51.4449],[0.649,51.4448],[0.6486,51.4455],[0.6498,51.4459],[0.6504,51.4457],[0.6518,51.4461],[0.651,51.4462],[0.6513,51.4468],[0.653,51.4465],[0.6549,51.4489],[0.6622,51.4477],[0.6778,51.4332],[0.7232,51.4435],[0.7003,51.4726],[0.6717,51.4717],[0.6719,51.4717],[0.6741,51.4712],[0.674,51.4714],[0.6741,51.4712],[0.6719,51.4717],[0.6717,51.4717],[0.673,51.4702],[0.6733,51.4702],[0.673,51.4702],[0.6738,51.4695],[0.6741,51.4696],[0.6738,51.4695],[0.6768,51.4677],[0.6772,51.4683],[0.6768,51.4677],[0.6461,51.4788],[0.4813,51.4871],[0.4604,51.4664],[0.4606,51.4664],[0.461,51.4664],[0.4611,51.4664],[0.4593,51.4555],[0.491,51.4387],[0.4892,51.4153],[0.4677,51.3983],[0.4311,51.388],[0.4013,51.353],[0.4535,51.3406],[0.4511,51.3563],[0.4495,51.3664],[0.5307,51.4118],[0.5684,51.4127],[0.6226,51.424],[0.6226,51.4241],[0.6226,51.424],[0.6208,51.4273],[0.6207,51.4273],[0.6208,51.4273],[0.6209,51.4276],[0.6153,51.4251]]]]},"properties":{"PCON24CD":"E14001447","PCON24NM":"Rochester and Strood"}},
{"type":"Feature","geometry":{"type":"Polygon","coordinates":[[[0.197,51.6256],[0.1689,51.6214],[0.1382,51.6235],[0.1475,51.6122],[0.1482,51.599],[0.151,51.5838],[0.147,51.5757],[0.1619,51.5616],[0.2025,51.5563],[0.2207,51.5804],[0.2128,51.5927],[0.1936,51.6032],[0.2055,51.6088],[0.197,51.6256]]]},"properties":{"PCON24CD":"E14001448","PCON24NM":"Romford"}},
{"type":"Feature","geometry":{"type":"MultiPolygon","coordinates":[[[[-1.482,50.9283],[-1.4814,50.9297],[-1.483,50.9301],[-1.4836,50.932],[-1.4837,50.932],[-1.4855,50.9319],[-1.4856,50.9321],[-1.4857,50.9322],[-1.482,50.9283]]],[[[-1.477,50.9288],[-1.4493,50.949],[-1.4238,50.9472],[-1.4318,50.9358],[-1.4288,50.929],[-1.3965,50.938],[-1.3809,50.9324],[-1.3766,50.9352],[-1.359,50.938],[-1.4139,50.9839],[-1.393,51.0044],[-1.436,51.1078],[-1.3088,51.1947],[-1.536,51.2486],[-1.6069,51.2507],[-1.6928,51.203],[-1.654,51.1563],[-1.6198,50.9586],[-1.5421,50.9682],[-1.4858,50.9329],[-1.4856,50.9321],[-1.4855,50.9319],[-1.4837,50.932],[-1.4836,50.932],[-1.483,50.9301],[-1.4814,50.9297],[-1.4817,50.9303],[-1.4782,50.9288],[-1.4786,50.9297],[-1.4782,50.9301],[-1.4789,50.9308],[-1.479,50.9308],[-1.4789,50.9308],[-1.4772,50.9304],[-1.4784,50.9296],[-1.477,50.9288]]]]},"properties":{"PCON24CD":"E14001449","PCON24NM":"Romsey and Southampton North"}},
{"type":"Feature","geometry":{"type":"Polygon","coordinates":[[[-2.1733,53.723],[-2.1854,53.7307],[-2.303,53.7484],[-2.3107,53.6957],[-2.414,53.705],[-2.4386,53.7323],[-2.4657,53.7292],[-2.5084,53.7132],[-2.5395,53.7147],[-2.5153,53.6899],[-2.5324,53.6649],[-2.5113,53.627],[-2.473,53.6166],[-2.4538,53.622],[-2.4387,53.6461],[-2.4217,53.6238],[-2.3791,53.6309],[-2.3626,53.6559],[-2.2938,53.6582],[-2.2952,53.6402],[-2.2718,53.6145],[-2.2699,53.6461],[-2.2258,53.6708],[-2.1854,53.6382],[-2.1463,53.6822],[-2.1733,53.723]]]},"properties":{"PCON24CD":"E14001450","PCON24NM":"Rossendale and Darwen"}},
{"type":"Feature","geometry":{"type":"Polygon","coordinates":[[[-1.116,53.4073],[-1.1459,53.4123],[-1.1703,53.4353],[-1.2402,53.4345],[-1.2695,53.4227],[-1.3243,53.4191],[-1.3443,53.4022],[-1.3224,53.3852],[-1.3625,53.3685],[-1.3286,53.3489],[-1.3247,53.3288],[-1.282,53.3095],[-1.2543,53.3018],[-1.1997,53.3114],[-1.1457,53.3406],[-1.1449,53.3713],[-1.116,53.4073]]]},"properties":{"PCON24CD":"E14001451","PCON24NM":"Rother Valley"}},
{"type":"Feature","geometry":{"type":"Polygon","coordinates":[[[-1.2695,53.4227],[-1.2807,53.4403],[-1.2815,53.4636],[-1.3024,53.4624],[-1.3231,53.4449],[-1.3432,53.4429],[-1.3571,53.4622],[-1.3865,53.4602],[-1.4289,53.4675],[-1.4477,53.4619],[-1.4333,53.4383],[-1.4085,53.4203],[-1.3917,53.4153],[-1.3769,53.3924],[-1.3799,53.3811],[-1.3625,53.3685],[-1.3224,53.3852],[-1.3443,53.4022],[-1.3243,53.4191],[-1.2695,53.4227]]]},"properties":{"PCON24CD":"E14001452","PCON24NM":"Rotherham"}},
{"type":"Feature","geometry":{"type":"Polygon","coordinates":[[[-1.3251,52.5011],[-1.4173,52.5345],[-1.412,52.4971],[-1.4637,52.4908],[-1.4708,52.457],[-1.4248,52.4346],[-1.4379,52.4104],[-1.4308,52.3986],[-1.4629,52.3764],[-1.4612,52.3752],[-1.3455,52.3477],[-1.299,52.358],[-1.2381,52.3442],[-1.1721,52.3613],[-1.2016,52.3967],[-1.3078,52.4945],[-1.3251,52.5011]]]},"properties":{"PCON24CD":"E14001453","PCON24NM":"Rugby"}},
{"type":"Feature","geometry":{"type":"Polygon","coordinates":[[[-0.3682,51.6207],[-0.4014,51.6132],[-0.4383,51.6199],[-0.4571,51.6123],[-0.4882,51.627],[-0.5006,51.5997],[-0.4996,51.5967],[-0.4641,51.5887],[-0.4312,51.5676],[-0.4071,51.5745],[-0.3859,51.5709],[-0.3637,51.5903],[-0.3731,51.6009],[-0.3573,51.6029],[-0.3552,51.6096],[-0.3682,51.6207]]]},"properties":{"PCON24CD":"E14001454","PCON24NM":"Ruislip, Northwood and Pinner"}},
{"type":"Feature","geometry":{"type":"Polygon","coordinates":[[[-2.5952,53.3225],[-2.6198,53.3319],[-2.6306,53.364],[-2.6752,53.3545],[-2.7532,53.3436],[-2.753,53.3164],[-2.7887,53.2968],[-2.8218,53.3073],[-2.8858,53.2928],[-2.888,53.2894],[-2.8881,53.2893],[-2.8763,53.2624],[-2.9119,53.256],[-2.8647,53.2291],[-2.8479,53.1944],[-2.7165,53.2162],[-2.689,53.2562],[-2.6449,53.283],[-2.5952,53.3225]]]},"properties":{"PCON24CD":"E14001455","PCON24NM":"Runcorn and Helsby"}},
{"type":"Feature","geometry":{"type":"Polygon","coordinates":[[[-0.5228,51.4353],[-0.5488,51.3985],[-0.5977,51.3855],[-0.5552,51.3619],[-0.5485,51.348],[-0.5156,51.3389],[-0.4865,51.3473],[-0.4623,51.33],[-0.4374,51.304],[-0.3947,51.298],[-0.3603,51.3118],[-0.3307,51.329],[-0.328,51.3522],[-0.3789,51.3454],[-0.3951,51.3477],[-0.411,51.3623],[-0.4322,51.3639],[-0.4459,51.3767],[-0.4321,51.384],[-0.4864,51.3886],[-0.4932,51.4119],[-0.5129,51.419],[-0.5228,51.4353]]]},"properties":{"PCON24CD":"E14001456","PCON24NM":"Runnymede and Weybridge"}},
{"type":"Feature","geometry":{"type":"Polygon","coordinates":[[[-0.8855,52.8926],[-0.9214,52.9346],[-0.9724,52.9284],[-1.0338,52.9584],[-1.0417,52.9512],[-1.0861,52.9486],[-1.0997,52.942],[-1.1316,52.9429],[-1.1555,52.9301],[-1.1586,52.9],[-1.1751,52.8895],[-1.2139,52.9044],[-1.2397,52.8923],[-1.2679,52.8734],[-1.2619,52.8104],[-1.201,52.7939],[-1.12,52.8188],[-1.0744,52.8247],[-1.0364,52.8159],[-0.8855,52.8926]]]},"properties":{"PCON24CD":"E14001457","PCON24NM":"Rushcliffe"}},
{"type":"Feature","geometry":{"type":"Polygon","coordinates":[[[-0.3045,52.7461],[-0.3994,52.7547],[-0.4427,52.8445],[-0.5771,52.8324],[-0.5957,52.8892],[-0.7058,52.8381],[-0.6728,52.7714],[-0.8218,52.7157],[-0.7822,52.6691],[-0.9789,52.6819],[-1.0486,52.655],[-1.0481,52.6354],[-1.0544,52.6257],[-1.069,52.6187],[-1.0705,52.6181],[-1.0447,52.6001],[-0.9847,52.618],[-0.9414,52.5796],[-0.9136,52.5305],[-0.8834,52.5138],[-0.7422,52.517],[-0.6713,52.5641],[-0.5625,52.5863],[-0.4947,52.6403],[-0.3628,52.6601],[-0.278,52.7108],[-0.3045,52.7461]]]},"properties":{"PCON24CD":"E14001458","PCON24NM":"Rutland and Stamford"}},
{"type":"Feature","geometry":{"type":"Polygon","coordinates":[[[-2.3382,53.5336],[-2.3544,53.5247],[-2.3328,53.5141],[-2.352,53.497],[-2.3295,53.4976],[-2.3295,53.48],[-2.3182,53.4794],[-2.2822,53.4649],[-2.2653,53.4727],[-2.2633,53.4757],[-2.246,53.4849],[-2.255,53.5004],[-2.2503,53.508],[-2.2741,53.509],[-2.2946,53.5155],[-2.3104,53.5271],[-2.3382,53.5336]]]},"properties":{"PCON24CD":"E14001459","PCON24NM":"Salford"}},
{"type":"Feature","geometry":{"type":"Polygon","coordinates":[[[-1.6198,50.9586],[-1.654,51.1563],[-1.6928,51.203],[-1.795,51.1057],[-1.8903,51.0963],[-1.991,51.1847],[-2.0164,51.1159],[-2.1476,51.1275],[-2.218,51.0552],[-2.1003,50.9451],[-1.9568,50.9898],[-1.8358,51.0095],[-1.7196,50.9768],[-1.6769,50.9497],[-1.6198,50.9586]]]},"properties":{"PCON24CD":"E14001460","PCON24NM":"Salisbury"}},
{"type":"Feature","geometry":{"type":"Polygon","coordinates":[[[-0.3027,54.2272],[-0.3965,54.2742],[-0.4616,54.3857],[-0.4617,54.3857],[-0.5903,54.4885],[-0.7943,54.5584],[-0.8486,54.53],[-0.8808,54.497],[-0.953,54.488],[-1.0034,54.503],[-1.0369,54.494],[-1.0594,54.4126],[-0.9504,54.4089],[-0.6881,54.3729],[-0.5901,54.3294],[-0.6131,54.2697],[-0.5875,54.1988],[-0.3027,54.2272]]]},"properties":{"PCON24CD":"E14001461","PCON24NM":"Scarborough and Whitby"}},
{"type":"Feature","geometry":{"type":"Polygon","coordinates":[[[-0.5255,53.678],[-0.6114,53.7146],[-0.6893,53.6975],[-0.6984,53.6155],[-0.7353,53.5985],[-0.7386,53.5198],[-0.6245,53.5128],[-0.6298,53.4582],[-0.5518,53.4595],[-0.4717,53.4749],[-0.4786,53.5084],[-0.4051,53.5176],[-0.4307,53.5463],[-0.4909,53.5459],[-0.5461,53.5449],[-0.5987,53.5711],[-0.639,53.6206],[-0.6277,53.648],[-0.5391,53.6503],[-0.5255,53.678]]]},"properties":{"PCON24CD":"E14001462","PCON24NM":"Scunthorpe"}},
{"type":"Feature","geometry":{"type":"Polygon","coordinates":[[[-3.0141,53.6113],[-3.0656,53.6101],[-3.1024,53.5611],[-3.103,53.5391],[-3.0652,53.516],[-3.0445,53.4775],[-3.0232,53.4934],[-2.9888,53.491],[-2.9802,53.4973],[-2.9517,53.491],[-2.9393,53.4912],[-2.9191,53.4781],[-2.888,53.5038],[-2.8896,53.5222],[-2.923,53.5252],[-2.9478,53.5443],[-2.9776,53.5459],[-2.984,53.5211],[-3.0457,53.5434],[-3.0333,53.5851],[-3.0141,53.6113]]]},"properties":{"PCON24CD":"E14001463","PCON24NM":"Sefton Central"}},
{"type":"Feature","geometry":{"type":"MultiPolygon","coordinates":[[[[-1.0688,53.704],[-0.986,53.6978],[-0.963,53.7371],[-1.0495,53.7894],[-1.0445,53.8107],[-1.1973,53.8537],[-1.1721,53.8018],[-1.3448,53.8085],[-1.3493,53.7793],[-1.3931,53.78],[-1.3851,53.7471],[-1.4198,53.7447],[-1.4283,53.7214],[-1.4009,53.7195],[-1.3394,53.7365],[-1.292,53.7387],[-1.2685,53.7149],[-1.228,53.7105],[-1.2444,53.6925],[-1.2552,53.649],[-1.2328,53.6211],[-1.2177,53.6402],[-1.0487,53.6561],[-1.0688,53.704]]],[[[-0.9234,53.8807],[-1.065,53.8746],[-1.0953,53.8845],[-1.1015,53.8759],[-1.1064,53.8751],[-1.1272,53.862],[-1.0832,53.8219],[-1.044,53.8112],[-1.0457,53.7914],[-0.9733,53.7502],[-0.9304,53.7629],[-0.9234,53.8807]]]]},"properties":{"PCON24CD":"E14001464","PCON24NM":"Selby"}},
{"type":"Feature","geometry":{"type":"Polygon","coordinates":[[[0.2967,51.3971],[0.2776,51.4069],[0.2457,51.4077],[0.2336,51.4269],[0.2153,51.4342],[0.1529,51.4087],[0.1489,51.4084],[0.1532,51.378],[0.137,51.3442],[0.085,51.316],[0.0815,51.2918],[0.0424,51.2927],[0.0571,51.2512],[0.0428,51.2246],[0.172,51.2254],[0.2552,51.2764],[0.2967,51.3971]]]},"properties":{"PCON24CD":"E14001465","PCON24NM":"Sevenoaks"}},
{"type":"Feature","geometry":{"type":"Polygon","coordinates":[[[-1.4333,53.4383],[-1.4493,53.4398],[-1.4558,53.4304],[-1.4752,53.4375],[-1.4925,53.4366],[-1.5193,53.4256],[-1.5135,53.4184],[-1.5267,53.4072],[-1.5116,53.3998],[-1.5007,53.4024],[-1.4805,53.3913],[-1.4753,53.3939],[-1.4598,53.3881],[-1.4085,53.4203],[-1.4333,53.4383]]]},"properties":{"PCON24CD":"E14001466","PCON24NM":"Sheffield Brightside and Hillsborough"}},
{"type":"Feature","geometry":{"type":"Polygon","coordinates":[[[-1.4598,53.3881],[-1.4753,53.3939],[-1.4805,53.3913],[-1.5007,53.4024],[-1.5116,53.3998],[-1.5181,53.3907],[-1.5033,53.3908],[-1.4971,53.3869],[-1.5078,53.3806],[-1.5036,53.3718],[-1.5082,53.3597],[-1.4929,53.355],[-1.4879,53.3499],[-1.463,53.3687],[-1.4609,53.3812],[-1.4539,53.3852],[-1.4598,53.3881]]]},"properties":{"PCON24CD":"E14001467","PCON24NM":"Sheffield Central"}},
{"type":"Feature","geometry":{"type":"Polygon","coordinates":[[[-1.5193,53.4256],[-1.5628,53.4259],[-1.626,53.4476],[-1.6661,53.4429],[-1.7168,53.4193],[-1.705,53.4051],[-1.6538,53.3919],[-1.6642,53.3671],[-1.6123,53.3432],[-1.5991,53.3113],[-1.5484,53.307],[-1.4961,53.3164],[-1.515,53.3266],[-1.5143,53.3341],[-1.4879,53.3499],[-1.4929,53.355],[-1.5082,53.3597],[-1.5036,53.3718],[-1.5078,53.3806],[-1.4971,53.3869],[-1.5033,53.3908],[-1.5181,53.3907],[-1.5116,53.3998],[-1.5267,53.4072],[-1.5135,53.4184],[-1.5193,53.4256]]]},"properties":{"PCON24CD":"E14001468","PCON24NM":"Sheffield Hallam"}},
{"type":"Feature","geometry":{"type":"Polygon","coordinates":[[[-1.4539,53.3852],[-1.4609,53.3812],[-1.463,53.3687],[-1.4879,53.3499],[-1.5143,53.3341],[-1.515,53.3266],[-1.4961,53.3164],[-1.4552,53.3219],[-1.4615,53.328],[-1.4421,53.3374],[-1.4083,53.354],[-1.4236,53.3606],[-1.4129,53.3749],[-1.437,53.3844],[-1.4539,53.3852]]]},"properties":{"PCON24CD":"E14001469","PCON24NM":"Sheffield Heeley"}},
{"type":"Feature","geometry":{"type":"Polygon","coordinates":[[[-1.3625,53.3685],[-1.3799,53.3811],[-1.3769,53.3924],[-1.3917,53.4153],[-1.4085,53.4203],[-1.4598,53.3881],[-1.4539,53.3852],[-1.437,53.3844],[-1.4129,53.3749],[-1.4236,53.3606],[-1.4083,53.354],[-1.4421,53.3374],[-1.3907,53.336],[-1.3899,53.3185],[-1.3376,53.3159],[-1.3247,53.3288],[-1.3286,53.3489],[-1.3625,53.3685]]]},"properties":{"PCON24CD":"E14001470","PCON24NM":"Sheffield South East"}},
{"type":"Feature","geometry":{"type":"Polygon","coordinates":[[[-1.0275,53.2609],[-1.1033,53.2356],[-1.0973,53.2195],[-1.114,53.1959],[-1.1388,53.1879],[-1.1515,53.1721],[-1.1168,53.1537],[-1.1272,53.1245],[-1.1676,53.1159],[-1.2262,53.0813],[-1.2286,53.052],[-1.2576,53.0409],[-1.2413,53.0312],[-1.2224,53.0085],[-1.2102,53.0181],[-1.1827,53.0186],[-1.1718,53.0432],[-1.1461,53.0452],[-1.1338,53.0235],[-1.0419,53.0314],[-1.0539,53.0144],[-1.0312,52.9927],[-1.0071,52.9855],[-0.9314,53.0251],[-1.0275,53.0652],[-1.0393,53.0836],[-0.9563,53.1475],[-0.9805,53.1726],[-0.9438,53.2039],[-1.0275,53.2609]]]},"properties":{"PCON24CD":"E14001471","PCON24NM":"Sherwood Forest"}},
{"type":"Feature","geometry":{"type":"Polygon","coordinates":[[[-1.7272,53.9102],[-1.7775,53.9229],[-1.7805,53.9134],[-1.8388,53.8859],[-1.8576,53.8606],[-1.9267,53.8361],[-1.927,53.7875],[-1.8956,53.7809],[-1.8717,53.7941],[-1.8824,53.8076],[-1.8456,53.8186],[-1.7995,53.8272],[-1.774,53.8269],[-1.768,53.819],[-1.7549,53.817],[-1.7369,53.8236],[-1.7528,53.8431],[-1.7103,53.8635],[-1.7674,53.8668],[-1.8004,53.886],[-1.7292,53.8858],[-1.7272,53.9102]]]},"properties":{"PCON24CD":"E14001472","PCON24NM":"Shipley"}},
{"type":"Feature","geometry":{"type":"Polygon","coordinates":[[[-2.6635,52.7604],[-2.7973,52.7904],[-2.8358,52.7666],[-2.932,52.7879],[-2.9737,52.7357],[-3.0203,52.7217],[-3.0447,52.6656],[-2.9142,52.629],[-2.8215,52.6339],[-2.7092,52.6982],[-2.6243,52.7034],[-2.6635,52.7604]]]},"properties":{"PCON24CD":"E14001473","PCON24NM":"Shrewsbury"}},
{"type":"Feature","geometry":{"type":"MultiPolygon","coordinates":[[[[0.8773,51.3623],[0.8766,51.3607],[0.8778,51.3622],[0.8777,51.3623],[0.8773,51.3623]]],[[[0.7984,51.3703],[0.7975,51.3706],[0.797,51.37],[0.7972,51.3701],[0.7974,51.3701],[0.7983,51.3703],[0.7984,51.3703]]],[[[0.6664,51.3825],[0.6661,51.3827],[0.6654,51.3827],[0.6654,51.3826],[0.6664,51.3825]]],[[[0.7226,51.4182],[0.7224,51.4191],[0.7206,51.4184],[0.7217,51.418],[0.7221,51.4179],[0.7221,51.4175],[0.7232,51.4175],[0.7234,51.4175],[0.7226,51.4182],[0.7222,51.4185],[0.7221,51.4184],[0.7222,51.4185],[0.7226,51.4182]]],[[[0.7316,51.4164],[0.7301,51.4183],[0.7303,51.4178],[0.7305,51.4176],[0.7305,51.4175],[0.7309,51.4169],[0.7309,51.4168],[0.731,51.4166],[0.7313,51.4161],[0.7316,51.4164]]],[[[0.7301,51.4183],[0.728,51.4195],[0.728,51.4194],[0.729,51.4181],[0.7287,51.4179],[0.7303,51.4178],[0.7301,51.4183]]],[[[0.728,51.4195],[0.7272,51.4198],[0.7261,51.4173],[0.7313,51.4161],[0.731,51.4166],[0.7309,51.4168],[0.7309,51.4169],[0.7305,51.4175],[0.7303,51.4173],[0.7299,51.4173],[0.7303,51.4173],[0.7305,51.4175],[0.7305,51.4176],[0.7287,51.4179],[0.729,51.4181],[0.7278,51.4185],[0.728,51.4194],[0.728,51.4195]]],[[[0.7791,51.3615],[0.7603,51.3759],[0.7626,51.3842],[0.7188,51.4101],[0.7272,51.4198],[0.7278,51.42],[0.7253,51.4198],[0.7235,51.4182],[0.7234,51.4175],[0.7232,51.4175],[0.7222,51.4174],[0.7221,51.4175],[0.7221,51.4179],[0.7217,51.418],[0.7203,51.4174],[0.72,51.4176],[0.7203,51.4174],[0.7154,51.419],[0.7154,51.4189],[0.7154,51.419],[0.7138,51.419],[0.7139,51.4189],[0.7133,51.4184],[0.7139,51.4189],[0.7138,51.419],[0.7121,51.4187],[0.7116,51.4185],[0.7094,51.4184],[0.7107,51.4174],[0.7108,51.4177],[0.7109,51.4179],[0.711,51.4177],[0.7109,51.4179],[0.7108,51.4177],[0.7107,51.4174],[0.7036,51.4194],[0.6988,51.4126],[0.6992,51.4107],[0.7029,51.3919],[0.7019,51.3927],[0.7018,51.3926],[0.7019,51.3927],[0.6999,51.3928],[0.6994,51.3926],[0.6999,51.3928],[0.7003,51.3931],[0.6996,51.3928],[0.7003,51.3931],[0.687,51.3917],[0.6804,51.3797],[0.6664,51.3825],[0.6642,51.3822],[0.6654,51.3826],[0.6654,51.3827],[0.6648,51.3831],[0.6648,51.3828],[0.6639,51.3829],[0.6648,51.3828],[0.6628,51.383],[0.6618,51.3839],[0.6621,51.385],[0.6558,51.3924],[0.6269,51.3747],[0.6349,51.3664],[0.6121,51.3379],[0.6014,51.3333],[0.645,51.3362],[0.702,51.3167],[0.7299,51.3197],[0.7791,51.3615]]],[[[0.7173,51.4206],[0.7168,51.4202],[0.7204,51.4203],[0.72,51.4203],[0.7198,51.4203],[0.72,51.4203],[0.7204,51.4203],[0.7173,51.4206]]],[[[0.7254,51.4226],[0.7239,51.4218],[0.7259,51.422],[0.726,51.4222],[0.7254,51.4226]]],[[[0.7254,51.4226],[0.726,51.4222],[0.7259,51.422],[0.7274,51.4227],[0.7254,51.4226]]],[[[0.8742,51.3643],[0.8773,51.3623],[0.8777,51.3623],[0.878,51.3622],[0.8783,51.3622],[0.878,51.3622],[0.8778,51.3622],[0.8879,51.3565],[0.8871,51.357],[0.8879,51.3565],[0.9324,51.3682],[0.9349,51.3695],[0.9343,51.3699],[0.9349,51.3695],[0.9435,51.3717],[0.9437,51.3719],[0.9434,51.3737],[0.9442,51.3741],[0.9445,51.3743],[0.9453,51.3747],[0.9445,51.3743],[0.9442,51.3741],[0.9434,51.3737],[0.9444,51.3722],[0.9462,51.3722],[0.9464,51.3725],[0.9462,51.3722],[0.9459,51.3717],[0.9444,51.3722],[0.9437,51.3719],[0.9435,51.3717],[0.9014,51.4168],[0.8239,51.4256],[0.7435,51.4475],[0.7363,51.4211],[0.728,51.4076],[0.7984,51.3703],[0.7983,51.3703],[0.799,51.3701],[0.8047,51.3707],[0.8435,51.3685],[0.8434,51.3685],[0.8435,51.3685],[0.8423,51.3686],[0.8422,51.3686],[0.8423,51.3686],[0.8419,51.3687],[0.8419,51.3691],[0.8393,51.3697],[0.8389,51.3691],[0.8387,51.369],[0.8385,51.3691],[0.8387,51.369],[0.8389,51.3691],[0.8393,51.3697],[0.8417,51.3714],[0.8574,51.3672],[0.8661,51.3653],[0.8662,51.3662],[0.8661,51.3653],[0.8742,51.3643]]]]},"properties":{"PCON24CD":"E14001474","PCON24NM":"Sittingbourne and Sheppey"}},
{"type":"Feature","geometry":{"type":"Polygon","coordinates":[[[-1.6845,54.2616],[-2.0019,54.1764],[-2.1135,54.2326],[-2.3191,54.2572],[-2.4609,54.2267],[-2.5574,54.15],[-2.4695,54.0462],[-2.362,54.0407],[-2.3522,53.9946],[-2.2326,53.981],[-2.1845,53.9522],[-2.1322,53.9265],[-2.0748,53.8624],[-2.0461,53.8501],[-2.0218,53.8715],[-1.9824,53.8689],[-1.9769,53.9264],[-1.9582,53.954],[-1.9063,53.9584],[-1.8621,53.9406],[-1.8062,53.9387],[-1.7775,53.9229],[-1.7272,53.9102],[-1.716,53.9172],[-1.6207,53.9034],[-1.5687,53.9109],[-1.5526,53.903],[-1.5436,53.9549],[-1.6232,53.9975],[-1.6078,54.0289],[-1.5544,54.0325],[-1.5212,54.0215],[-1.5207,54.0756],[-1.4883,54.1236],[-1.3673,54.1676],[-1.618,54.1865],[-1.6845,54.2616]]]},"properties":{"PCON24CD":"E14001475","PCON24NM":"Skipton and Ripon"}},
{"type":"Feature","geometry":{"type":"Polygon","coordinates":[[[-0.4951,53.2253],[-0.532,53.2141],[-0.5178,53.1877],[-0.5162,53.1643],[-0.5275,53.1517],[-0.5604,53.1614],[-0.5526,53.1863],[-0.6175,53.2144],[-0.6536,53.2424],[-0.6666,53.2397],[-0.7306,53.2108],[-0.7162,53.0591],[-0.5228,53.0496],[-0.5319,52.9898],[-0.3768,52.9778],[-0.202,53.006],[-0.1961,53.0696],[-0.2897,53.1794],[-0.3543,53.228],[-0.4951,53.2253]]]},"properties":{"PCON24CD":"E14001476","PCON24NM":"Sleaford and North Hykeham"}},
{"type":"Feature","geometry":{"type":"Polygon","coordinates":[[[-0.5287,51.4971],[-0.5283,51.51],[-0.5687,51.5113],[-0.581,51.5231],[-0.6305,51.5389],[-0.6599,51.5284],[-0.6532,51.5151],[-0.6535,51.5005],[-0.6422,51.5006],[-0.6279,51.5044],[-0.6077,51.4973],[-0.6006,51.5023],[-0.5648,51.4916],[-0.5638,51.5068],[-0.5287,51.4971]]]},"properties":{"PCON24CD":"E14001477","PCON24NM":"Slough"}},
{"type":"Feature","geometry":{"type":"Polygon","coordinates":[[[-1.962,52.5099],[-1.9755,52.5116],[-2.0068,52.4914],[-2.032,52.4968],[-2.0424,52.4816],[-2.0577,52.4797],[-2.0447,52.4707],[-2.0235,52.4796],[-2.0132,52.4622],[-1.9775,52.4673],[-1.9508,52.4832],[-1.943,52.4915],[-1.951,52.5015],[-1.962,52.5099]]]},"properties":{"PCON24CD":"E14001478","PCON24NM":"Smethwick"}},
{"type":"Feature","geometry":{"type":"Polygon","coordinates":[[[-1.7825,52.4511],[-1.8049,52.4544],[-1.8171,52.4326],[-1.8253,52.4293],[-1.8337,52.4182],[-1.8494,52.4108],[-1.8688,52.4047],[-1.8455,52.4004],[-1.872,52.3676],[-1.8079,52.3666],[-1.8042,52.3628],[-1.7595,52.4029],[-1.7649,52.4126],[-1.7874,52.4138],[-1.7985,52.43],[-1.7811,52.4322],[-1.7825,52.4511]]]},"properties":{"PCON24CD":"E14001479","PCON24NM":"Solihull West and Shirley"}},
{"type":"Feature","geometry":{"type":"Polygon","coordinates":[[[0.5064,51.5449],[0.5227,51.5661],[0.5235,51.5902],[0.4993,51.5927],[0.4927,51.5732],[0.4314,51.567],[0.3826,51.5658],[0.313,51.5658],[0.3224,51.5405],[0.3356,51.5312],[0.3381,51.5006],[0.3523,51.4781],[0.4006,51.4694],[0.3984,51.4537],[0.4349,51.4631],[0.4528,51.5051],[0.4524,51.5053],[0.453,51.5059],[0.4535,51.506],[0.4538,51.5059],[0.4535,51.506],[0.453,51.5059],[0.4524,51.5053],[0.4528,51.5051],[0.4562,51.5058],[0.5085,51.5053],[0.5174,51.525],[0.5162,51.5256],[0.5147,51.5265],[0.5131,51.527],[0.5131,51.5269],[0.5131,51.527],[0.5147,51.5265],[0.5126,51.5274],[0.5102,51.5288],[0.5101,51.5287],[0.5088,51.5296],[0.5095,51.5293],[0.5101,51.5287],[0.5102,51.5288],[0.5058,51.533],[0.5072,51.5354],[0.5058,51.5378],[0.5049,51.5376],[0.5058,51.5378],[0.5055,51.538],[0.5048,51.5377],[0.5055,51.538],[0.5049,51.5387],[0.5039,51.5383],[0.5049,51.5387],[0.5029,51.539],[0.5061,51.5414],[0.5056,51.542],[0.5048,51.5418],[0.5045,51.5417],[0.5048,51.5418],[0.5056,51.542],[0.4923,51.5503],[0.4924,51.5503],[0.4923,51.5503],[0.4999,51.5572],[0.497,51.5486],[0.497,51.5487],[0.497,51.5486],[0.4973,51.5478],[0.4981,51.5473],[0.4981,51.5474],[0.4981,51.5473],[0.4973,51.5478],[0.5064,51.5449]]]},"properties":{"PCON24CD":"E14001480","PCON24NM":"South Basildon and East Thurrock"}},
{"type":"Feature","geometry":{"type":"Polygon","coordinates":[[[0.4173,52.1593],[0.3516,52.1687],[0.1714,52.2338],[0.1713,52.233],[0.1609,52.2208],[0.1799,52.2023],[0.1594,52.1843],[0.1326,52.187],[0.132,52.1682],[0.1069,52.1699],[0.0981,52.1806],[0.1047,52.189],[0.0687,52.2149],[-0.0053,52.219],[-0.0581,52.1581],[-0.2167,52.1588],[-0.1445,52.1382],[-0.1576,52.0804],[-0.1077,52.0284],[-0.0163,52.063],[0.0403,52.0533],[0.0682,52.0058],[0.106,52.0497],[0.2762,52.0927],[0.3638,52.0436],[0.4046,52.0655],[0.3818,52.1027],[0.4173,52.1593]]]},"properties":{"PCON24CD":"E14001481","PCON24NM":"South Cambridgeshire"}},
{"type":"Feature","geometry":{"type":"Polygon","coordinates":[[[-1.6937,51.7216],[-1.8232,51.7188],[-1.8959,51.764],[-2.2006,51.6928],[-2.1923,51.6598],[-2.2834,51.6668],[-2.3235,51.6328],[-2.3605,51.6334],[-2.3882,51.6372],[-2.3947,51.5974],[-2.2726,51.5776],[-2.2558,51.5221],[-2.2852,51.4579],[-2.2199,51.4418],[-2.1266,51.4792],[-2.0836,51.4687],[-2.0043,51.5188],[-1.9395,51.5456],[-1.9483,51.5707],[-1.8384,51.5801],[-1.8263,51.5794],[-1.8423,51.6125],[-1.7886,51.6327],[-1.7974,51.661],[-1.711,51.6718],[-1.6831,51.6901],[-1.6937,51.7216]]]},"properties":{"PCON24CD":"E14001482","PCON24NM":"South Cotswolds"}},
{"type":"Feature","geometry":{"type":"Polygon","coordinates":[[[-1.6071,52.9472],[-1.652,52.9084],[-1.6089,52.8843],[-1.6352,52.853],[-1.5899,52.8064],[-1.67,52.7736],[-1.7042,52.7321],[-1.6566,52.7217],[-1.6481,52.6984],[-1.5975,52.7004],[-1.5454,52.7282],[-1.5548,52.762],[-1.4623,52.7713],[-1.3794,52.8469],[-1.3193,52.8729],[-1.347,52.8797],[-1.3708,52.8948],[-1.4028,52.9005],[-1.4111,52.8846],[-1.4254,52.8739],[-1.4236,52.8651],[-1.4436,52.8611],[-1.4641,52.8726],[-1.4904,52.8693],[-1.5031,52.8848],[-1.5232,52.8873],[-1.5383,52.8885],[-1.5552,52.9061],[-1.5441,52.9242],[-1.6071,52.9472]]]},"properties":{"PCON24CD":"E14001483","PCON24NM":"South Derbyshire"}},
{"type":"Feature","geometry":{"type":"Polygon","coordinates":[[[-3.8756,50.5424],[-3.899,50.4726],[-3.9015,50.4522],[-3.822,50.4078],[-3.8149,50.3742],[-3.9259,50.3482],[-3.9216,50.3298],[-3.9207,50.3309],[-3.9216,50.3298],[-3.8539,50.3081],[-3.854,50.3083],[-3.8539,50.3081],[-3.8382,50.3103],[-3.8383,50.3076],[-3.8384,50.3074],[-3.8383,50.3076],[-3.8598,50.2343],[-3.7216,50.2019],[-3.6463,50.2832],[-3.5647,50.3344],[-3.5805,50.3722],[-3.6058,50.3873],[-3.6303,50.3967],[-3.647,50.4044],[-3.6495,50.4075],[-3.6573,50.4104],[-3.6668,50.4147],[-3.6671,50.4159],[-3.6672,50.416],[-3.6679,50.4162],[-3.6672,50.416],[-3.6671,50.4159],[-3.6651,50.4146],[-3.6649,50.4149],[-3.6651,50.4146],[-3.6712,50.4201],[-3.6826,50.4277],[-3.6822,50.4304],[-3.6846,50.4447],[-3.6842,50.445],[-3.6837,50.4452],[-3.6827,50.4457],[-3.6814,50.4462],[-3.6827,50.4457],[-3.6837,50.4452],[-3.6842,50.445],[-3.6846,50.4447],[-3.515,50.3517],[-3.5107,50.3977],[-3.5117,50.3979],[-3.5123,50.3982],[-3.5125,50.3986],[-3.5121,50.3992],[-3.5127,50.3984],[-3.513,50.3985],[-3.5569,50.4162],[-3.5693,50.4119],[-3.5876,50.4217],[-3.5813,50.4416],[-3.5905,50.4623],[-3.5842,50.4777],[-3.6739,50.466],[-3.7276,50.4977],[-3.8756,50.5424]]]},"properties":{"PCON24CD":"E14001484","PCON24NM":"South Devon"}},
{"type":"Feature","geometry":{"type":"MultiPolygon","coordinates":[[[[-2.0188,50.6932],[-2.0203,50.688],[-2.0147,50.6855],[-2.0164,50.6887],[-2.0176,50.6884],[-2.0188,50.6932]]],[[[-2.045,50.6705],[-2.0806,50.6506],[-2.1491,50.6923],[-2.2371,50.7202],[-2.266,50.7599],[-2.3037,50.7303],[-2.3743,50.6688],[-2.5253,50.6399],[-2.5085,50.6113],[-2.47,50.585],[-2.4257,50.6352],[-2.3791,50.6354],[-2.0263,50.589],[-1.961,50.591],[-1.9332,50.6309],[-1.9758,50.6631],[-1.9759,50.663],[-1.9774,50.6618],[-1.9766,50.661],[-1.9774,50.6618],[-1.9759,50.663],[-1.9758,50.6631],[-1.9769,50.6633],[-1.977,50.6632],[-1.9769,50.6633],[-1.98,50.6653],[-1.9814,50.6658],[-2.0087,50.6737],[-2.0087,50.6736],[-2.0091,50.6735],[-2.0095,50.6735],[-2.0095,50.6729],[-2.0095,50.6735],[-2.0091,50.6735],[-2.0087,50.6736],[-2.0087,50.6737],[-2.0097,50.6738],[-2.0099,50.6733],[-2.0103,50.6718],[-2.0102,50.6714],[-2.0101,50.6714],[-2.0102,50.6714],[-2.0106,50.6713],[-2.0099,50.6733],[-2.0097,50.6738],[-2.0126,50.6744],[-2.0126,50.6743],[-2.0126,50.6744],[-2.0124,50.6746],[-2.0107,50.6824],[-2.0217,50.677],[-2.0216,50.677],[-2.0217,50.677],[-2.0241,50.6759],[-2.0243,50.6754],[-2.0241,50.6759],[-2.026,50.6698],[-2.0262,50.6696],[-2.0272,50.6687],[-2.0271,50.6681],[-2.0272,50.6687],[-2.0262,50.6696],[-2.026,50.6698],[-2.0278,50.6704],[-2.028,50.6703],[-2.0278,50.6704],[-2.0275,50.6711],[-2.0278,50.671],[-2.0275,50.6711],[-2.0283,50.6729],[-2.0283,50.6728],[-2.0283,50.6717],[-2.0287,50.6715],[-2.0291,50.6713],[-2.0287,50.6715],[-2.0283,50.6717],[-2.0283,50.6728],[-2.0283,50.6729],[-2.045,50.6705]]]]},"properties":{"PCON24CD":"E14001485","PCON24NM":"South Dorset"}},
{"type":"Feature","geometry":{"type":"MultiPolygon","coordinates":[[[[-4.4645,50.3792],[-4.465,50.3756],[-4.4647,50.3771],[-4.4645,50.378],[-4.4642,50.3789],[-4.4645,50.3792]]],[[[-4.4658,50.3808],[-4.4658,50.381],[-4.466,50.381],[-4.4658,50.3808]]],[[[-4.4645,50.3792],[-4.4642,50.3789],[-4.4645,50.378],[-4.4647,50.3771],[-4.4572,50.3666],[-4.4546,50.3527],[-4.4363,50.361],[-4.2971,50.3598],[-4.1887,50.3175],[-4.2563,50.3758],[-4.2967,50.3826],[-4.2956,50.3874],[-4.3023,50.3878],[-4.3016,50.3876],[-4.3023,50.3878],[-4.3087,50.3908],[-4.3087,50.3909],[-4.3087,50.3908],[-4.3029,50.4075],[-4.2995,50.3947],[-4.2934,50.3911],[-4.2936,50.3912],[-4.2934,50.3911],[-4.2797,50.4046],[-4.2795,50.4046],[-4.2797,50.4046],[-4.2845,50.3885],[-4.2708,50.3868],[-4.2353,50.4014],[-4.2365,50.4387],[-4.2372,50.4388],[-4.2365,50.4387],[-4.2194,50.4281],[-4.2204,50.463],[-4.2203,50.463],[-4.2204,50.463],[-4.2273,50.4899],[-4.2274,50.49],[-4.2273,50.4899],[-4.2071,50.5172],[-4.2688,50.5353],[-4.3793,50.5724],[-4.4209,50.5419],[-4.609,50.534],[-4.6363,50.4428],[-4.7426,50.4221],[-4.768,50.3933],[-4.7102,50.3662],[-4.6628,50.3899],[-4.664,50.395],[-4.6307,50.3821],[-4.6201,50.324],[-4.5021,50.3308],[-4.4856,50.3676],[-4.4857,50.3676],[-4.4854,50.3683],[-4.486,50.3685],[-4.4854,50.3683],[-4.4857,50.3676],[-4.4856,50.3676],[-4.4795,50.3629],[-4.4582,50.3624],[-4.4617,50.372],[-4.4668,50.3756],[-4.4652,50.3773],[-4.4649,50.3793],[-4.4661,50.3804],[-4.4661,50.381],[-4.4657,50.3811],[-4.4646,50.3813],[-4.4658,50.3808],[-4.4645,50.3792]]]]},"properties":{"PCON24CD":"E14001486","PCON24NM":"South East Cornwall"}},
{"type":"Feature","geometry":{"type":"MultiPolygon","coordinates":[[[[0.2688,52.8159],[0.2646,52.8153],[0.2648,52.815],[0.2662,52.8143],[0.2663,52.8137],[0.2675,52.8133],[0.2688,52.8159]]],[[[0.2675,52.8132],[0.2663,52.8137],[0.2662,52.8143],[0.2652,52.8142],[0.2648,52.815],[0.2646,52.8153],[0.2613,52.8129],[0.2615,52.8126],[0.2618,52.8123],[0.2624,52.8117],[0.264,52.8102],[0.2624,52.8117],[0.2618,52.8123],[0.2615,52.8126],[0.2613,52.8129],[0.2569,52.8157],[0.2265,52.8177],[0.2267,52.8169],[0.2265,52.8177],[0.2256,52.8184],[0.2254,52.8172],[0.2252,52.8169],[0.2254,52.8172],[0.2256,52.8184],[0.2236,52.8205],[0.2164,52.8157],[0.1721,52.7379],[0.2332,52.7603],[0.2675,52.8132]]],[[[0.2103,52.8263],[0.2076,52.8269],[0.206,52.8264],[0.206,52.825],[0.2097,52.8259],[0.2101,52.8261],[0.2103,52.8263]]],[[[0.213,52.8266],[0.2103,52.8263],[0.2101,52.8261],[0.2099,52.8259],[0.2109,52.8261],[0.2113,52.8261],[0.2119,52.8262],[0.213,52.8266]]],[[[0.2094,52.8273],[0.2136,52.8285],[0.2098,52.8275],[0.2094,52.8273]]],[[[0.1144,52.8869],[0.1169,52.8919],[0.117,52.8921],[0.113,52.8868],[0.1149,52.8832],[0.1146,52.8841],[0.1144,52.8868],[0.1144,52.8869]]],[[[0.1126,52.8898],[0.1089,52.8905],[0.1091,52.8895],[0.1089,52.8905],[0.1021,52.8938],[0.1011,52.8912],[0.1012,52.8904],[0.1011,52.8912],[0.1011,52.894],[0.0999,52.8926],[0.1016,52.8843],[0.1016,52.8842],[0.1018,52.8839],[0.1029,52.8838],[0.1076,52.8834],[0.1091,52.8834],[0.1115,52.8839],[0.1126,52.8898],[0.1124,52.8898],[0.1119,52.8892],[0.1118,52.887],[0.1119,52.8892],[0.1124,52.8898],[0.1126,52.8898]]],[[[0.0312,52.8981],[0.0294,52.8986],[0.0289,52.8983],[0.0282,52.8979],[0.0283,52.8978],[0.0301,52.8977],[0.0312,52.8981]]],[[[0.064,52.9166],[0.0392,52.9035],[0.0373,52.9024],[0.0351,52.9003],[0.033,52.8998],[0.0328,52.8972],[0.0327,52.8971],[0.0349,52.897],[0.035,52.8975],[0.0533,52.9033],[0.0599,52.9054],[0.0583,52.9053],[0.0599,52.9054],[0.0625,52.9067],[0.0574,52.9069],[0.0625,52.9067],[0.061,52.9083],[0.0606,52.9085],[0.0535,52.9069],[0.0606,52.9085],[0.061,52.9083],[0.0638,52.9089],[0.0633,52.9089],[0.0638,52.9089],[0.0658,52.915],[0.0653,52.9147],[0.0658,52.915],[0.0655,52.915],[0.0641,52.9147],[0.0625,52.9148],[0.0639,52.916],[0.0643,52.9161],[0.0641,52.9165],[0.064,52.9166]]],[[[0.0655,52.915],[0.0685,52.9157],[0.0669,52.9186],[0.064,52.9166],[0.0641,52.9165],[0.0643,52.9161],[0.0639,52.916],[0.0641,52.9147],[0.0655,52.915]]],[[[0.1712,52.7382],[0.2134,52.819],[0.2142,52.8214],[0.2142,52.8215],[0.2143,52.8217],[0.2099,52.8203],[0.2098,52.8203],[0.2093,52.8204],[0.2098,52.8203],[0.2099,52.8203],[0.2116,52.823],[0.2114,52.8229],[0.2076,52.8222],[0.2114,52.8229],[0.2116,52.823],[0.2141,52.826],[0.2119,52.8262],[0.2113,52.8261],[0.2109,52.8261],[0.2099,52.8259],[0.2097,52.8259],[0.206,52.825],[0.2054,52.8247],[0.206,52.8264],[0.2076,52.8269],[0.2094,52.8273],[0.2098,52.8275],[0.2082,52.8283],[0.2076,52.828],[0.2082,52.8283],[0.2084,52.8284],[0.209,52.8287],[0.2081,52.8318],[0.2076,52.8317],[0.2081,52.8318],[0.2073,52.8331],[0.2067,52.833],[0.2073,52.8331],[0.2061,52.8335],[0.2059,52.8333],[0.2049,52.833],[0.2038,52.8327],[0.2049,52.833],[0.2059,52.8333],[0.2061,52.8335],[0.2055,52.8336],[0.2054,52.8336],[0.1997,52.8329],[0.199,52.833],[0.1997,52.8329],[0.2042,52.8337],[0.2023,52.8338],[0.2042,52.8337],[0.2054,52.8336],[0.2055,52.8336],[0.1986,52.8352],[0.1978,52.8347],[0.1971,52.8347],[0.1967,52.8347],[0.1971,52.8347],[0.1978,52.8347],[0.1986,52.8352],[0.1985,52.8357],[0.1982,52.8358],[0.1985,52.8357],[0.1938,52.8372],[0.1936,52.8371],[0.1938,52.8372],[0.1965,52.8447],[0.1956,52.8445],[0.1965,52.8447],[0.1971,52.8462],[0.1971,52.8461],[0.1971,52.8462],[0.1922,52.846],[0.1919,52.846],[0.1855,52.8443],[0.1849,52.8444],[0.1847,52.8445],[0.1849,52.8444],[0.1855,52.8443],[0.1914,52.8461],[0.1919,52.846],[0.1922,52.846],[0.1938,52.8465],[0.1938,52.8466],[0.1936,52.8467],[0.1938,52.8466],[0.1938,52.8465],[0.192,52.847],[0.1873,52.8501],[0.1874,52.8505],[0.1838,52.849],[0.1831,52.8487],[0.1838,52.849],[0.182,52.8499],[0.1813,52.8499],[0.182,52.8499],[0.1823,52.8526],[0.1822,52.8522],[0.1822,52.8521],[0.1822,52.8522],[0.1823,52.8526],[0.1768,52.8532],[0.176,52.8515],[0.1756,52.8511],[0.176,52.8515],[0.173,52.8527],[0.1728,52.8526],[0.1724,52.8523],[0.1728,52.8526],[0.173,52.8527],[0.1768,52.8532],[0.1716,52.8546],[0.1715,52.8548],[0.1716,52.8546],[0.1669,52.8595],[0.1716,52.8564],[0.1831,52.8551],[0.183,52.8551],[0.1831,52.8551],[0.1854,52.8556],[0.1852,52.8556],[0.1854,52.8556],[0.1804,52.8567],[0.1814,52.8579],[0.1787,52.8576],[0.1784,52.8574],[0.1772,52.8567],[0.1768,52.8566],[0.176,52.8565],[0.1751,52.8565],[0.176,52.8565],[0.1768,52.8566],[0.1772,52.8567],[0.1784,52.8574],[0.1787,52.8576],[0.1782,52.8577],[0.1776,52.8577],[0.1782,52.8577],[0.1791,52.8583],[0.1773,52.8585],[0.1756,52.8588],[0.1753,52.8591],[0.1756,52.8588],[0.1773,52.8585],[0.1791,52.8583],[0.1814,52.8579],[0.1802,52.8591],[0.18,52.8592],[0.1802,52.8591],[0.1818,52.859],[0.1809,52.8593],[0.1818,52.859],[0.1796,52.8637],[0.1793,52.8636],[0.1781,52.8623],[0.178,52.8621],[0.1781,52.8623],[0.1793,52.8636],[0.1796,52.8637],[0.1787,52.8641],[0.1766,52.8641],[0.176,52.8642],[0.1766,52.8641],[0.1787,52.8641],[0.1764,52.8648],[0.1759,52.8649],[0.1764,52.8648],[0.1774,52.8663],[0.1774,52.8664],[0.1755,52.8659],[0.1752,52.8656],[0.1755,52.8659],[0.1755,52.8663],[0.1754,52.8663],[0.1755,52.8663],[0.1774,52.8664],[0.1774,52.8663],[0.1769,52.8725],[0.1739,52.874],[0.1737,52.8738],[0.1739,52.874],[0.1688,52.8747],[0.1683,52.8744],[0.1688,52.8747],[0.1631,52.8767],[0.1615,52.8769],[0.1631,52.8767],[0.153,52.8779],[0.153,52.878],[0.153,52.8779],[0.1452,52.8722],[0.1457,52.872],[0.1465,52.8716],[0.1457,52.872],[0.1452,52.8722],[0.1498,52.8801],[0.1491,52.8791],[0.149,52.879],[0.1491,52.8791],[0.1498,52.8801],[0.1501,52.8807],[0.1491,52.8799],[0.1501,52.8807],[0.15,52.881],[0.1495,52.8812],[0.1476,52.8804],[0.1475,52.8804],[0.1465,52.88],[0.1475,52.8804],[0.1476,52.8804],[0.1495,52.8812],[0.1438,52.8801],[0.1443,52.8799],[0.1438,52.8801],[0.1332,52.8795],[0.1336,52.88],[0.1332,52.8795],[0.1405,52.8853],[0.1401,52.885],[0.1405,52.8853],[0.1396,52.8854],[0.1394,52.8851],[0.1396,52.8854],[0.1397,52.8855],[0.1329,52.8883],[0.121,52.8904],[0.1209,52.8895],[0.1208,52.889],[0.1203,52.888],[0.1203,52.8874],[0.1204,52.8867],[0.1204,52.8866],[0.1205,52.8864],[0.1204,52.8866],[0.1204,52.8867],[0.1203,52.8874],[0.1203,52.888],[0.1208,52.889],[0.1209,52.8895],[0.121,52.8904],[0.1192,52.8903],[0.1195,52.8898],[0.1189,52.8862],[0.119,52.884],[0.119,52.8839],[0.119,52.8838],[0.119,52.8839],[0.1176,52.8831],[0.118,52.8828],[0.1185,52.8823],[0.1179,52.8816],[0.118,52.8816],[0.1179,52.8816],[0.1185,52.8823],[0.118,52.8828],[0.1176,52.8831],[0.119,52.884],[0.1189,52.8862],[0.1195,52.8898],[0.1192,52.8903],[0.117,52.8921],[0.1169,52.8919],[0.1164,52.8825],[0.1161,52.8821],[0.116,52.882],[0.1161,52.8821],[0.1164,52.8825],[0.1144,52.8869],[0.1144,52.8868],[0.1146,52.8841],[0.1149,52.8832],[0.1119,52.883],[0.1091,52.8834],[0.1076,52.8834],[0.1029,52.8838],[0.1018,52.8839],[0.1016,52.8842],[0.1016,52.8843],[0.0976,52.8926],[0.0975,52.8926],[0.0967,52.8915],[0.0967,52.8905],[0.0967,52.8895],[0.097,52.8891],[0.0967,52.8895],[0.0967,52.8905],[0.0967,52.8915],[0.096,52.891],[0.0975,52.8926],[0.0976,52.8926],[0.0961,52.894],[0.0921,52.8913],[0.0958,52.8851],[0.0988,52.8846],[0.0986,52.8844],[0.0983,52.8844],[0.0986,52.8844],[0.0988,52.8846],[0.0958,52.8851],[0.0924,52.8864],[0.0923,52.8864],[0.0916,52.8855],[0.0923,52.8864],[0.0924,52.8864],[0.0916,52.8942],[0.0904,52.8951],[0.0873,52.8923],[0.087,52.8923],[0.0794,52.8943],[0.0795,52.8944],[0.0794,52.8943],[0.087,52.8923],[0.0873,52.8923],[0.0827,52.8959],[0.0825,52.8958],[0.0827,52.8959],[0.0786,52.8943],[0.0759,52.8954],[0.0758,52.8954],[0.0759,52.8954],[0.0839,52.8971],[0.0826,52.8979],[0.0832,52.8979],[0.0861,52.8982],[0.0859,52.8998],[0.0799,52.898],[0.073,52.8966],[0.0729,52.8965],[0.073,52.8966],[0.0817,52.9],[0.0815,52.8999],[0.0817,52.9],[0.0811,52.9008],[0.0806,52.9007],[0.0811,52.9008],[0.0723,52.9032],[0.0728,52.9049],[0.0722,52.9045],[0.0728,52.9049],[0.0721,52.9052],[0.068,52.9044],[0.0663,52.9004],[0.0663,52.9003],[0.0663,52.9004],[0.0654,52.8998],[0.0621,52.8994],[0.0621,52.8993],[0.0561,52.9002],[0.0561,52.9003],[0.0621,52.8993],[0.0621,52.8994],[0.0539,52.9018],[0.054,52.9017],[0.0539,52.9018],[0.0489,52.9011],[0.0487,52.901],[0.0485,52.9008],[0.0497,52.8998],[0.0485,52.9008],[0.0487,52.901],[0.0489,52.9011],[0.0474,52.901],[0.0472,52.9007],[0.0474,52.901],[0.042,52.8973],[0.0423,52.8973],[0.042,52.8973],[0.0419,52.8973],[0.035,52.8975],[0.0349,52.897],[0.0327,52.8971],[0.0328,52.8972],[0.0312,52.8981],[0.0301,52.8977],[0.0283,52.8978],[0.0282,52.8979],[0.0281,52.898],[0.0278,52.8978],[0.0267,52.8974],[0.0257,52.8971],[0.0267,52.8974],[0.0278,52.8978],[0.0281,52.898],[0.0289,52.8983],[0.0294,52.8986],[0.0205,52.8959],[0.0191,52.8933],[0.0197,52.8931],[0.0191,52.8933],[0.0152,52.8934],[0.0153,52.8934],[0.0154,52.8932],[0.0153,52.8929],[0.0154,52.8932],[0.0153,52.8934],[0.0152,52.8934],[-0.0312,52.8739],[-0.037,52.8724],[-0.069,52.8642],[-0.0698,52.8644],[-0.2467,52.9288],[-0.2763,52.8617],[-0.2607,52.771],[-0.3045,52.7461],[-0.278,52.7108],[-0.3628,52.6601],[-0.3192,52.6751],[-0.2587,52.6516],[-0.206,52.6681],[-0.1411,52.6515],[-0.1022,52.6722],[-0.0313,52.6615],[0.0441,52.7144],[0.1712,52.7382]]]]},"properties":{"PCON24CD":"E14001487","PCON24NM":"South Holland and The Deepings"}},
{"type":"Feature","geometry":{"type":"Polygon","coordinates":[[[-1.168,52.6014],[-1.2042,52.6171],[-1.2646,52.6144],[-1.302,52.5614],[-1.3391,52.5529],[-1.3251,52.5011],[-1.3078,52.4945],[-1.2016,52.3967],[-1.1385,52.402],[-1.0277,52.4585],[-1.0489,52.4798],[-1.0155,52.5327],[-1.0698,52.5441],[-1.1436,52.588],[-1.1593,52.5912],[-1.168,52.6014]]]},"properties":{"PCON24CD":"E14001488","PCON24NM":"South Leicestershire"}},
{"type":"Feature","geometry":{"type":"Polygon","coordinates":[[[1.2066,52.6609],[1.0976,52.6498],[1.1355,52.6141],[1.0614,52.5374],[1.0895,52.5146],[1.2669,52.4523],[1.3449,52.4646],[1.3657,52.5174],[1.5095,52.5012],[1.544,52.4632],[1.5872,52.4789],[1.6043,52.4717],[1.6066,52.467],[1.6273,52.4625],[1.6492,52.472],[1.6581,52.4684],[1.6637,52.4752],[1.6697,52.4762],[1.6705,52.483],[1.682,52.4907],[1.6821,52.4952],[1.6541,52.5013],[1.646,52.5154],[1.6283,52.523],[1.6268,52.5286],[1.579,52.5559],[1.5728,52.5586],[1.5595,52.5573],[1.5544,52.5593],[1.5411,52.553],[1.541,52.5529],[1.5163,52.5421],[1.5162,52.5421],[1.5144,52.541],[1.5162,52.5421],[1.5163,52.5421],[1.541,52.5529],[1.5411,52.553],[1.4969,52.5711],[1.422,52.6219],[1.3456,52.6211],[1.3207,52.6184],[1.3212,52.6178],[1.3127,52.6131],[1.2873,52.5967],[1.2578,52.5981],[1.2285,52.6217],[1.2129,52.6271],[1.2051,52.6395],[1.2099,52.6505],[1.2307,52.655],[1.2485,52.6477],[1.2222,52.6731],[1.2066,52.6609]]]},"properties":{"PCON24CD":"E14001489","PCON24NM":"South Norfolk"}},
{"type":"Feature","geometry":{"type":"Polygon","coordinates":[[[-0.6537,52.2683],[-0.6851,52.2774],[-0.7914,52.2422],[-0.8409,52.237],[-0.837,52.2117],[-0.8658,52.2048],[-0.8943,52.1861],[-0.932,52.2067],[-0.9677,52.2187],[-0.9618,52.2595],[-1.0661,52.2273],[-1.1374,52.1464],[-1.2518,52.102],[-1.308,52.0923],[-1.2873,51.9876],[-1.2006,51.9779],[-1.1181,52.0154],[-1.122,52.0451],[-1.0263,52.0754],[-0.9451,52.0769],[-0.8713,52.0402],[-0.8352,52.0798],[-0.8873,52.1147],[-0.8282,52.1326],[-0.8076,52.157],[-0.6681,52.195],[-0.6537,52.2683]]]},"properties":{"PCON24CD":"E14001490","PCON24NM":"South Northamptonshire"}},
{"type":"Feature","geometry":{"type":"MultiPolygon","coordinates":[[[[-2.8065,53.6416],[-2.8109,53.6482],[-2.8092,53.6601],[-2.8165,53.6727],[-2.8234,53.668],[-2.8149,53.661],[-2.8144,53.6484],[-2.8065,53.6416]]],[[[-2.7183,53.7533],[-2.7572,53.7564],[-2.8185,53.7393],[-2.8189,53.7392],[-2.8185,53.7393],[-2.8292,53.7408],[-2.8291,53.7407],[-2.8282,53.7399],[-2.8278,53.7398],[-2.8282,53.7399],[-2.8291,53.7407],[-2.8292,53.7408],[-2.8415,53.7389],[-2.8418,53.7389],[-2.8415,53.7389],[-2.8502,53.7347],[-2.8494,53.735],[-2.8502,53.7347],[-2.8501,53.7323],[-2.8491,53.7326],[-2.8488,53.7329],[-2.8487,53.7329],[-2.8488,53.7329],[-2.8491,53.7326],[-2.8452,53.7302],[-2.8367,53.735],[-2.8366,53.735],[-2.8367,53.734],[-2.8367,53.7339],[-2.8367,53.734],[-2.8366,53.735],[-2.8367,53.735],[-2.8379,53.7288],[-2.8243,53.7307],[-2.8241,53.7308],[-2.8231,53.7307],[-2.8241,53.7308],[-2.8243,53.7307],[-2.8235,53.7034],[-2.8259,53.7005],[-2.8315,53.7007],[-2.833,53.6991],[-2.8325,53.6949],[-2.8297,53.6938],[-2.8288,53.6907],[-2.8257,53.6876],[-2.8222,53.6878],[-2.8196,53.6872],[-2.8181,53.6855],[-2.824,53.6807],[-2.8185,53.6766],[-2.8098,53.6623],[-2.8087,53.6587],[-2.8086,53.6538],[-2.8108,53.6483],[-2.8062,53.6413],[-2.8064,53.6401],[-2.8011,53.625],[-2.7588,53.6147],[-2.6946,53.6158],[-2.6533,53.6356],[-2.6727,53.6647],[-2.6772,53.7035],[-2.6584,53.7177],[-2.6902,53.7218],[-2.6987,53.7345],[-2.6953,53.7387],[-2.7043,53.7502],[-2.7085,53.7479],[-2.7127,53.748],[-2.7168,53.7495],[-2.7183,53.7533]]]]},"properties":{"PCON24CD":"E14001491","PCON24NM":"South Ribble"}},
{"type":"Feature","geometry":{"type":"Polygon","coordinates":[[[-1.3631,54.9441],[-1.3533,54.9575],[-1.3619,54.9717],[-1.382,54.9861],[-1.4038,54.9935],[-1.425,55.0076],[-1.4388,55.0046],[-1.4506,54.9866],[-1.4606,54.971],[-1.4501,54.9586],[-1.4289,54.95],[-1.4527,54.9415],[-1.4501,54.934],[-1.4194,54.9299],[-1.4125,54.9358],[-1.3971,54.9397],[-1.3757,54.9369],[-1.3631,54.9441]]]},"properties":{"PCON24CD":"E14001492","PCON24NM":"South Shields"}},
{"type":"Feature","geometry":{"type":"Polygon","coordinates":[[[-2.5101,52.6384],[-2.6243,52.7034],[-2.7092,52.6982],[-2.8215,52.6339],[-2.9142,52.629],[-3.0447,52.6656],[-3.0335,52.5038],[-3.2309,52.4532],[-3.0599,52.348],[-2.9547,52.3492],[-2.8182,52.3912],[-2.7124,52.3081],[-2.6181,52.3069],[-2.4147,52.3682],[-2.3779,52.3832],[-2.3635,52.4394],[-2.3101,52.4379],[-2.2874,52.4553],[-2.3127,52.4892],[-2.2616,52.5236],[-2.2618,52.5638],[-2.322,52.5936],[-2.3211,52.6147],[-2.4164,52.6449],[-2.4366,52.6271],[-2.4381,52.6146],[-2.5008,52.6297],[-2.5101,52.6384]]]},"properties":{"PCON24CD":"E14001493","PCON24NM":"South Shropshire"}},
{"type":"Feature","geometry":{"type":"MultiPolygon","coordinates":[[[[1.241,51.9605],[1.2398,51.9606],[1.2396,51.9606],[1.2394,51.9593],[1.2407,51.9592],[1.24,51.9599],[1.2395,51.9599],[1.24,51.9599],[1.241,51.9605]]],[[[1.2333,51.9579],[1.2323,51.9579],[1.2327,51.9578],[1.2333,51.9579]]],[[[1.1519,51.9641],[1.153,51.9639],[1.1529,51.9642],[1.152,51.9641],[1.1519,51.9641]]],[[[1.153,51.9639],[1.1532,51.9636],[1.1538,51.9636],[1.1527,51.9646],[1.1528,51.9644],[1.1528,51.9643],[1.1529,51.9642],[1.153,51.9639]]],[[[0.716,52.1777],[0.6334,52.1425],[0.6569,52.0854],[0.7815,51.9665],[0.8421,51.9618],[0.9559,51.9763],[1.0539,51.953],[1.0722,51.9548],[1.0721,51.9548],[1.0722,51.9548],[1.0704,51.9552],[1.1015,51.9551],[1.1013,51.9553],[1.1015,51.9552],[1.1519,51.9641],[1.152,51.9641],[1.1528,51.9643],[1.1528,51.9644],[1.1527,51.9646],[1.1884,51.9556],[1.2281,51.9564],[1.2275,51.9569],[1.2271,51.9573],[1.2275,51.9569],[1.2281,51.9564],[1.2327,51.9578],[1.2323,51.9579],[1.2396,51.9606],[1.2398,51.9606],[1.241,51.9605],[1.2419,51.9601],[1.2678,51.9771],[1.243,51.9909],[1.2429,51.9907],[1.2429,51.9906],[1.2429,51.9907],[1.243,51.9909],[1.2426,51.9909],[1.2423,51.9907],[1.2426,51.9909],[1.2427,51.9919],[1.1491,52.034],[1.134,52.0305],[1.1129,52.0346],[1.1073,52.0465],[1.122,52.0615],[1.0261,52.0709],[0.9515,52.1106],[0.9466,52.1455],[0.716,52.1777]]]]},"properties":{"PCON24CD":"E14001494","PCON24NM":"South Suffolk"}},
{"type":"Feature","geometry":{"type":"Polygon","coordinates":[[[-4.0871,50.395],[-4.0831,50.3867],[-4.0991,50.3798],[-4.1124,50.3593],[-4.1287,50.3429],[-4.1209,50.3345],[-4.0711,50.3034],[-3.9605,50.3045],[-3.9345,50.3331],[-3.929,50.3346],[-3.9264,50.3398],[-3.9259,50.3482],[-3.8149,50.3742],[-3.822,50.4078],[-3.9015,50.4522],[-3.899,50.4726],[-3.939,50.4844],[-3.9964,50.5435],[-4.081,50.5135],[-4.1311,50.5189],[-4.1505,50.4651],[-4.1635,50.4276],[-4.1249,50.4357],[-4.0826,50.4246],[-4.0774,50.4137],[-4.0871,50.395]]]},"properties":{"PCON24CD":"E14001495","PCON24NM":"South West Devon"}},
{"type":"Feature","geometry":{"type":"Polygon","coordinates":[[[-0.4119,51.7321],[-0.4221,51.7408],[-0.4505,51.7263],[-0.4845,51.7242],[-0.4759,51.6985],[-0.5155,51.7066],[-0.5243,51.6821],[-0.5051,51.6731],[-0.5379,51.6423],[-0.5225,51.6051],[-0.5006,51.5997],[-0.4882,51.627],[-0.4571,51.6123],[-0.4383,51.6199],[-0.4014,51.6132],[-0.3682,51.6207],[-0.3626,51.6235],[-0.3774,51.6377],[-0.4284,51.6413],[-0.4244,51.655],[-0.4383,51.6643],[-0.4314,51.6824],[-0.4131,51.6885],[-0.4024,51.7019],[-0.3756,51.6929],[-0.3808,51.707],[-0.4059,51.7138],[-0.4119,51.7321]]]},"properties":{"PCON24CD":"E14001496","PCON24NM":"South West Hertfordshire"}},
{"type":"Feature","geometry":{"type":"MultiPolygon","coordinates":[[[[0.6969,52.7009],[0.3869,52.6881],[0.3666,52.7255],[0.3656,52.6134],[0.2457,52.5004],[0.3671,52.4959],[0.4293,52.4365],[0.6634,52.4621],[0.7124,52.3946],[0.8554,52.3994],[0.9675,52.3701],[1.0629,52.4332],[0.9214,52.4641],[0.8269,52.4556],[0.7546,52.6735],[0.6969,52.7009]]],[[[0.3642,52.7255],[0.3072,52.7259],[0.1838,52.6557],[0.2058,52.5339],[0.2363,52.5073],[0.2456,52.5006],[0.3646,52.6133],[0.3642,52.7255]]]]},"properties":{"PCON24CD":"E14001497","PCON24NM":"South West Norfolk"}},
{"type":"Feature","geometry":{"type":"Polygon","coordinates":[[[-2.0066,51.2323],[-2.0883,51.2466],[-2.1767,51.3246],[-2.2783,51.3024],[-2.2453,51.2539],[-2.3463,51.1305],[-2.3259,51.0797],[-2.218,51.0552],[-2.1476,51.1275],[-2.0164,51.1159],[-1.991,51.1847],[-2.0066,51.2323]]]},"properties":{"PCON24CD":"E14001498","PCON24NM":"South West Wiltshire"}},
{"type":"Feature","geometry":{"type":"MultiPolygon","coordinates":[[[[-1.3883,50.9051],[-1.4154,50.9148],[-1.4167,50.9006],[-1.4035,50.8956],[-1.3872,50.8974],[-1.3883,50.9051]]],[[[-1.324,50.9044],[-1.3334,50.9199],[-1.3531,50.9262],[-1.359,50.938],[-1.3766,50.9352],[-1.3802,50.9321],[-1.3729,50.9139],[-1.3825,50.9064],[-1.3841,50.8906],[-1.3651,50.88],[-1.324,50.9044]]]]},"properties":{"PCON24CD":"E14001499","PCON24NM":"Southampton Itchen"}},
{"type":"Feature","geometry":{"type":"Polygon","coordinates":[[[-1.3809,50.9324],[-1.3965,50.938],[-1.4288,50.929],[-1.4318,50.9358],[-1.4238,50.9472],[-1.4493,50.949],[-1.477,50.9288],[-1.4767,50.9265],[-1.4668,50.9109],[-1.4509,50.9041],[-1.4398,50.9082],[-1.4167,50.9006],[-1.4154,50.9148],[-1.3883,50.9051],[-1.3781,50.9125],[-1.3809,50.9324]]]},"properties":{"PCON24CD":"E14001500","PCON24NM":"Southampton Test"}},
{"type":"Feature","geometry":{"type":"MultiPolygon","coordinates":[[[[0.7462,51.5787],[0.746,51.5787],[0.7455,51.578],[0.7469,51.5776],[0.747,51.5777],[0.7462,51.5787]]],[[[0.75,51.5788],[0.7486,51.5787],[0.7484,51.5783],[0.7498,51.5787],[0.75,51.5788]]],[[[0.7431,51.5807],[0.7431,51.5806],[0.7454,51.581],[0.7431,51.5807]]],[[[0.9552,51.6194],[0.8736,51.6137],[0.8328,51.5757],[0.8565,51.5565],[0.9184,51.5864],[0.9552,51.6194]]],[[[0.746,51.5787],[0.7462,51.5787],[0.747,51.5777],[0.7469,51.5776],[0.7455,51.578],[0.7345,51.5795],[0.7363,51.5795],[0.7462,51.5821],[0.7463,51.582],[0.7465,51.5819],[0.7477,51.5816],[0.7964,51.5864],[0.7845,51.6135],[0.7843,51.6136],[0.7845,51.6135],[0.7824,51.6179],[0.7978,51.6152],[0.8014,51.6114],[0.8015,51.6114],[0.8014,51.6114],[0.8258,51.6157],[0.8151,51.6204],[0.7799,51.6187],[0.764,51.6368],[0.7331,51.6303],[0.7114,51.6337],[0.7005,51.6195],[0.7125,51.6012],[0.6795,51.59],[0.6397,51.5896],[0.644,51.5751],[0.7086,51.5664],[0.7184,51.5609],[0.739,51.5594],[0.736,51.5477],[0.7225,51.5435],[0.7136,51.5508],[0.693,51.5436],[0.6879,51.5354],[0.7874,51.5219],[0.8442,51.5494],[0.8059,51.5861],[0.751,51.5777],[0.7505,51.5776],[0.751,51.5777],[0.7484,51.5783],[0.7486,51.5787],[0.746,51.5787]]]]},"properties":{"PCON24CD":"E14001501","PCON24NM":"Southend East and Rochford"}},
{"type":"Feature","geometry":{"type":"MultiPolygon","coordinates":[[[[0.6274,51.5331],[0.6365,51.535],[0.6412,51.5369],[0.6413,51.5369],[0.6412,51.5369],[0.6412,51.5362],[0.6413,51.5362],[0.6412,51.5362],[0.6412,51.5361],[0.641,51.536],[0.6425,51.5358],[0.6439,51.5377],[0.6459,51.5383],[0.6456,51.5385],[0.6412,51.5378],[0.6244,51.5363],[0.6274,51.5331]]],[[[0.644,51.5751],[0.6321,51.5705],[0.6356,51.5606],[0.6255,51.5537],[0.6258,51.5381],[0.6283,51.5387],[0.6287,51.5389],[0.6288,51.5391],[0.6287,51.5389],[0.6287,51.5387],[0.6432,51.5411],[0.6879,51.5354],[0.693,51.5436],[0.7136,51.5508],[0.7225,51.5435],[0.736,51.5477],[0.739,51.5594],[0.7184,51.5609],[0.7086,51.5664],[0.644,51.5751]]]]},"properties":{"PCON24CD":"E14001502","PCON24NM":"Southend West and Leigh"}},
{"type":"Feature","geometry":{"type":"Polygon","coordinates":[[[-0.1094,51.6455],[-0.1251,51.6515],[-0.1272,51.6668],[-0.1485,51.6723],[-0.1489,51.681],[-0.1635,51.6859],[-0.182,51.6687],[-0.1859,51.6628],[-0.1547,51.6555],[-0.1404,51.6376],[-0.1291,51.6323],[-0.1445,51.6155],[-0.1243,51.6012],[-0.1126,51.5882],[-0.1034,51.5905],[-0.096,51.5983],[-0.0768,51.5984],[-0.0856,51.6085],[-0.0873,51.6164],[-0.1178,51.6296],[-0.1094,51.6455]]]},"properties":{"PCON24CD":"E14001503","PCON24NM":"Southgate and Wood Green"}},
{"type":"Feature","geometry":{"type":"MultiPolygon","coordinates":[[[[-2.9011,53.7253],[-2.9053,53.7264],[-2.9051,53.7263],[-2.9053,53.7264],[-2.9029,53.7226],[-2.8971,53.723],[-2.8974,53.7231],[-2.9011,53.7253]]],[[[-2.8903,53.7292],[-2.8978,53.7274],[-2.8964,53.7256],[-2.8911,53.7273],[-2.891,53.7276],[-2.8905,53.7287],[-2.8905,53.7288],[-2.8903,53.7292]]],[[[-2.8882,53.7266],[-2.8898,53.7292],[-2.8897,53.7291],[-2.8898,53.7292],[-2.8903,53.7292],[-2.8905,53.7288],[-2.8905,53.7287],[-2.891,53.7276],[-2.8911,53.7273],[-2.8883,53.7265],[-2.8882,53.7266]]],[[[-2.8165,53.6727],[-2.8244,53.681],[-2.823,53.6842],[-2.819,53.6848],[-2.819,53.6865],[-2.822,53.6875],[-2.8257,53.6873],[-2.8293,53.6904],[-2.8302,53.6936],[-2.8327,53.6945],[-2.8339,53.6978],[-2.8326,53.7005],[-2.8243,53.7028],[-2.8265,53.7136],[-2.8342,53.7218],[-2.8682,53.7322],[-2.8835,53.7294],[-2.8826,53.7293],[-2.8806,53.7289],[-2.8805,53.7291],[-2.8806,53.7289],[-2.8826,53.7293],[-2.8835,53.7294],[-2.8858,53.7269],[-2.8974,53.7231],[-2.8971,53.723],[-2.8992,53.7196],[-2.9095,53.7234],[-2.9088,53.7226],[-2.9095,53.7234],[-2.9062,53.7189],[-2.905,53.7181],[-2.9049,53.718],[-2.9048,53.718],[-2.9049,53.718],[-2.905,53.7181],[-2.9062,53.7189],[-2.9066,53.7179],[-2.9043,53.7159],[-2.9037,53.7157],[-2.9043,53.7159],[-2.9072,53.7113],[-2.9072,53.7112],[-2.9072,53.7113],[-2.9092,53.7162],[-2.9092,53.7159],[-2.9092,53.7162],[-2.9185,53.714],[-2.9183,53.7138],[-2.9185,53.714],[-2.9227,53.7164],[-2.9224,53.7161],[-2.9227,53.7164],[-2.9381,53.7118],[-2.9379,53.7119],[-2.9381,53.7118],[-2.94,53.7113],[-2.9399,53.7113],[-2.94,53.7113],[-2.9281,53.7045],[-2.9278,53.7046],[-2.9281,53.7045],[-2.9322,53.704],[-2.9319,53.703],[-2.9322,53.704],[-2.9452,53.7013],[-2.9438,53.7013],[-2.9434,53.7014],[-2.941,53.7013],[-2.9401,53.7013],[-2.941,53.7013],[-2.9434,53.7014],[-2.9438,53.7013],[-2.9378,53.7008],[-2.938,53.6989],[-2.9358,53.6984],[-2.938,53.6989],[-2.9404,53.6983],[-2.9403,53.6981],[-2.9404,53.6983],[-2.9408,53.6966],[-2.9406,53.6966],[-2.9397,53.6966],[-2.9384,53.6956],[-2.9406,53.6966],[-2.9408,53.6966],[-2.9519,53.6986],[-2.9517,53.6984],[-2.9519,53.6986],[-2.9515,53.6963],[-2.9511,53.6961],[-2.9515,53.6963],[-2.9563,53.696],[-2.9561,53.696],[-2.9543,53.6954],[-2.954,53.6955],[-2.9543,53.6954],[-2.9561,53.696],[-2.9563,53.696],[-2.9445,53.6918],[-2.9438,53.6918],[-2.9381,53.693],[-2.9438,53.6918],[-2.9445,53.6918],[-2.956,53.6848],[-2.956,53.6847],[-2.956,53.6848],[-2.9521,53.6902],[-2.9522,53.6901],[-2.9521,53.6902],[-2.956,53.6901],[-2.956,53.69],[-2.956,53.6901],[-2.9598,53.6864],[-2.9606,53.689],[-2.9606,53.6889],[-2.9601,53.6886],[-2.9606,53.6889],[-2.9606,53.689],[-2.9621,53.6915],[-2.9617,53.6899],[-2.9621,53.6915],[-2.981,53.6873],[-2.9802,53.6868],[-2.9793,53.6865],[-2.9802,53.6868],[-2.981,53.6873],[-2.9857,53.6827],[-2.9854,53.6825],[-2.9848,53.6825],[-2.9836,53.6826],[-2.9848,53.6825],[-2.9854,53.6825],[-2.9857,53.6827],[-3.0656,53.6101],[-3.0141,53.6113],[-2.9604,53.6387],[-2.899,53.6497],[-2.8484,53.6246],[-2.8077,53.6282],[-2.808,53.6304],[-2.8077,53.6308],[-2.8065,53.6416],[-2.8144,53.6484],[-2.8149,53.661],[-2.8234,53.668],[-2.8165,53.6727]]]]},"properties":{"PCON24CD":"E14001504","PCON24NM":"Southport"}},
{"type":"Feature","geometry":{"type":"Polygon","coordinates":[[[-0.5098,51.4692],[-0.53,51.4702],[-0.5406,51.4571],[-0.5228,51.4353],[-0.5129,51.419],[-0.4932,51.4119],[-0.4864,51.3886],[-0.4321,51.384],[-0.4096,51.4047],[-0.3834,51.4085],[-0.3913,51.4223],[-0.4054,51.4225],[-0.4191,51.4324],[-0.4295,51.4288],[-0.4565,51.4381],[-0.4587,51.4563],[-0.5098,51.4692]]]},"properties":{"PCON24CD":"E14001505","PCON24NM":"Spelthorne"}},
{"type":"Feature","geometry":{"type":"Polygon","coordinates":[[[-1.6816,53.7565],[-1.7049,53.7648],[-1.7339,53.7482],[-1.7472,53.7468],[-1.7701,53.7263],[-1.7359,53.7132],[-1.7314,53.6804],[-1.7386,53.662],[-1.7102,53.6477],[-1.678,53.6511],[-1.6611,53.6629],[-1.6746,53.6777],[-1.6549,53.7178],[-1.6323,53.7308],[-1.6816,53.7565]]]},"properties":{"PCON24CD":"E14001506","PCON24NM":"Spen Valley"}},
{"type":"Feature","geometry":{"type":"Polygon","coordinates":[[[-0.267,51.768],[-0.2951,51.7628],[-0.3249,51.7789],[-0.3623,51.7589],[-0.3811,51.7295],[-0.4119,51.7321],[-0.4059,51.7138],[-0.3808,51.707],[-0.3756,51.6929],[-0.3754,51.6925],[-0.3557,51.6916],[-0.2798,51.7173],[-0.2551,51.7295],[-0.2531,51.7477],[-0.267,51.768]]]},"properties":{"PCON24CD":"E14001507","PCON24NM":"St Albans"}},
{"type":"Feature","geometry":{"type":"MultiPolygon","coordinates":[[[[-5.0831,50.4043],[-5.0831,50.4044],[-5.0833,50.4044],[-5.0831,50.4043]]],[[[-4.7426,50.4221],[-4.8431,50.4369],[-4.909,50.4027],[-4.9939,50.4214],[-5.0407,50.4479],[-5.0699,50.4205],[-5.0914,50.4201],[-5.0833,50.4044],[-5.0832,50.4049],[-5.0831,50.4044],[-5.0831,50.4043],[-5.0692,50.3965],[-4.9841,50.389],[-5.005,50.3466],[-4.9222,50.3543],[-4.9009,50.2856],[-4.8613,50.2554],[-4.8087,50.2771],[-4.771,50.2552],[-4.7832,50.2698],[-4.7397,50.3353],[-4.6899,50.3465],[-4.6628,50.3899],[-4.7102,50.3662],[-4.768,50.3933],[-4.7426,50.4221]]]]},"properties":{"PCON24CD":"E14001508","PCON24NM":"St Austell and Newquay"}},
{"type":"Feature","geometry":{"type":"Polygon","coordinates":[[[-2.7304,53.5206],[-2.7689,53.5136],[-2.7825,53.5314],[-2.8166,53.5123],[-2.825,53.4852],[-2.8044,53.4672],[-2.7913,53.4711],[-2.7475,53.4559],[-2.6822,53.4392],[-2.6774,53.4481],[-2.5853,53.4398],[-2.5767,53.4461],[-2.6168,53.4664],[-2.6121,53.4811],[-2.6455,53.4803],[-2.6663,53.4997],[-2.699,53.502],[-2.7304,53.5206]]]},"properties":{"PCON24CD":"E14001509","PCON24NM":"St Helens North"}},
{"type":"Feature","geometry":{"type":"Polygon","coordinates":[[[-2.6822,53.4392],[-2.7475,53.4559],[-2.7913,53.4711],[-2.8044,53.4672],[-2.807,53.4558],[-2.7874,53.429],[-2.8133,53.4173],[-2.7857,53.4149],[-2.7868,53.4012],[-2.7166,53.399],[-2.6906,53.3854],[-2.6763,53.3876],[-2.6721,53.4118],[-2.6638,53.4285],[-2.6822,53.4392]]]},"properties":{"PCON24CD":"E14001510","PCON24NM":"St Helens South and Whiston"}},
{"type":"Feature","geometry":{"type":"Polygon","coordinates":[[[-5.4368,50.176],[-5.4335,50.1659],[-5.4955,50.2195],[-5.7058,50.126],[-5.7165,50.0663],[-5.6768,50.0348],[-5.5545,50.0598],[-5.5467,50.1022],[-5.5247,50.126],[-5.3349,50.0914],[-5.2805,50.0571],[-5.2469,49.977],[-5.1013,50.0042],[-5.0616,50.0581],[-5.1183,50.0962],[-5.1991,50.0939],[-5.2084,50.1455],[-5.1784,50.1549],[-5.2326,50.2038],[-5.2752,50.1787],[-5.3147,50.1957],[-5.3521,50.1633],[-5.4312,50.1788],[-5.4312,50.1787],[-5.4368,50.176]]]},"properties":{"PCON24CD":"E14001511","PCON24NM":"St Ives"}},
{"type":"Feature","geometry":{"type":"Polygon","coordinates":[[[0.0442,52.3528],[0.0085,52.3353],[-0.0168,52.3127],[-0.0905,52.3064],[-0.1755,52.2802],[-0.1826,52.2568],[-0.2792,52.2582],[-0.2866,52.2348],[-0.2167,52.1588],[-0.0581,52.1581],[-0.0053,52.219],[0.0687,52.2149],[0.1078,52.2306],[0.1299,52.2357],[0.0633,52.2925],[0.1199,52.3159],[0.0442,52.3528]]]},"properties":{"PCON24CD":"E14001512","PCON24NM":"St Neots and Mid Cambridgeshire"}},
{"type":"Feature","geometry":{"type":"Polygon","coordinates":[[[-2.2271,52.9763],[-2.2741,52.9918],[-2.3404,52.9754],[-2.3707,52.9775],[-2.4708,52.9059],[-2.3866,52.8886],[-2.3789,52.7841],[-2.3122,52.7408],[-2.2168,52.7329],[-2.0733,52.7798],[-2.1784,52.8943],[-2.2053,52.8859],[-2.278,52.9512],[-2.2271,52.9763]]]},"properties":{"PCON24CD":"E14001513","PCON24NM":"Stafford"}},
{"type":"Feature","geometry":{"type":"Polygon","coordinates":[[[-1.8987,53.2],[-1.9874,53.2136],[-2.0017,53.193],[-2.1087,53.1683],[-2.1407,53.1836],[-2.1414,53.1566],[-2.2113,53.1158],[-2.1611,53.0701],[-2.1254,53.0646],[-2.129,53.0436],[-2.1238,53.0216],[-2.1035,53.0109],[-2.1013,52.9956],[-1.9769,52.9593],[-1.9222,52.9636],[-1.8616,52.9793],[-1.8865,53.0163],[-1.856,53.0341],[-1.779,53.0449],[-1.8162,53.1587],[-1.8987,53.2]]]},"properties":{"PCON24CD":"E14001514","PCON24NM":"Staffordshire Moorlands"}},
{"type":"Feature","geometry":{"type":"Polygon","coordinates":[[[-1.9634,53.5098],[-2.0232,53.5284],[-2.0619,53.5223],[-2.0562,53.506],[-2.0759,53.4785],[-2.0777,53.4665],[-2.0984,53.4636],[-2.0928,53.4375],[-2.0831,53.4268],[-2.0263,53.4299],[-1.9868,53.4544],[-1.9878,53.4811],[-1.9634,53.5098]]]},"properties":{"PCON24CD":"E14001515","PCON24NM":"Stalybridge and Hyde"}},
{"type":"Feature","geometry":{"type":"Polygon","coordinates":[[[-0.1622,51.9203],[-0.1846,51.9324],[-0.2201,51.931],[-0.2725,51.8405],[-0.2404,51.835],[-0.2042,51.855],[-0.1668,51.8502],[-0.1684,51.8312],[-0.1389,51.8619],[-0.1393,51.9043],[-0.1622,51.9203]]]},"properties":{"PCON24CD":"E14001516","PCON24NM":"Stevenage"}},
{"type":"Feature","geometry":{"type":"Polygon","coordinates":[[[-2.1307,53.4394],[-2.1396,53.4383],[-2.1582,53.4548],[-2.1739,53.4439],[-2.1765,53.4331],[-2.1913,53.4352],[-2.2077,53.4201],[-2.2126,53.407],[-2.2011,53.3977],[-2.1861,53.3969],[-2.1802,53.3868],[-2.1555,53.3823],[-2.1463,53.393],[-2.1466,53.411],[-2.1263,53.4286],[-2.1307,53.4394]]]},"properties":{"PCON24CD":"E14001517","PCON24NM":"Stockport"}},
{"type":"Feature","geometry":{"type":"Polygon","coordinates":[[[-1.2507,54.6253],[-1.299,54.628],[-1.3808,54.6438],[-1.4098,54.6185],[-1.3761,54.6021],[-1.357,54.5783],[-1.334,54.5761],[-1.3397,54.5432],[-1.3096,54.5455],[-1.3102,54.5631],[-1.2861,54.5645],[-1.2802,54.5832],[-1.2807,54.5833],[-1.2978,54.5895],[-1.2807,54.5833],[-1.2802,54.5832],[-1.2481,54.5927],[-1.2011,54.5835],[-1.1674,54.6048],[-1.173,54.6215],[-1.216,54.622],[-1.2162,54.6222],[-1.2174,54.6218],[-1.2178,54.6217],[-1.218,54.6216],[-1.2193,54.6222],[-1.2178,54.6217],[-1.2174,54.6218],[-1.2162,54.6222],[-1.216,54.622],[-1.2156,54.6228],[-1.2169,54.623],[-1.2189,54.6227],[-1.2227,54.6235],[-1.2255,54.625],[-1.2259,54.6249],[-1.2252,54.6246],[-1.2259,54.6249],[-1.2255,54.625],[-1.2507,54.6253]]]},"properties":{"PCON24CD":"E14001518","PCON24NM":"Stockton North"}},
{"type":"Feature","geometry":{"type":"Polygon","coordinates":[[[-1.4098,54.6185],[-1.4561,54.5993],[-1.514,54.5954],[-1.4945,54.5755],[-1.5114,54.5475],[-1.5111,54.5127],[-1.5843,54.508],[-1.5327,54.4691],[-1.4576,54.4814],[-1.3744,54.4842],[-1.3463,54.4727],[-1.2867,54.4827],[-1.2349,54.5103],[-1.2793,54.5178],[-1.2912,54.5126],[-1.3096,54.5455],[-1.3397,54.5432],[-1.334,54.5761],[-1.357,54.5783],[-1.3761,54.6021],[-1.4098,54.6185]]]},"properties":{"PCON24CD":"E14001519","PCON24NM":"Stockton West"}},
{"type":"Feature","geometry":{"type":"Polygon","coordinates":[[[-2.129,53.0436],[-2.1693,53.0395],[-2.1876,53.0325],[-2.2084,53.0345],[-2.2025,53.02],[-2.2178,53.0039],[-2.2043,52.9814],[-2.1835,52.991],[-2.1205,52.9882],[-2.1013,52.9956],[-2.1035,53.0109],[-2.1238,53.0216],[-2.129,53.0436]]]},"properties":{"PCON24CD":"E14001520","PCON24NM":"Stoke-on-Trent Central"}},
{"type":"Feature","geometry":{"type":"Polygon","coordinates":[[[-2.129,53.0436],[-2.1254,53.0646],[-2.1611,53.0701],[-2.2113,53.1158],[-2.2464,53.0916],[-2.2817,53.0803],[-2.2693,53.0621],[-2.2279,53.0637],[-2.2084,53.0345],[-2.1876,53.0325],[-2.1693,53.0395],[-2.129,53.0436]]]},"properties":{"PCON24CD":"E14001521","PCON24NM":"Stoke-on-Trent North"}},
{"type":"Feature","geometry":{"type":"Polygon","coordinates":[[[-1.9222,52.9636],[-1.9769,52.9593],[-2.1013,52.9956],[-2.1205,52.9882],[-2.1835,52.991],[-2.2043,52.9814],[-2.2271,52.9763],[-2.278,52.9512],[-2.2053,52.8859],[-2.1784,52.8943],[-2.1539,52.9155],[-2.1083,52.9062],[-2.0416,52.9175],[-1.9711,52.9408],[-1.9344,52.9317],[-1.9222,52.9636]]]},"properties":{"PCON24CD":"E14001522","PCON24NM":"Stoke-on-Trent South"}},
{"type":"Feature","geometry":{"type":"Polygon","coordinates":[[[-2.0416,52.9175],[-2.1083,52.9062],[-2.1539,52.9155],[-2.1784,52.8943],[-2.0733,52.7798],[-2.2168,52.7329],[-2.3122,52.7408],[-2.303,52.683],[-2.2329,52.6477],[-2.1651,52.6304],[-2.1338,52.6336],[-2.1138,52.6379],[-2.1012,52.6351],[-2.0975,52.624],[-2.081,52.6119],[-2.0521,52.6222],[-2.0302,52.617],[-2.0143,52.6332],[-1.9909,52.6367],[-1.9866,52.6404],[-2.0019,52.6674],[-2.0356,52.6711],[-2.0546,52.6901],[-2.0311,52.7051],[-2.0185,52.7588],[-1.9731,52.7616],[-1.944,52.7737],[-1.9679,52.8243],[-1.9333,52.8545],[-1.9704,52.8855],[-2.0416,52.9175]]]},"properties":{"PCON24CD":"E14001523","PCON24NM":"Stone, Great Wyrley and Penkridge"}},
{"type":"Feature","geometry":{"type":"Polygon","coordinates":[[[-2.0703,52.4919],[-2.0984,52.505],[-2.1194,52.4888],[-2.1365,52.4871],[-2.1676,52.4712],[-2.1763,52.456],[-2.1649,52.4302],[-2.136,52.4263],[-2.1088,52.4412],[-2.1167,52.4479],[-2.1015,52.4621],[-2.1155,52.465],[-2.103,52.4849],[-2.0705,52.4816],[-2.0703,52.4919]]]},"properties":{"PCON24CD":"E14001524","PCON24NM":"Stourbridge"}},
{"type":"Feature","geometry":{"type":"Polygon","coordinates":[[[0.0354,51.5553],[0.0146,51.555],[-0.0086,51.5499],[-0.0172,51.5516],[-0.0165,51.5433],[-0.0333,51.5447],[-0.0416,51.5374],[-0.0529,51.5349],[-0.0429,51.5311],[-0.037,51.5242],[-0.0302,51.5261],[-0.0078,51.5253],[-0.0071,51.5255],[-0.0065,51.5257],[0.0048,51.5283],[0.0007,51.5366],[0.0212,51.5414],[0.0324,51.5347],[0.0312,51.5469],[0.0354,51.5553]]]},"properties":{"PCON24CD":"E14001525","PCON24NM":"Stratford and Bow"}},
{"type":"Feature","geometry":{"type":"Polygon","coordinates":[[[-1.8042,52.3628],[-1.8079,52.3666],[-1.872,52.3676],[-1.881,52.3109],[-1.8868,52.2884],[-1.9374,52.2761],[-1.9175,52.2238],[-1.9418,52.1772],[-1.9032,52.1334],[-1.8397,52.1527],[-1.7677,52.1126],[-1.6874,52.0375],[-1.6658,51.9875],[-1.6123,51.9554],[-1.5243,51.994],[-1.4993,52.0636],[-1.5792,52.1021],[-1.551,52.1423],[-1.6355,52.1893],[-1.5771,52.213],[-1.7548,52.305],[-1.7758,52.348],[-1.8042,52.3628]]]},"properties":{"PCON24CD":"E14001526","PCON24NM":"Stratford-on-Avon"}},
{"type":"Feature","geometry":{"type":"Polygon","coordinates":[[[-0.1087,51.4404],[-0.1287,51.4469],[-0.1359,51.442],[-0.1396,51.4353],[-0.1404,51.4193],[-0.1254,51.3988],[-0.1099,51.4053],[-0.0982,51.3972],[-0.0859,51.3996],[-0.0728,51.4085],[-0.0786,51.4199],[-0.1146,51.4235],[-0.1178,51.4337],[-0.1087,51.4404]]]},"properties":{"PCON24CD":"E14001527","PCON24NM":"Streatham and Croydon North"}},
{"type":"Feature","geometry":{"type":"Polygon","coordinates":[[[-2.2653,53.4727],[-2.2822,53.4649],[-2.3182,53.4794],[-2.3295,53.48],[-2.3862,53.4634],[-2.4072,53.4492],[-2.4173,53.4316],[-2.4494,53.4159],[-2.4537,53.4132],[-2.4067,53.4105],[-2.3723,53.4157],[-2.3409,53.4364],[-2.316,53.4347],[-2.2997,53.4373],[-2.2862,53.4491],[-2.2715,53.4507],[-2.2583,53.4588],[-2.2653,53.4727]]]},"properties":{"PCON24CD":"E14001528","PCON24NM":"Stretford and Urmston"}},
{"type":"Feature","geometry":{"type":"Polygon","coordinates":[[[-2.3541,51.7941],[-2.3671,51.7919],[-2.4121,51.8051],[-2.4279,51.8146],[-2.4471,51.7953],[-2.3831,51.7585],[-2.4819,51.7256],[-2.5348,51.6773],[-2.4919,51.6497],[-2.3882,51.6372],[-2.3605,51.6334],[-2.3235,51.6328],[-2.2834,51.6668],[-2.1923,51.6598],[-2.2006,51.6928],[-2.1722,51.7345],[-2.2388,51.7683],[-2.2889,51.7562],[-2.3541,51.7941]]]},"properties":{"PCON24CD":"E14001529","PCON24NM":"Stroud"}},
{"type":"Feature","geometry":{"type":"MultiPolygon","coordinates":[[[[1.3372,52.0369],[1.3379,52.0377],[1.3378,52.0376],[1.3376,52.0374],[1.3374,52.0371],[1.3373,52.037],[1.3372,52.0369]]],[[[1.5682,52.1523],[1.569,52.1548],[1.5686,52.1538],[1.5681,52.1526],[1.5682,52.1523]]],[[[1.5296,52.1634],[1.5294,52.1635],[1.5289,52.1636],[1.5297,52.1634],[1.5296,52.1634]]],[[[1.1788,52.0215],[1.2554,51.9972],[1.2567,51.997],[1.3131,51.9525],[1.3812,51.9969],[1.3622,52.0054],[1.3411,52.0284],[1.3401,52.0282],[1.3396,52.0356],[1.3422,52.0367],[1.3419,52.0367],[1.3422,52.0367],[1.3382,52.0365],[1.3378,52.0323],[1.3362,52.035],[1.3362,52.0349],[1.3362,52.035],[1.3372,52.0369],[1.3373,52.037],[1.3374,52.0371],[1.3376,52.0374],[1.3378,52.0376],[1.3379,52.0377],[1.3358,52.0381],[1.3357,52.0382],[1.3416,52.0405],[1.3281,52.0616],[1.3275,52.0615],[1.3259,52.063],[1.3438,52.0641],[1.3537,52.0283],[1.3538,52.0286],[1.3537,52.0283],[1.355,52.0276],[1.3551,52.0277],[1.355,52.0276],[1.3567,52.027],[1.3662,52.0153],[1.3659,52.011],[1.3649,52.0096],[1.3666,52.0082],[1.37,52.0072],[1.3702,52.0072],[1.37,52.0072],[1.3703,52.0065],[1.3704,52.0065],[1.3703,52.0065],[1.3716,52.0071],[1.3715,52.0072],[1.3716,52.0071],[1.3838,52.0021],[1.3901,52],[1.3898,52.0011],[1.3901,52],[1.3939,51.9989],[1.3941,51.9989],[1.3939,51.9989],[1.3945,51.9967],[1.3945,51.9966],[1.3941,51.9952],[1.4602,52.046],[1.4795,52.0596],[1.4795,52.0597],[1.4795,52.0596],[1.4961,52.0709],[1.4962,52.0709],[1.4961,52.0709],[1.4905,52.0724],[1.4909,52.0836],[1.4907,52.0835],[1.4909,52.0836],[1.4928,52.084],[1.484,52.0991],[1.4839,52.099],[1.484,52.0991],[1.4831,52.1049],[1.4829,52.105],[1.4831,52.1049],[1.4841,52.1121],[1.4855,52.1119],[1.4857,52.1121],[1.4859,52.1139],[1.4858,52.1139],[1.4859,52.1139],[1.4857,52.1121],[1.4855,52.1119],[1.4856,52.1079],[1.4867,52.1061],[1.4869,52.1062],[1.4867,52.1061],[1.4937,52.1008],[1.4983,52.0858],[1.4917,52.0793],[1.4922,52.0793],[1.4917,52.0793],[1.5043,52.0714],[1.5045,52.0716],[1.5043,52.0714],[1.5744,52.1422],[1.5743,52.142],[1.5746,52.1413],[1.5743,52.142],[1.5744,52.1422],[1.5682,52.1523],[1.5681,52.1526],[1.5686,52.1538],[1.569,52.1548],[1.5544,52.1505],[1.5282,52.1566],[1.5177,52.1501],[1.5049,52.1541],[1.5109,52.1618],[1.5112,52.1617],[1.5125,52.1554],[1.5255,52.1613],[1.5244,52.1615],[1.5255,52.1613],[1.5285,52.164],[1.5284,52.164],[1.5285,52.164],[1.5289,52.1636],[1.5294,52.1635],[1.5296,52.1634],[1.5297,52.1634],[1.532,52.164],[1.532,52.1641],[1.532,52.164],[1.5545,52.1609],[1.5799,52.1549],[1.5733,52.1459],[1.5732,52.1461],[1.5733,52.1459],[1.5801,52.1429],[1.5893,52.1438],[1.5932,52.1455],[1.5932,52.1456],[1.5932,52.1455],[1.5886,52.1221],[1.5888,52.1221],[1.5886,52.1221],[1.5792,52.0915],[1.5796,52.0916],[1.5792,52.0915],[1.5452,52.0795],[1.5453,52.0791],[1.5452,52.0795],[1.5791,52.0865],[1.6231,52.1885],[1.63,52.2659],[1.6459,52.297],[1.6724,52.3141],[1.6292,52.3228],[1.6299,52.3226],[1.63,52.3221],[1.6291,52.3216],[1.63,52.3221],[1.6299,52.3226],[1.6292,52.3228],[1.6087,52.3161],[1.5809,52.3215],[1.4222,52.3688],[1.3575,52.3222],[1.4016,52.2857],[1.4572,52.2476],[1.42,52.1641],[1.3206,52.1202],[1.2538,52.0509],[1.206,52.0412],[1.2236,52.0294],[1.2095,52.0208],[1.1788,52.0215]]],[[[1.6353,52.3321],[1.6353,52.332],[1.7277,52.4001],[1.6814,52.4247],[1.6257,52.4284],[1.5626,52.3318],[1.6124,52.3268],[1.6353,52.3321]]]]},"properties":{"PCON24CD":"E14001530","PCON24NM":"Suffolk Coastal"}},
{"type":"Feature","geometry":{"type":"MultiPolygon","coordinates":[[[[-1.3484,54.8606],[-1.3616,54.8982],[-1.3708,54.9101],[-1.3874,54.9097],[-1.4193,54.9165],[-1.44,54.9116],[-1.4297,54.895],[-1.4012,54.8888],[-1.3785,54.8794],[-1.3817,54.8623],[-1.369,54.8577],[-1.3484,54.8606]]],[[[-1.3631,54.9441],[-1.3757,54.9369],[-1.3971,54.9397],[-1.4125,54.9358],[-1.4098,54.9268],[-1.4286,54.9167],[-1.3959,54.9179],[-1.3733,54.9108],[-1.3628,54.9187],[-1.3677,54.9363],[-1.3631,54.9441]]]]},"properties":{"PCON24CD":"E14001531","PCON24NM":"Sunderland Central"}},
{"type":"Feature","geometry":{"type":"Polygon","coordinates":[[[-0.5977,51.3855],[-0.6169,51.3925],[-0.6676,51.3846],[-0.7353,51.365],[-0.7755,51.332],[-0.7442,51.3093],[-0.7311,51.2803],[-0.7046,51.2745],[-0.7029,51.2382],[-0.6506,51.2434],[-0.6186,51.283],[-0.648,51.3046],[-0.6235,51.3199],[-0.6081,51.3397],[-0.5485,51.348],[-0.5552,51.3619],[-0.5977,51.3855]]]},"properties":{"PCON24CD":"E14001532","PCON24NM":"Surrey Heath"}},
{"type":"Feature","geometry":{"type":"Polygon","coordinates":[[[0.1607,51.1373],[0.05,51.1427],[0.0274,51.1398],[0.066,51.048],[0.1312,51.0432],[0.1563,50.9795],[0.1052,50.9704],[0.1209,50.9213],[0.1673,50.8923],[0.3005,50.8396],[0.3081,50.8911],[0.3667,50.8891],[0.3226,51.0001],[0.3965,51.0831],[0.3106,51.1194],[0.1715,51.1154],[0.1607,51.1373]]]},"properties":{"PCON24CD":"E14001533","PCON24NM":"Sussex Weald"}},
{"type":"Feature","geometry":{"type":"Polygon","coordinates":[[[-0.2003,51.3849],[-0.2182,51.3802],[-0.2346,51.3906],[-0.245,51.3801],[-0.2454,51.3669],[-0.2269,51.3626],[-0.2173,51.3434],[-0.2298,51.3365],[-0.2208,51.3298],[-0.1973,51.3436],[-0.1875,51.3408],[-0.1736,51.358],[-0.1808,51.3606],[-0.1825,51.3768],[-0.2003,51.3849]]]},"properties":{"PCON24CD":"E14001534","PCON24NM":"Sutton and Cheam"}},
{"type":"Feature","geometry":{"type":"Polygon","coordinates":[[[-1.788,52.5879],[-1.7965,52.5991],[-1.8281,52.6087],[-1.8486,52.6047],[-1.8726,52.5849],[-1.8916,52.5625],[-1.8832,52.5593],[-1.8349,52.5349],[-1.7839,52.5279],[-1.7754,52.5155],[-1.7917,52.5092],[-1.7685,52.5142],[-1.7535,52.513],[-1.7435,52.5327],[-1.756,52.5554],[-1.7742,52.5646],[-1.788,52.5879]]]},"properties":{"PCON24CD":"E14001535","PCON24NM":"Sutton Coldfield"}},
{"type":"Feature","geometry":{"type":"Polygon","coordinates":[[[-1.6831,51.6901],[-1.711,51.6718],[-1.7974,51.661],[-1.7886,51.6327],[-1.8423,51.6125],[-1.8263,51.5794],[-1.7893,51.5642],[-1.7622,51.5698],[-1.7484,51.564],[-1.7297,51.5716],[-1.6911,51.5835],[-1.6906,51.6054],[-1.6599,51.635],[-1.6989,51.6695],[-1.6831,51.6901]]]},"properties":{"PCON24CD":"E14001536","PCON24NM":"Swindon North"}},
{"type":"Feature","geometry":{"type":"Polygon","coordinates":[[[-1.8263,51.5794],[-1.8384,51.5801],[-1.8622,51.56],[-1.8442,51.5431],[-1.8125,51.5526],[-1.7948,51.5403],[-1.7639,51.5316],[-1.7247,51.5268],[-1.7194,51.5604],[-1.7297,51.5716],[-1.7484,51.564],[-1.7622,51.5698],[-1.7893,51.5642],[-1.8263,51.5794]]]},"properties":{"PCON24CD":"E14001537","PCON24NM":"Swindon South"}},
{"type":"Feature","geometry":{"type":"Polygon","coordinates":[[[-1.5975,52.7004],[-1.6481,52.6984],[-1.6566,52.7217],[-1.7042,52.7321],[-1.7325,52.7061],[-1.7785,52.6945],[-1.8387,52.6558],[-1.9051,52.6432],[-1.916,52.6353],[-1.8849,52.6105],[-1.8923,52.5992],[-1.8726,52.5849],[-1.8486,52.6047],[-1.8281,52.6087],[-1.7965,52.5991],[-1.788,52.5879],[-1.6656,52.5923],[-1.6398,52.6084],[-1.645,52.6575],[-1.5896,52.6873],[-1.5975,52.7004]]]},"properties":{"PCON24CD":"E14001538","PCON24NM":"Tamworth"}},
{"type":"Feature","geometry":{"type":"Polygon","coordinates":[[[-2.314,53.3574],[-2.34,53.3674],[-2.3656,53.3633],[-2.4109,53.3839],[-2.4484,53.3948],[-2.4784,53.3962],[-2.5097,53.3894],[-2.5184,53.3424],[-2.5631,53.3231],[-2.5952,53.3225],[-2.6449,53.283],[-2.5571,53.26],[-2.5288,53.2727],[-2.4732,53.2676],[-2.4589,53.2242],[-2.4721,53.2127],[-2.4174,53.1888],[-2.4066,53.1741],[-2.368,53.2233],[-2.3094,53.2463],[-2.2275,53.274],[-2.1849,53.3327],[-2.1855,53.352],[-2.2408,53.3596],[-2.2958,53.343],[-2.314,53.3574]]]},"properties":{"PCON24CD":"E14001539","PCON24NM":"Tatton"}},
{"type":"Feature","geometry":{"type":"MultiPolygon","coordinates":[[[[-2.9334,51.0572],[-2.9975,51.0538],[-3.1366,51.0721],[-3.1751,51.0112],[-3.2181,50.9879],[-3.2972,50.9774],[-3.2548,50.9418],[-3.1639,50.946],[-3.188,50.9103],[-3.1442,50.8914],[-3.0524,50.9083],[-2.9847,50.9633],[-2.9525,51.0021],[-2.8841,51.0473],[-2.8928,51.0613],[-2.8931,51.0613],[-2.9234,51.0632],[-2.9256,51.0622],[-2.9334,51.0572]]],[[[-2.9341,51.0805],[-2.9269,51.0616],[-2.9256,51.0622],[-2.9234,51.0632],[-2.9341,51.0805]]],[[[-2.8882,51.0691],[-2.9346,51.0833],[-2.8931,51.0613],[-2.8928,51.0613],[-2.8925,51.0612],[-2.8882,51.0691]]]]},"properties":{"PCON24CD":"E14001540","PCON24NM":"Taunton and Wellington"}},
{"type":"Feature","geometry":{"type":"Polygon","coordinates":[[[-2.4164,52.6449],[-2.419,52.6629],[-2.4012,52.6848],[-2.4472,52.7166],[-2.4745,52.7172],[-2.4738,52.7],[-2.4878,52.6841],[-2.4933,52.6606],[-2.5101,52.6384],[-2.5008,52.6297],[-2.4381,52.6146],[-2.4366,52.6271],[-2.4164,52.6449]]]},"properties":{"PCON24CD":"E14001541","PCON24NM":"Telford"}},
{"type":"Feature","geometry":{"type":"Polygon","coordinates":[[[-1.9134,52.0445],[-1.9841,52.0359],[-2.0495,52.0038],[-2.1805,52.0423],[-2.1749,51.9961],[-2.2225,51.9326],[-2.271,51.9173],[-2.2604,51.8756],[-2.2248,51.8704],[-2.1976,51.8717],[-2.1369,51.8996],[-2.1159,51.9101],[-2.0802,51.916],[-2.0499,51.9113],[-2.0246,51.9021],[-2.0102,51.9029],[-1.9294,51.9047],[-1.9317,51.9573],[-1.8764,51.9681],[-1.8391,52.0068],[-1.9134,52.0445]]]},"properties":{"PCON24CD":"E14001542","PCON24NM":"Tewkesbury"}},
{"type":"Feature","geometry":{"type":"Polygon","coordinates":[[[-2.3122,52.7408],[-2.3789,52.7841],[-2.3866,52.8886],[-2.4708,52.9059],[-2.6273,52.8813],[-2.6635,52.7604],[-2.6243,52.7034],[-2.5101,52.6384],[-2.4933,52.6606],[-2.4878,52.6841],[-2.4738,52.7],[-2.4745,52.7172],[-2.4472,52.7166],[-2.4012,52.6848],[-2.419,52.6629],[-2.4164,52.6449],[-2.3211,52.6147],[-2.2562,52.6098],[-2.2329,52.6477],[-2.303,52.683],[-2.3122,52.7408]]]},"properties":{"PCON24CD":"E14001543","PCON24NM":"The Wrekin"}},
{"type":"Feature","geometry":{"type":"Polygon","coordinates":[[[-0.3027,54.2272],[-0.5875,54.1988],[-0.6131,54.2697],[-0.5901,54.3294],[-0.6881,54.3729],[-0.9504,54.4089],[-1.0594,54.4126],[-1.3554,54.3223],[-1.6845,54.2616],[-1.618,54.1865],[-1.3673,54.1676],[-1.2399,54.2299],[-1.0137,54.1351],[-1.0597,54.0566],[-0.9702,54.0259],[-0.9762,53.9821],[-0.9253,53.9915],[-0.9086,53.9969],[-0.687,54.0308],[-0.591,54.0871],[-0.4271,54.1374],[-0.2125,54.1577],[-0.3027,54.2272]]]},"properties":{"PCON24CD":"E14001544","PCON24NM":"Thirsk and Malton"}},
{"type":"Feature","geometry":{"type":"Polygon","coordinates":[[[-2.3882,51.6372],[-2.4919,51.6497],[-2.5348,51.6773],[-2.6634,51.5736],[-2.6738,51.5444],[-2.6514,51.5207],[-2.6309,51.5137],[-2.5524,51.5514],[-2.539,51.5386],[-2.5092,51.5396],[-2.4881,51.5298],[-2.4901,51.5063],[-2.4605,51.5014],[-2.4767,51.4765],[-2.4779,51.4685],[-2.4031,51.4316],[-2.342,51.4394],[-2.2946,51.4288],[-2.2852,51.4579],[-2.2558,51.5221],[-2.2726,51.5776],[-2.3947,51.5974],[-2.3882,51.6372]]]},"properties":{"PCON24CD":"E14001545","PCON24NM":"Thornbury and Yate"}},
{"type":"Feature","geometry":{"type":"Polygon","coordinates":[[[0.3984,51.4537],[0.4006,51.4694],[0.3523,51.4781],[0.3381,51.5006],[0.3356,51.5312],[0.3224,51.5405],[0.2653,51.5322],[0.2429,51.5244],[0.2419,51.508],[0.2106,51.4902],[0.2801,51.4625],[0.2805,51.4625],[0.2801,51.4625],[0.3085,51.4744],[0.3254,51.4716],[0.3409,51.4523],[0.3984,51.4537]]]},"properties":{"PCON24CD":"E14001546","PCON24NM":"Thurrock"}},
{"type":"Feature","geometry":{"type":"Polygon","coordinates":[[[-2.011,52.5691],[-2.0615,52.5469],[-2.0901,52.5489],[-2.1078,52.5441],[-2.0777,52.532],[-2.0632,52.5137],[-2.0484,52.5242],[-2.0297,52.52],[-2.0018,52.5311],[-1.9752,52.5559],[-2.011,52.5691]]]},"properties":{"PCON24CD":"E14001547","PCON24NM":"Tipton and Wednesbury"}},
{"type":"Feature","geometry":{"type":"Polygon","coordinates":[[[-3.0548,51.2059],[-3.4086,51.1832],[-3.5335,51.2308],[-3.7208,51.2331],[-3.7238,51.1808],[-3.8345,51.1384],[-3.5998,51.0517],[-3.624,50.9218],[-3.4775,50.8708],[-3.233,50.895],[-3.1442,50.8914],[-3.188,50.9103],[-3.1639,50.946],[-3.2548,50.9418],[-3.2972,50.9774],[-3.2181,50.9879],[-3.1751,51.0112],[-3.1366,51.0721],[-3.2159,51.1296],[-3.1128,51.1704],[-3.0548,51.2059]]]},"properties":{"PCON24CD":"E14001548","PCON24NM":"Tiverton and Minehead"}},
{"type":"Feature","geometry":{"type":"Polygon","coordinates":[[[0.3367,51.3865],[0.2967,51.3971],[0.2552,51.2764],[0.172,51.2254],[0.0428,51.2246],[0.05,51.1427],[0.1607,51.1373],[0.2336,51.1851],[0.2773,51.1747],[0.3086,51.1992],[0.3842,51.1983],[0.4313,51.2491],[0.4327,51.2689],[0.3925,51.2642],[0.3839,51.2803],[0.4006,51.3107],[0.4279,51.3134],[0.4303,51.3246],[0.3902,51.3419],[0.3411,51.325],[0.3367,51.3865]]]},"properties":{"PCON24CD":"E14001549","PCON24NM":"Tonbridge"}},
{"type":"Feature","geometry":{"type":"Polygon","coordinates":[[[-0.1436,51.4418],[-0.1518,51.4446],[-0.1559,51.4508],[-0.1648,51.4471],[-0.1727,51.4594],[-0.1818,51.4581],[-0.1933,51.4473],[-0.19,51.4415],[-0.1912,51.4335],[-0.1788,51.4243],[-0.1616,51.4199],[-0.1404,51.4193],[-0.1396,51.4353],[-0.1359,51.442],[-0.1436,51.4418]]]},"properties":{"PCON24CD":"E14001550","PCON24NM":"Tooting"}},
{"type":"Feature","geometry":{"type":"MultiPolygon","coordinates":[[[[-3.5122,50.399],[-3.513,50.3985],[-3.5127,50.3984],[-3.5122,50.399]]],[[[-3.5123,50.3982],[-3.5125,50.3986],[-3.5114,50.3995],[-3.5122,50.399],[-3.5125,50.3986],[-3.5123,50.3982]]],[[[-3.5091,50.5166],[-3.5366,50.5059],[-3.5438,50.4973],[-3.5702,50.4904],[-3.5842,50.4777],[-3.5905,50.4623],[-3.5813,50.4416],[-3.5876,50.4217],[-3.5693,50.4119],[-3.5569,50.4162],[-3.5573,50.4424],[-3.5333,50.463],[-3.5159,50.4538],[-3.4874,50.4607],[-3.4906,50.4694],[-3.5148,50.4818],[-3.5091,50.5166]]]]},"properties":{"PCON24CD":"E14001551","PCON24NM":"Torbay"}},
{"type":"Feature","geometry":{"type":"MultiPolygon","coordinates":[[[[-4.1985,50.4504],[-4.1997,50.4503],[-4.1995,50.4502],[-4.1985,50.4504]]],[[[-4.1959,50.4531],[-4.1966,50.4529],[-4.1962,50.4526],[-4.196,50.4527],[-4.1959,50.4531]]],[[[-4.1981,51.0212],[-4.1983,50.9945],[-4.1982,50.9945],[-4.1983,50.9945],[-4.2059,51.0055],[-4.2061,51.0054],[-4.2059,51.0055],[-4.3746,50.9901],[-4.5274,51.0185],[-4.5461,50.9284],[-4.4712,50.9313],[-4.3112,50.5848],[-4.2688,50.5353],[-4.2071,50.5172],[-4.1988,50.4919],[-4.217,50.4752],[-4.1985,50.4504],[-4.1995,50.4502],[-4.1986,50.4485],[-4.1505,50.4651],[-4.1311,50.5189],[-4.081,50.5135],[-3.9964,50.5435],[-3.939,50.4844],[-3.899,50.4726],[-3.8756,50.5424],[-3.882,50.6383],[-4.0192,50.6735],[-4.1772,50.8072],[-4.0687,50.8746],[-3.9057,50.8295],[-3.9042,50.9051],[-3.9967,50.926],[-4.0343,51.0076],[-4.1981,51.0212]],[[-4.1966,50.4529],[-4.1959,50.4531],[-4.196,50.4527],[-4.1962,50.4526],[-4.1966,50.4529]]]]},"properties":{"PCON24CD":"E14001552","PCON24NM":"Torridge and Tavistock"}},
{"type":"Feature","geometry":{"type":"Polygon","coordinates":[[[-0.0414,51.6056],[-0.0545,51.6089],[-0.0856,51.6085],[-0.0768,51.5984],[-0.096,51.5983],[-0.1034,51.5905],[-0.0994,51.5867],[-0.096,51.5707],[-0.1044,51.5648],[-0.0917,51.5602],[-0.0919,51.5652],[-0.0786,51.5746],[-0.0612,51.5778],[-0.0522,51.5876],[-0.0505,51.5966],[-0.0414,51.6056]]]},"properties":{"PCON24CD":"E14001553","PCON24NM":"Tottenham"}},
{"type":"Feature","geometry":{"type":"Polygon","coordinates":[[[-5.0692,50.3965],[-5.1335,50.4084],[-5.1533,50.3557],[-5.0961,50.318],[-5.1965,50.2552],[-5.1224,50.2296],[-5.1518,50.2069],[-5.12,50.1708],[-5.1414,50.1387],[-5.0914,50.1246],[-5.0647,50.1526],[-5.1068,50.2076],[-5.1077,50.2073],[-5.1132,50.2066],[-5.1139,50.2065],[-5.1142,50.2062],[-5.1152,50.2056],[-5.1142,50.2062],[-5.1142,50.2064],[-5.1139,50.2065],[-5.1132,50.2066],[-5.1077,50.2073],[-5.1068,50.2076],[-5.0522,50.2475],[-4.9651,50.241],[-4.9648,50.2413],[-4.9651,50.241],[-4.9635,50.2392],[-4.9633,50.2392],[-4.9601,50.2388],[-4.9561,50.2396],[-4.9552,50.24],[-4.9561,50.2396],[-4.9633,50.2392],[-4.9635,50.2392],[-5.0336,50.2051],[-4.9889,50.1794],[-4.9165,50.197],[-4.8614,50.2349],[-4.771,50.2552],[-4.8087,50.2771],[-4.8613,50.2554],[-4.9009,50.2856],[-4.9222,50.3543],[-5.005,50.3466],[-4.9841,50.389],[-5.0692,50.3965]]]},"properties":{"PCON24CD":"E14001554","PCON24NM":"Truro and Falmouth"}},
{"type":"Feature","geometry":{"type":"Polygon","coordinates":[[[0.3842,51.1983],[0.3086,51.1992],[0.2773,51.1747],[0.2336,51.1851],[0.1607,51.1373],[0.1715,51.1154],[0.3106,51.1194],[0.3965,51.0831],[0.4664,51.0343],[0.6054,51.0121],[0.5925,51.04],[0.4775,51.0945],[0.5117,51.1217],[0.4408,51.1765],[0.3842,51.1983]]]},"properties":{"PCON24CD":"E14001555","PCON24NM":"Tunbridge Wells"}},
{"type":"Feature","geometry":{"type":"Polygon","coordinates":[[[-0.3183,51.4295],[-0.3272,51.4324],[-0.3316,51.4413],[-0.3252,51.4465],[-0.3056,51.4504],[-0.3267,51.4601],[-0.3435,51.4574],[-0.3462,51.448],[-0.3772,51.4521],[-0.3878,51.4494],[-0.3778,51.4368],[-0.3913,51.4223],[-0.3834,51.4085],[-0.3591,51.4119],[-0.3278,51.3918],[-0.3177,51.3937],[-0.3096,51.4],[-0.3085,51.4135],[-0.3183,51.4295]]]},"properties":{"PCON24CD":"E14001556","PCON24NM":"Twickenham"}},
{"type":"Feature","geometry":{"type":"Polygon","coordinates":[[[-1.4618,55.0743],[-1.4923,55.0661],[-1.4874,55.0559],[-1.5076,55.0482],[-1.4961,55.0336],[-1.5115,55.0186],[-1.4867,55.0004],[-1.4853,54.9884],[-1.456,54.9887],[-1.4427,55.0064],[-1.4164,55.0144],[-1.4512,55.055],[-1.4618,55.0743]]]},"properties":{"PCON24CD":"E14001557","PCON24NM":"Tynemouth"}},
{"type":"Feature","geometry":{"type":"Polygon","coordinates":[[[-0.3859,51.5709],[-0.4071,51.5745],[-0.4312,51.5676],[-0.4641,51.5887],[-0.4996,51.5967],[-0.4773,51.5553],[-0.4955,51.5385],[-0.4855,51.51],[-0.4502,51.5072],[-0.4382,51.5266],[-0.4414,51.5365],[-0.4168,51.5402],[-0.3953,51.5426],[-0.3778,51.555],[-0.3859,51.5709]]]},"properties":{"PCON24CD":"E14001558","PCON24NM":"Uxbridge and South Ruislip"}},
{"type":"Feature","geometry":{"type":"Polygon","coordinates":[[[-0.1089,51.5084],[-0.1194,51.5038],[-0.1243,51.4878],[-0.1284,51.4851],[-0.1339,51.4756],[-0.1256,51.4696],[-0.1125,51.4704],[-0.096,51.4699],[-0.093,51.472],[-0.0883,51.4799],[-0.0944,51.4814],[-0.1018,51.4923],[-0.1109,51.4955],[-0.1059,51.502],[-0.1089,51.5084]]]},"properties":{"PCON24CD":"E14001559","PCON24NM":"Vauxhall and Camberwell Green"}},
{"type":"Feature","geometry":{"type":"Polygon","coordinates":[[[-1.4198,53.7447],[-1.435,53.7573],[-1.4819,53.7663],[-1.5032,53.7613],[-1.5167,53.7508],[-1.4925,53.7476],[-1.5108,53.7296],[-1.5545,53.7028],[-1.5528,53.6764],[-1.5287,53.6562],[-1.4935,53.6607],[-1.473,53.6754],[-1.4508,53.698],[-1.4698,53.712],[-1.4283,53.7214],[-1.4198,53.7447]]]},"properties":{"PCON24CD":"E14001560","PCON24NM":"Wakefield and Rothwell"}},
{"type":"Feature","geometry":{"type":"Polygon","coordinates":[[[-3.0129,53.4015],[-3.0405,53.4429],[-3.0732,53.4354],[-3.1015,53.4212],[-3.141,53.4119],[-3.1351,53.3958],[-3.1246,53.3856],[-3.1024,53.3814],[-3.0857,53.3864],[-3.0888,53.4004],[-3.0814,53.4109],[-3.0629,53.4152],[-3.0446,53.404],[-3.0129,53.4015]]]},"properties":{"PCON24CD":"E14001561","PCON24NM":"Wallasey"}},
{"type":"Feature","geometry":{"type":"Polygon","coordinates":[[[-1.9909,52.6367],[-2.0143,52.6332],[-2.0302,52.617],[-2.0155,52.5964],[-2.011,52.5691],[-1.9752,52.5559],[-1.9668,52.5626],[-1.9425,52.5605],[-1.9499,52.5723],[-1.9423,52.5914],[-1.9909,52.6367]]]},"properties":{"PCON24CD":"E14001562","PCON24NM":"Walsall and Bloxwich"}},
{"type":"Feature","geometry":{"type":"Polygon","coordinates":[[[0.0125,51.5954],[-0.0012,51.5924],[-0.0032,51.6004],[-0.0171,51.6012],[-0.0339,51.6095],[-0.0414,51.6056],[-0.0505,51.5966],[-0.0522,51.5876],[-0.0612,51.5778],[-0.0584,51.5726],[-0.0424,51.5614],[-0.03,51.5614],[-0.0075,51.5778],[0.0134,51.5838],[0.0125,51.5954]]]},"properties":{"PCON24CD":"E14001563","PCON24NM":"Walthamstow"}},
{"type":"Feature","geometry":{"type":"Polygon","coordinates":[[[-2.4494,53.4159],[-2.449,53.4229],[-2.4922,53.4649],[-2.4963,53.4809],[-2.5505,53.4681],[-2.5767,53.4461],[-2.5853,53.4398],[-2.6774,53.4481],[-2.6822,53.4392],[-2.6638,53.4285],[-2.6721,53.4118],[-2.6456,53.4066],[-2.5978,53.4143],[-2.5915,53.386],[-2.5782,53.3848],[-2.5097,53.3894],[-2.4784,53.3962],[-2.4537,53.4132],[-2.4494,53.4159]]]},"properties":{"PCON24CD":"E14001564","PCON24NM":"Warrington North"}},
{"type":"Feature","geometry":{"type":"MultiPolygon","coordinates":[[[[-2.5097,53.3894],[-2.5782,53.3848],[-2.5974,53.3729],[-2.5943,53.3729],[-2.5974,53.3729],[-2.6593,53.3728],[-2.6752,53.3545],[-2.6306,53.364],[-2.6198,53.3319],[-2.5952,53.3225],[-2.5631,53.3231],[-2.5184,53.3424],[-2.5097,53.3894]]],[[[-2.5915,53.386],[-2.5978,53.4143],[-2.6456,53.4066],[-2.6721,53.4118],[-2.6763,53.3876],[-2.6906,53.3854],[-2.6934,53.3618],[-2.6744,53.3568],[-2.6599,53.3741],[-2.6454,53.374],[-2.6391,53.3796],[-2.6287,53.381],[-2.6286,53.381],[-2.6277,53.3808],[-2.6274,53.3809],[-2.6266,53.3813],[-2.6263,53.3816],[-2.6249,53.383],[-2.6248,53.3832],[-2.6249,53.383],[-2.6263,53.3816],[-2.6266,53.3813],[-2.6274,53.3809],[-2.6277,53.3808],[-2.6286,53.381],[-2.6287,53.381],[-2.6394,53.3788],[-2.6256,53.3754],[-2.6208,53.377],[-2.5981,53.3757],[-2.5915,53.386]]]]},"properties":{"PCON24CD":"E14001565","PCON24NM":"Warrington South"}},
{"type":"Feature","geometry":{"type":"Polygon","coordinates":[[[-1.4438,52.3404],[-1.4858,52.331],[-1.5082,52.3125],[-1.5348,52.3217],[-1.6071,52.2927],[-1.6175,52.2618],[-1.5709,52.2497],[-1.5619,52.2321],[-1.5278,52.2252],[-1.4989,52.239],[-1.4777,52.2617],[-1.4352,52.2728],[-1.4479,52.2914],[-1.4218,52.298],[-1.4061,52.3166],[-1.4438,52.3404]]]},"properties":{"PCON24CD":"E14001566","PCON24NM":"Warwick and Leamington"}},
{"type":"Feature","geometry":{"type":"MultiPolygon","coordinates":[[[[-1.5065,54.8711],[-1.5025,54.8846],[-1.5192,54.8759],[-1.5065,54.8711]]],[[[-1.4286,54.9167],[-1.4098,54.9268],[-1.4125,54.9358],[-1.4194,54.9299],[-1.4501,54.934],[-1.4606,54.9302],[-1.5567,54.93],[-1.5842,54.9177],[-1.6045,54.9216],[-1.6097,54.9341],[-1.6345,54.9332],[-1.67,54.9205],[-1.6748,54.9093],[-1.6433,54.8789],[-1.5942,54.902],[-1.5799,54.8778],[-1.52,54.876],[-1.4812,54.8959],[-1.4749,54.9028],[-1.4701,54.904],[-1.4667,54.9037],[-1.463,54.899],[-1.4593,54.9039],[-1.4511,54.9094],[-1.4286,54.9167]]]]},"properties":{"PCON24CD":"E14001567","PCON24NM":"Washington and Gateshead South"}},
{"type":"Feature","geometry":{"type":"Polygon","coordinates":[[[-0.3756,51.6929],[-0.4024,51.7019],[-0.4131,51.6885],[-0.4314,51.6824],[-0.4383,51.6643],[-0.4244,51.655],[-0.4284,51.6413],[-0.3774,51.6377],[-0.3782,51.6465],[-0.3628,51.666],[-0.3754,51.6925],[-0.3756,51.6929]]]},"properties":{"PCON24CD":"E14001568","PCON24NM":"Watford"}},
{"type":"Feature","geometry":{"type":"Polygon","coordinates":[[[1.544,52.4632],[1.5095,52.5012],[1.3657,52.5174],[1.3449,52.4646],[1.2669,52.4523],[1.0895,52.5146],[1.0629,52.4332],[0.9675,52.3701],[0.9532,52.3369],[0.8829,52.3001],[0.8878,52.2659],[0.9464,52.2522],[0.9266,52.2132],[1.0226,52.1853],[1.0686,52.2199],[1.1806,52.2532],[1.2474,52.2287],[1.4016,52.2857],[1.3575,52.3222],[1.4222,52.3688],[1.5809,52.3215],[1.5806,52.3221],[1.5686,52.3303],[1.5626,52.3318],[1.6257,52.4284],[1.5528,52.459],[1.5174,52.4705],[1.544,52.4632]]]},"properties":{"PCON24CD":"E14001569","PCON24NM":"Waveney Valley"}},
{"type":"Feature","geometry":{"type":"Polygon","coordinates":[[[0.9733,51.2686],[0.7446,51.2147],[0.6069,51.2257],[0.5407,51.2443],[0.4601,51.2589],[0.4313,51.2491],[0.3842,51.1983],[0.4408,51.1765],[0.5117,51.1217],[0.4775,51.0945],[0.5925,51.04],[0.6054,51.0121],[0.6809,51.0015],[0.7411,51.0006],[0.779,50.9895],[0.8309,51.0494],[0.8711,51.0456],[0.9689,51.0629],[0.9835,51.0911],[0.9735,51.1072],[0.8382,51.1274],[0.8387,51.1613],[0.9503,51.1995],[0.9897,51.1908],[1.0054,51.2085],[0.9733,51.2686]]]},"properties":{"PCON24CD":"E14001570","PCON24NM":"Weald of Kent"}},
{"type":"Feature","geometry":{"type":"Polygon","coordinates":[[[-0.6324,52.3616],[-0.6537,52.3481],[-0.6828,52.3496],[-0.6812,52.3282],[-0.7395,52.3198],[-0.7559,52.3036],[-0.6851,52.2774],[-0.6537,52.2683],[-0.6076,52.2789],[-0.5657,52.2535],[-0.5312,52.2704],[-0.542,52.2899],[-0.5198,52.3177],[-0.5816,52.3202],[-0.6335,52.337],[-0.6324,52.3616]]]},"properties":{"PCON24CD":"E14001571","PCON24NM":"Wellingborough and Rushden"}},
{"type":"Feature","geometry":{"type":"Polygon","coordinates":[[[-2.7079,51.3378],[-2.7712,51.3436],[-2.781,51.404],[-2.8162,51.4238],[-2.8873,51.4134],[-2.8904,51.3881],[-2.8936,51.3308],[-2.9109,51.3193],[-2.9077,51.299],[-2.9629,51.3043],[-2.9753,51.2963],[-2.9927,51.2608],[-2.9783,51.1881],[-2.8963,51.1831],[-2.9147,51.1188],[-2.8499,51.1032],[-2.7544,51.1045],[-2.67,51.1644],[-2.5866,51.143],[-2.5201,51.1737],[-2.557,51.2431],[-2.4967,51.2905],[-2.5578,51.3027],[-2.613,51.2842],[-2.6951,51.3185],[-2.7079,51.3378]]]},"properties":{"PCON24CD":"E14001572","PCON24NM":"Wells and Mendip Hills"}},
{"type":"Feature","geometry":{"type":"Polygon","coordinates":[[[-0.1684,51.8312],[-0.1668,51.8502],[-0.2042,51.855],[-0.2404,51.835],[-0.2725,51.8405],[-0.2735,51.8354],[-0.2433,51.8124],[-0.2752,51.7998],[-0.267,51.768],[-0.2531,51.7477],[-0.2551,51.7295],[-0.1725,51.7026],[-0.1384,51.7373],[-0.15,51.8018],[-0.1836,51.8151],[-0.1684,51.8312]]]},"properties":{"PCON24CD":"E14001573","PCON24NM":"Welwyn Hatfield"}},
{"type":"Feature","geometry":{"type":"Polygon","coordinates":[[[-1.9425,52.5605],[-1.9668,52.5626],[-1.9752,52.5559],[-2.0018,52.5311],[-2.0297,52.52],[-2.0484,52.5242],[-2.0632,52.5137],[-2.0609,52.5026],[-2.0703,52.4919],[-2.0705,52.4816],[-2.0577,52.4797],[-2.0424,52.4816],[-2.032,52.4968],[-2.0068,52.4914],[-1.9755,52.5116],[-1.962,52.5099],[-1.9621,52.528],[-1.9303,52.5334],[-1.9182,52.5473],[-1.9425,52.5605]]]},"properties":{"PCON24CD":"E14001574","PCON24NM":"West Bromwich"}},
{"type":"Feature","geometry":{"type":"Polygon","coordinates":[[[-2.4149,50.9606],[-2.5023,50.9938],[-2.5984,50.9595],[-2.624,50.908],[-2.7145,50.8639],[-2.8862,50.8505],[-2.9543,50.8212],[-2.9477,50.7182],[-2.7934,50.7181],[-2.5174,50.6042],[-2.5162,50.6052],[-2.5085,50.6113],[-2.5253,50.6399],[-2.3743,50.6688],[-2.3037,50.7303],[-2.3822,50.7162],[-2.331,50.8515],[-2.4028,50.8934],[-2.4149,50.9606]]]},"properties":{"PCON24CD":"E14001575","PCON24NM":"West Dorset"}},
{"type":"Feature","geometry":{"type":"MultiPolygon","coordinates":[[[[-0.0079,51.523],[-0.0071,51.5255],[-0.0078,51.5253],[-0.0079,51.523]]],[[[0.0324,51.5347],[0.0212,51.5414],[0.0007,51.5366],[0.0048,51.5283],[-0.0065,51.5257],[-0.0087,51.5208],[0.0063,51.5146],[0.0066,51.51],[0.0224,51.4989],[0.0604,51.4984],[0.0737,51.5004],[0.0861,51.5129],[0.0956,51.5155],[0.0921,51.5256],[0.0801,51.5275],[0.0579,51.5201],[0.0413,51.5197],[0.0324,51.5347]]]]},"properties":{"PCON24CD":"E14001576","PCON24NM":"West Ham and Beckton"}},
{"type":"Feature","geometry":{"type":"Polygon","coordinates":[[[-2.8077,53.6282],[-2.8484,53.6246],[-2.899,53.6497],[-2.9604,53.6387],[-3.0141,53.6113],[-3.0333,53.5851],[-3.0457,53.5434],[-2.984,53.5211],[-2.9776,53.5459],[-2.9478,53.5443],[-2.923,53.5252],[-2.8896,53.5222],[-2.888,53.5038],[-2.8444,53.4841],[-2.825,53.4852],[-2.8166,53.5123],[-2.7825,53.5314],[-2.7689,53.5136],[-2.7304,53.5206],[-2.7047,53.5619],[-2.7144,53.5817],[-2.6934,53.5894],[-2.6895,53.6043],[-2.6946,53.6158],[-2.7588,53.6147],[-2.8011,53.625],[-2.8077,53.6282]]]},"properties":{"PCON24CD":"E14001577","PCON24NM":"West Lancashire"}},
{"type":"Feature","geometry":{"type":"Polygon","coordinates":[[[0.7124,52.3946],[0.6634,52.4621],[0.4293,52.4365],[0.3748,52.4097],[0.4242,52.3292],[0.5011,52.2894],[0.4875,52.1698],[0.4173,52.1593],[0.3818,52.1027],[0.4046,52.0655],[0.5046,52.0545],[0.6569,52.0854],[0.6334,52.1425],[0.716,52.1777],[0.6649,52.2575],[0.7189,52.2924],[0.7384,52.3485],[0.7124,52.3946]]]},"properties":{"PCON24CD":"E14001578","PCON24NM":"West Suffolk"}},
{"type":"Feature","geometry":{"type":"Polygon","coordinates":[[[-2.4147,52.3682],[-2.6181,52.3069],[-2.629,52.2404],[-2.4957,52.2569],[-2.3903,52.2304],[-2.4331,52.172],[-2.3587,52.1519],[-2.3514,52.0214],[-2.2514,51.9666],[-2.1749,51.9961],[-2.1805,52.0423],[-2.0495,52.0038],[-1.9841,52.0359],[-1.9134,52.0445],[-1.9378,52.0697],[-2.0657,52.093],[-2.1078,52.1194],[-2.1693,52.1083],[-2.2034,52.1673],[-2.2176,52.162],[-2.2623,52.1855],[-2.2605,52.1963],[-2.2349,52.2115],[-2.2433,52.2219],[-2.2751,52.2723],[-2.2664,52.3236],[-2.3595,52.3154],[-2.4365,52.324],[-2.4147,52.3682]]]},"properties":{"PCON24CD":"E14001579","PCON24NM":"West Worcestershire"}},
{"type":"Feature","geometry":{"type":"Polygon","coordinates":[[[-2.3555,54.6972],[-2.7536,54.648],[-2.8756,54.7054],[-3.092,54.6574],[-3.0148,54.4998],[-3.1671,54.4541],[-3.1141,54.4183],[-3.1488,54.3517],[-3.0522,54.2358],[-3.024,54.2562],[-3.0235,54.2561],[-3.0132,54.2619],[-3.0116,54.2637],[-3.0132,54.2619],[-3.0235,54.2561],[-3.024,54.2562],[-3.0392,54.228],[-3.0187,54.2003],[-3.0186,54.2004],[-3.0187,54.2003],[-3.0281,54.1924],[-3.0276,54.1921],[-3.0281,54.1924],[-3.0252,54.1891],[-3.0206,54.1889],[-3.0206,54.189],[-3.0211,54.189],[-3.0213,54.189],[-3.0213,54.1892],[-3.021,54.1896],[-3.0213,54.1892],[-3.0213,54.189],[-3.0211,54.189],[-3.0206,54.189],[-3.0206,54.1889],[-3.01,54.1821],[-3.0088,54.1802],[-3.0087,54.1802],[-3.0083,54.1802],[-3.0074,54.1801],[-3.0074,54.1802],[-3.0074,54.1801],[-3.0083,54.1802],[-3.0087,54.1802],[-3.0088,54.1802],[-3.0015,54.1725],[-3.0015,54.1731],[-3.0015,54.1725],[-2.9961,54.1738],[-2.9961,54.1742],[-2.9961,54.1744],[-2.9964,54.1744],[-2.9961,54.1744],[-2.9951,54.1752],[-2.9954,54.1752],[-2.9951,54.1752],[-2.9961,54.1742],[-2.9961,54.1738],[-2.9935,54.1755],[-2.9956,54.1787],[-2.996,54.1787],[-2.9956,54.1787],[-2.9935,54.1755],[-2.9996,54.1682],[-2.9994,54.168],[-2.9981,54.167],[-2.9977,54.1669],[-2.9981,54.167],[-2.9994,54.168],[-2.9996,54.1682],[-2.9962,54.1553],[-2.996,54.1554],[-2.9962,54.1553],[-2.8702,54.2038],[-2.7972,54.2356],[-2.7991,54.232],[-2.756,54.2808],[-2.5828,54.2775],[-2.58,54.3862],[-2.3677,54.3561],[-2.1702,54.4582],[-2.1724,54.5324],[-2.3045,54.5962],[-2.3555,54.6972]]]},"properties":{"PCON24CD":"E14001580","PCON24NM":"Westmorland and Lonsdale"}},
{"type":"Feature","geometry":{"type":"Polygon","coordinates":[[[-2.8904,51.3881],[-2.9373,51.3981],[-2.9624,51.3823],[-2.9828,51.3491],[-2.9932,51.301],[-2.9753,51.2963],[-2.9629,51.3043],[-2.9077,51.299],[-2.9109,51.3193],[-2.8936,51.3308],[-2.8904,51.3881]]]},"properties":{"PCON24CD":"E14001581","PCON24NM":"Weston-super-Mare"}},
{"type":"Feature","geometry":{"type":"Polygon","coordinates":[[[-1.0597,54.0566],[-1.0137,54.1351],[-1.2399,54.2299],[-1.3673,54.1676],[-1.4883,54.1236],[-1.5207,54.0756],[-1.487,54.0841],[-1.4128,54.0582],[-1.3439,54.0202],[-1.3522,53.9927],[-1.4425,53.9976],[-1.5068,53.9766],[-1.5436,53.9549],[-1.5526,53.903],[-1.5606,53.889],[-1.4973,53.8663],[-1.5004,53.8483],[-1.4803,53.8425],[-1.4613,53.8437],[-1.403,53.8003],[-1.3448,53.8085],[-1.1721,53.8018],[-1.1973,53.8537],[-1.1282,53.8633],[-1.1054,53.8758],[-1.1174,53.8804],[-1.1334,53.8911],[-1.1543,53.8967],[-1.1977,53.9293],[-1.2237,53.9748],[-1.1517,53.9891],[-1.1408,54.0299],[-1.0597,54.0566]]]},"properties":{"PCON24CD":"E14001582","PCON24NM":"Wetherby and Easingwold"}},
{"type":"Feature","geometry":{"type":"Polygon","coordinates":[[[-3.1968,54.4656],[-3.2332,54.5004],[-3.3662,54.5446],[-3.4221,54.6485],[-3.5115,54.7063],[-3.5752,54.6455],[-3.5804,54.5717],[-3.6136,54.5251],[-3.5937,54.4827],[-3.4354,54.3636],[-3.4352,54.3637],[-3.4354,54.3636],[-3.4306,54.3564],[-3.4309,54.3566],[-3.4314,54.3568],[-3.4319,54.3569],[-3.4314,54.3568],[-3.4309,54.3566],[-3.4306,54.3564],[-3.3994,54.3664],[-3.3039,54.4248],[-3.1968,54.4656]]]},"properties":{"PCON24CD":"E14001583","PCON24NM":"Whitehaven and Workington"}},
{"type":"Feature","geometry":{"type":"Polygon","coordinates":[[[-2.6906,53.3854],[-2.7166,53.399],[-2.7868,53.4012],[-2.7857,53.4149],[-2.8133,53.4173],[-2.8139,53.4016],[-2.8373,53.3999],[-2.8262,53.3849],[-2.854,53.377],[-2.8532,53.363],[-2.8404,53.3473],[-2.8188,53.348],[-2.8266,53.3317],[-2.7946,53.3222],[-2.7692,53.3454],[-2.7367,53.3478],[-2.6934,53.3618],[-2.6906,53.3854]]]},"properties":{"PCON24CD":"E14001584","PCON24NM":"Widnes and Halewood"}},
{"type":"Feature","geometry":{"type":"Polygon","coordinates":[[[-2.6259,53.5937],[-2.6346,53.6083],[-2.6895,53.6043],[-2.6934,53.5894],[-2.7144,53.5817],[-2.7047,53.5619],[-2.6983,53.5328],[-2.6644,53.5315],[-2.6459,53.5407],[-2.6168,53.5307],[-2.5692,53.5475],[-2.5598,53.5557],[-2.5777,53.5811],[-2.6259,53.5937]]]},"properties":{"PCON24CD":"E14001585","PCON24NM":"Wigan"}},
{"type":"Feature","geometry":{"type":"Polygon","coordinates":[[[-0.1788,51.4243],[-0.1912,51.4335],[-0.19,51.4415],[-0.2157,51.4377],[-0.2312,51.4382],[-0.2511,51.4326],[-0.2472,51.4096],[-0.2466,51.3992],[-0.2759,51.3971],[-0.261,51.3796],[-0.245,51.3801],[-0.2346,51.3906],[-0.2268,51.3928],[-0.2288,51.4071],[-0.2141,51.4092],[-0.2031,51.4016],[-0.1843,51.4084],[-0.1788,51.4243]]]},"properties":{"PCON24CD":"E14001586","PCON24NM":"Wimbledon"}},
{"type":"Feature","geometry":{"type":"Polygon","coordinates":[[[-1.2486,51.1911],[-1.3088,51.1947],[-1.436,51.1078],[-1.393,51.0044],[-1.3535,50.9982],[-1.3456,50.9855],[-1.2905,50.9823],[-1.2603,50.9745],[-1.2911,50.9468],[-1.2672,50.9293],[-1.2353,50.9396],[-1.1725,50.9185],[-1.1538,50.8974],[-1.0366,50.9317],[-1.0695,50.9937],[-1.0622,51.0445],[-1.106,51.0906],[-1.095,51.1403],[-1.1781,51.1341],[-1.1817,51.1752],[-1.2485,51.191],[-1.2486,51.1911]]]},"properties":{"PCON24CD":"E14001587","PCON24NM":"Winchester"}},
{"type":"Feature","geometry":{"type":"Polygon","coordinates":[[[-0.5287,51.4971],[-0.5638,51.5068],[-0.5648,51.4916],[-0.6006,51.5023],[-0.6077,51.4973],[-0.6279,51.5044],[-0.6422,51.5006],[-0.6623,51.4879],[-0.662,51.4443],[-0.6306,51.4422],[-0.6404,51.4158],[-0.6763,51.4316],[-0.6965,51.4109],[-0.6676,51.3846],[-0.6169,51.3925],[-0.5977,51.3855],[-0.5488,51.3985],[-0.5228,51.4353],[-0.5406,51.4571],[-0.53,51.4702],[-0.5098,51.4692],[-0.49,51.4947],[-0.5287,51.4971]]]},"properties":{"PCON24CD":"E14001588","PCON24NM":"Windsor"}},
{"type":"Feature","geometry":{"type":"MultiPolygon","coordinates":[[[[-3.1184,53.2919],[-3.1241,53.2918],[-3.1238,53.2913],[-3.1235,53.2913],[-3.1225,53.2911],[-3.1217,53.291],[-3.1225,53.2911],[-3.1235,53.2913],[-3.1238,53.2913],[-3.1243,53.2911],[-3.1238,53.2908],[-3.1243,53.2911],[-3.123,53.2893],[-3.1184,53.2919]]],[[[-3.1171,53.2927],[-3.1207,53.2933],[-3.1205,53.2934],[-3.1207,53.2933],[-3.1183,53.292],[-3.1171,53.2927]]],[[[-3.141,53.4119],[-3.203,53.3846],[-3.2022,53.3768],[-3.1214,53.3227],[-3.1212,53.3225],[-3.1214,53.3227],[-3.123,53.3236],[-3.1231,53.3236],[-3.1232,53.3231],[-3.1231,53.3236],[-3.123,53.3236],[-3.1368,53.3261],[-3.1347,53.3183],[-3.1357,53.3175],[-3.13,53.3183],[-3.1297,53.3183],[-3.1296,53.3184],[-3.1297,53.3183],[-3.13,53.3183],[-3.1313,53.3173],[-3.1277,53.316],[-3.1276,53.3161],[-3.1277,53.316],[-3.1278,53.3152],[-3.1233,53.3137],[-3.12,53.3134],[-3.12,53.3135],[-3.1186,53.3139],[-3.1186,53.3141],[-3.1186,53.3139],[-3.12,53.3135],[-3.12,53.3134],[-3.1244,53.3075],[-3.1244,53.3076],[-3.1244,53.3075],[-3.1103,53.3041],[-3.1093,53.3023],[-3.1089,53.3022],[-3.1093,53.3023],[-3.1239,53.3031],[-3.1239,53.303],[-3.1215,53.3022],[-3.1239,53.303],[-3.1239,53.3031],[-3.1276,53.3054],[-3.1279,53.305],[-3.128,53.3047],[-3.1279,53.305],[-3.1276,53.3054],[-3.1279,53.3026],[-3.1274,53.3018],[-3.1268,53.3008],[-3.1274,53.3018],[-3.1295,53.3001],[-3.1295,53.3],[-3.1295,53.3001],[-3.1331,53.3043],[-3.1332,53.3042],[-3.1331,53.3043],[-3.1364,53.2968],[-3.1244,53.2971],[-3.1244,53.2973],[-3.1246,53.2982],[-3.1243,53.2988],[-3.1246,53.2982],[-3.1244,53.2973],[-3.1244,53.2971],[-3.1184,53.3005],[-3.1155,53.2995],[-3.1156,53.297],[-3.1162,53.2972],[-3.1156,53.297],[-3.1141,53.297],[-3.1139,53.2971],[-3.1118,53.2983],[-3.1114,53.2986],[-3.1118,53.2983],[-3.1139,53.2971],[-3.1141,53.297],[-3.1127,53.2967],[-3.1123,53.2968],[-3.1122,53.2969],[-3.1115,53.2972],[-3.1122,53.2969],[-3.1123,53.2968],[-3.1127,53.2967],[-3.1126,53.2952],[-3.1094,53.2971],[-3.1093,53.2971],[-3.0742,53.3164],[-3.0261,53.2977],[-2.9802,53.3047],[-2.9991,53.3502],[-3.0173,53.346],[-3.0441,53.3469],[-3.0677,53.3628],[-3.0857,53.3864],[-3.1024,53.3814],[-3.1246,53.3856],[-3.1351,53.3958],[-3.141,53.4119]]]]},"properties":{"PCON24CD":"E14001589","PCON24NM":"Wirral West"}},
{"type":"Feature","geometry":{"type":"MultiPolygon","coordinates":[[[[0.6653,51.7391],[0.6654,51.739],[0.665,51.7395],[0.6653,51.7391]]],[[[0.8515,51.7452],[0.8505,51.7463],[0.8504,51.7462],[0.8499,51.7447],[0.8528,51.7446],[0.8529,51.7446],[0.8516,51.7452],[0.8515,51.7452]]],[[[0.8479,51.7641],[0.8472,51.7665],[0.845,51.765],[0.8448,51.7649],[0.8462,51.7647],[0.8463,51.7648],[0.8477,51.7643],[0.8479,51.7641]]],[[[0.8892,51.7657],[0.8936,51.7665],[0.8908,51.7673],[0.8907,51.7672],[0.8904,51.7669],[0.8903,51.7669],[0.8907,51.7667],[0.8908,51.7667],[0.8907,51.7667],[0.8902,51.7667],[0.89,51.7665],[0.8892,51.7657]]],[[[0.8894,51.7696],[0.8883,51.7695],[0.8882,51.7695],[0.8894,51.7695],[0.8894,51.7696]]],[[[0.8493,51.7714],[0.8483,51.772],[0.8481,51.7717],[0.8492,51.7713],[0.8493,51.7714]]],[[[0.846,51.7726],[0.8466,51.7722],[0.8465,51.7724],[0.846,51.7726]]],[[[0.8431,51.7733],[0.8434,51.7729],[0.8432,51.7733],[0.8431,51.7733]]],[[[0.8432,51.7687],[0.8353,51.7718],[0.835,51.7714],[0.8341,51.7706],[0.8338,51.7705],[0.8334,51.7703],[0.8333,51.7702],[0.8335,51.7693],[0.8336,51.7693],[0.8432,51.7687]]],[[[0.7497,51.9548],[0.6746,51.9806],[0.6453,51.9067],[0.6013,51.9216],[0.5746,51.8494],[0.5302,51.8296],[0.5721,51.7519],[0.6021,51.7117],[0.6623,51.7434],[0.6639,51.7437],[0.6651,51.7412],[0.6642,51.7394],[0.6655,51.7389],[0.6654,51.7389],[0.6653,51.7391],[0.665,51.7394],[0.665,51.7395],[0.6655,51.7398],[0.6688,51.746],[0.6949,51.7506],[0.7375,51.7326],[0.774,51.7392],[0.7728,51.7393],[0.7932,51.7399],[0.7931,51.7398],[0.7932,51.7399],[0.8473,51.747],[0.8473,51.7471],[0.8504,51.7462],[0.8505,51.7463],[0.8515,51.7452],[0.8516,51.7452],[0.8529,51.7446],[0.8528,51.7446],[0.8536,51.7447],[0.8599,51.7456],[0.8699,51.7519],[0.8527,51.7606],[0.8495,51.7601],[0.8484,51.7604],[0.8488,51.7619],[0.8508,51.7612],[0.851,51.7611],[0.8495,51.7633],[0.8493,51.7633],[0.8491,51.7632],[0.8493,51.7633],[0.8495,51.7633],[0.85,51.7641],[0.8512,51.7648],[0.848,51.7636],[0.8474,51.7634],[0.848,51.7636],[0.8479,51.7641],[0.8477,51.7643],[0.8463,51.7648],[0.8462,51.7647],[0.8449,51.7642],[0.845,51.7641],[0.8449,51.7642],[0.8448,51.7649],[0.845,51.765],[0.8336,51.7693],[0.8335,51.7693],[0.832,51.77],[0.832,51.7699],[0.832,51.77],[0.8321,51.7701],[0.832,51.7701],[0.8321,51.7701],[0.8333,51.7702],[0.8334,51.7703],[0.8334,51.7704],[0.8334,51.7705],[0.8334,51.7707],[0.8334,51.7705],[0.8334,51.7704],[0.8338,51.7705],[0.8341,51.7706],[0.835,51.7714],[0.8353,51.7718],[0.8431,51.7733],[0.8432,51.7733],[0.8434,51.7729],[0.846,51.7726],[0.8465,51.7724],[0.8483,51.772],[0.8885,51.765],[0.8891,51.7656],[0.8892,51.7657],[0.89,51.7665],[0.8902,51.7667],[0.8903,51.7669],[0.8904,51.7669],[0.8907,51.7672],[0.8908,51.7673],[0.8874,51.7697],[0.8882,51.7695],[0.8883,51.7695],[0.8894,51.7696],[0.8894,51.7695],[0.8906,51.7697],[0.8879,51.772],[0.8866,51.7709],[0.8844,51.7737],[0.8578,51.784],[0.8445,51.78],[0.8349,51.7844],[0.8352,51.7852],[0.8348,51.7883],[0.8347,51.7884],[0.8348,51.7883],[0.8414,51.7825],[0.8451,51.7838],[0.8468,51.7864],[0.8467,51.7864],[0.8468,51.7864],[0.8524,51.7852],[0.8548,51.7856],[0.8548,51.7854],[0.8564,51.7858],[0.8582,51.7861],[0.8588,51.7859],[0.8587,51.7861],[0.8596,51.7858],[0.8589,51.7868],[0.8584,51.7867],[0.8585,51.7867],[0.859,51.7865],[0.8584,51.7861],[0.8579,51.7863],[0.8579,51.7866],[0.8579,51.7867],[0.8577,51.7866],[0.8579,51.7867],[0.8579,51.7866],[0.8585,51.7867],[0.8584,51.7867],[0.857,51.7872],[0.8551,51.7856],[0.8548,51.7872],[0.8586,51.7872],[0.8599,51.7859],[0.8623,51.7855],[0.8629,51.7861],[0.8651,51.7863],[0.8651,51.7864],[0.8651,51.7863],[0.8663,51.7845],[0.8672,51.7845],[0.8671,51.7846],[0.8676,51.7849],[0.8672,51.785],[0.8676,51.7849],[0.8671,51.7846],[0.8672,51.7845],[0.8701,51.7844],[0.8688,51.7856],[0.8685,51.7854],[0.8688,51.7856],[0.8656,51.7866],[0.8659,51.7868],[0.866,51.7871],[0.8659,51.7868],[0.8671,51.788],[0.867,51.7881],[0.8671,51.788],[0.8667,51.79],[0.8688,51.7916],[0.8667,51.79],[0.8873,51.7797],[0.8874,51.7797],[0.8919,51.7791],[0.8921,51.7791],[0.8947,51.791],[0.8887,51.8462],[0.8671,51.8524],[0.8669,51.8632],[0.8504,51.8727],[0.8447,51.8967],[0.7921,51.8836],[0.7092,51.8951],[0.7497,51.9548]],[[0.8873,51.7797],[0.8921,51.7791],[0.8919,51.7791],[0.8874,51.7797],[0.8873,51.7797]]]]},"properties":{"PCON24CD":"E14001590","PCON24NM":"Witham"}},
{"type":"Feature","geometry":{"type":"Polygon","coordinates":[[[-1.4756,51.838],[-1.5209,51.838],[-1.5789,51.8982],[-1.6333,51.8996],[-1.6835,51.8687],[-1.6937,51.7216],[-1.6831,51.6901],[-1.6989,51.6695],[-1.6599,51.635],[-1.6906,51.6054],[-1.6911,51.5835],[-1.5847,51.5249],[-1.57,51.5474],[-1.5956,51.6072],[-1.5388,51.6645],[-1.4213,51.6364],[-1.3514,51.6569],[-1.3546,51.6961],[-1.3202,51.7146],[-1.3634,51.7618],[-1.4739,51.7686],[-1.4756,51.838]]]},"properties":{"PCON24CD":"E14001591","PCON24NM":"Witney"}},
{"type":"Feature","geometry":{"type":"Polygon","coordinates":[[[-0.4623,51.33],[-0.4865,51.3473],[-0.5156,51.3389],[-0.5485,51.348],[-0.6081,51.3397],[-0.6235,51.3199],[-0.648,51.3046],[-0.6186,51.283],[-0.6009,51.2861],[-0.5474,51.2656],[-0.5371,51.2758],[-0.545,51.2961],[-0.4919,51.3109],[-0.4892,51.3281],[-0.4623,51.33]]]},"properties":{"PCON24CD":"E14001592","PCON24NM":"Woking"}},
{"type":"Feature","geometry":{"type":"Polygon","coordinates":[[[-0.8427,51.5448],[-0.8756,51.5617],[-0.8969,51.5449],[-0.8785,51.5235],[-0.8977,51.487],[-0.8757,51.4549],[-0.9001,51.4368],[-0.911,51.42],[-0.9477,51.3885],[-0.9887,51.3895],[-0.9887,51.3806],[-0.9861,51.3628],[-0.918,51.3648],[-0.8429,51.3523],[-0.8374,51.3529],[-0.8092,51.371],[-0.7888,51.3718],[-0.8007,51.4038],[-0.8294,51.4871],[-0.8171,51.5028],[-0.8501,51.5245],[-0.8427,51.5448]]]},"properties":{"PCON24CD":"E14001593","PCON24NM":"Wokingham"}},
{"type":"Feature","geometry":{"type":"Polygon","coordinates":[[[-2.0302,52.617],[-2.0521,52.6222],[-2.081,52.6119],[-2.0975,52.624],[-2.1012,52.6351],[-2.1138,52.6379],[-2.1338,52.6336],[-2.1371,52.6298],[-2.1294,52.6212],[-2.1293,52.5961],[-2.1212,52.5859],[-2.1012,52.593],[-2.0778,52.5861],[-2.0664,52.5946],[-2.0415,52.591],[-2.0155,52.5964],[-2.0302,52.617]]]},"properties":{"PCON24CD":"E14001594","PCON24NM":"Wolverhampton North East"}},
{"type":"Feature","geometry":{"type":"Polygon","coordinates":[[[-2.0155,52.5964],[-2.0415,52.591],[-2.0664,52.5946],[-2.0778,52.5861],[-2.1012,52.593],[-2.1212,52.5859],[-2.1255,52.5794],[-2.113,52.5621],[-2.1215,52.5568],[-2.1078,52.5441],[-2.0901,52.5489],[-2.0615,52.5469],[-2.011,52.5691],[-2.0155,52.5964]]]},"properties":{"PCON24CD":"E14001595","PCON24NM":"Wolverhampton South East"}},
{"type":"Feature","geometry":{"type":"Polygon","coordinates":[[[-2.1371,52.6298],[-2.1628,52.6212],[-2.1676,52.6114],[-2.1909,52.6022],[-2.1892,52.5888],[-2.1701,52.556],[-2.1335,52.5541],[-2.1215,52.5568],[-2.113,52.5621],[-2.1255,52.5794],[-2.1212,52.5859],[-2.1293,52.5961],[-2.1294,52.6212],[-2.1371,52.6298]]]},"properties":{"PCON24CD":"E14001596","PCON24NM":"Wolverhampton West"}},
{"type":"Feature","geometry":{"type":"Polygon","coordinates":[[[-2.2034,52.1673],[-2.1709,52.1846],[-2.1583,52.212],[-2.1942,52.2235],[-2.2433,52.2219],[-2.2349,52.2115],[-2.2605,52.1963],[-2.2623,52.1855],[-2.2176,52.162],[-2.2034,52.1673]]]},"properties":{"PCON24CD":"E14001597","PCON24NM":"Worcester"}},
{"type":"Feature","geometry":{"type":"Polygon","coordinates":[[[-2.3295,53.48],[-2.3295,53.4976],[-2.352,53.497],[-2.3328,53.5141],[-2.3544,53.5247],[-2.3699,53.513],[-2.4153,53.512],[-2.4324,53.5224],[-2.4588,53.5102],[-2.4774,53.4865],[-2.4963,53.4809],[-2.4922,53.4649],[-2.449,53.4229],[-2.4494,53.4159],[-2.4173,53.4316],[-2.4072,53.4492],[-2.3862,53.4634],[-2.3295,53.48]]]},"properties":{"PCON24CD":"E14001598","PCON24NM":"Worsley and Eccles"}},
{"type":"Feature","geometry":{"type":"Polygon","coordinates":[[[-0.3646,50.8745],[-0.396,50.8919],[-0.4495,50.8822],[-0.4766,50.8851],[-0.4983,50.8622],[-0.5036,50.8335],[-0.5156,50.826],[-0.4894,50.8184],[-0.4952,50.8025],[-0.4561,50.802],[-0.36,50.8113],[-0.3873,50.8185],[-0.4054,50.8546],[-0.3646,50.8745]]]},"properties":{"PCON24CD":"E14001599","PCON24NM":"Worthing West"}},
{"type":"Feature","geometry":{"type":"Polygon","coordinates":[[[-0.7274,51.6506],[-0.7935,51.6637],[-0.8394,51.6495],[-0.8697,51.6634],[-0.9355,51.6356],[-0.9384,51.5712],[-0.8969,51.5449],[-0.8756,51.5617],[-0.8427,51.5448],[-0.791,51.5528],[-0.7696,51.5844],[-0.7685,51.6123],[-0.6759,51.6082],[-0.6973,51.646],[-0.7274,51.6506]]]},"properties":{"PCON24CD":"E14001600","PCON24NM":"Wycombe"}},
{"type":"Feature","geometry":{"type":"Polygon","coordinates":[[[-2.1677,52.4238],[-2.2695,52.4386],[-2.2874,52.4553],[-2.3101,52.4379],[-2.3635,52.4394],[-2.3779,52.3832],[-2.4147,52.3682],[-2.4365,52.324],[-2.3595,52.3154],[-2.2664,52.3236],[-2.2457,52.361],[-2.171,52.3318],[-2.1431,52.3467],[-2.1372,52.35],[-2.1377,52.3939],[-2.1677,52.4238]]]},"properties":{"PCON24CD":"E14001601","PCON24NM":"Wyre Forest"}},
{"type":"Feature","geometry":{"type":"Polygon","coordinates":[[[-2.2997,53.4373],[-2.316,53.4347],[-2.3455,53.4079],[-2.3199,53.4116],[-2.2857,53.3762],[-2.3001,53.36],[-2.314,53.3574],[-2.2958,53.343],[-2.2408,53.3596],[-2.2369,53.3702],[-2.2462,53.3878],[-2.2381,53.4008],[-2.2659,53.4206],[-2.2837,53.425],[-2.2997,53.4373]]]},"properties":{"PCON24CD":"E14001602","PCON24NM":"Wythenshawe and Sale East"}},
{"type":"Feature","geometry":{"type":"Polygon","coordinates":[[[-2.5984,50.9595],[-2.6526,50.9753],[-2.739,50.9345],[-2.8028,50.9656],[-2.9289,50.9396],[-2.9847,50.9633],[-3.0524,50.9083],[-3.0537,50.8736],[-2.9798,50.8548],[-2.9543,50.8212],[-2.8862,50.8505],[-2.7145,50.8639],[-2.624,50.908],[-2.5984,50.9595]]]},"properties":{"PCON24CD":"E14001603","PCON24NM":"Yeovil"}},
{"type":"Feature","geometry":{"type":"Polygon","coordinates":[[[-1.0873,53.9814],[-1.0973,53.9702],[-1.1125,53.9664],[-1.1208,53.9763],[-1.1374,53.9688],[-1.1463,53.9535],[-1.1304,53.9383],[-1.1178,53.9478],[-1.0876,53.9358],[-1.0655,53.9385],[-1.0432,53.9473],[-1.0276,53.9447],[-1.0537,53.971],[-1.0873,53.9814]]]},"properties":{"PCON24CD":"E14001604","PCON24NM":"York Central"}},
{"type":"Feature","geometry":{"type":"Polygon","coordinates":[[[-0.9253,53.9915],[-0.9762,53.9821],[-0.9702,54.0259],[-1.0597,54.0566],[-1.1408,54.0299],[-1.1517,53.9891],[-1.2237,53.9748],[-1.1977,53.9293],[-1.1543,53.8967],[-1.1334,53.8911],[-1.1174,53.8804],[-1.1054,53.8758],[-1.0953,53.8845],[-1.065,53.8746],[-0.9234,53.8807],[-0.9253,53.9915]],[[-1.0873,53.9814],[-1.0537,53.971],[-1.0276,53.9447],[-1.0432,53.9473],[-1.0655,53.9385],[-1.0876,53.9358],[-1.1178,53.9478],[-1.1304,53.9383],[-1.1463,53.9535],[-1.1374,53.9688],[-1.1208,53.9763],[-1.1125,53.9664],[-1.0973,53.9702],[-1.0873,53.9814]]]},"properties":{"PCON24CD":"E14001605","PCON24NM":"York Outer"}},
{"type":"Feature","geometry":{"type":"Polygon","coordinates":[[[-5.8551,54.6337],[-5.8748,54.6385],[-5.9205,54.5997],[-5.9077,54.5693],[-5.8892,54.5618],[-5.8664,54.5676],[-5.7983,54.555],[-5.7799,54.5761],[-5.7705,54.612],[-5.7864,54.6196],[-5.8547,54.6051],[-5.8642,54.6184],[-5.8551,54.6337]]]},"properties":{"PCON24CD":"N05000001","PCON24NM":"Belfast East"}},
{"type":"Feature","geometry":{"type":"Polygon","coordinates":[[[-5.9251,54.6884],[-5.9731,54.6722],[-5.9878,54.6552],[-6.0235,54.6287],[-6.0211,54.6117],[-5.9593,54.6121],[-5.935,54.603],[-5.9205,54.5997],[-5.8748,54.6385],[-5.9129,54.648],[-5.8957,54.6741],[-5.9251,54.6884]]]},"properties":{"PCON24CD":"N05000002","PCON24NM":"Belfast North"}},
{"type":"Feature","geometry":{"type":"Polygon","coordinates":[[[-5.9205,54.5997],[-5.935,54.603],[-5.993,54.5646],[-5.9937,54.5429],[-6.0032,54.526],[-5.9798,54.4947],[-5.8814,54.4935],[-5.8764,54.4672],[-5.8274,54.449],[-5.8075,54.478],[-5.8291,54.5209],[-5.7983,54.555],[-5.8664,54.5676],[-5.8892,54.5618],[-5.9077,54.5693],[-5.9205,54.5997]]]},"properties":{"PCON24CD":"N05000003","PCON24NM":"Belfast South and Mid Down"}},
{"type":"Feature","geometry":{"type":"Polygon","coordinates":[[[-5.935,54.603],[-5.9593,54.6121],[-6.0211,54.6117],[-6.0411,54.6129],[-6.0455,54.5882],[-6.041,54.5641],[-6.0556,54.5598],[-6.0486,54.5414],[-6.028,54.532],[-6.0105,54.5475],[-5.9937,54.5429],[-5.993,54.5646],[-5.935,54.603]]]},"properties":{"PCON24CD":"N05000004","PCON24NM":"Belfast West"}},
{"type":"Feature","geometry":{"type":"Polygon","coordinates":[[[-6.048,55.0916],[-6.1657,55.031],[-6.3235,55.0071],[-6.2162,54.9328],[-6.2736,54.8428],[-6.197,54.8063],[-6.0098,54.8001],[-5.8923,54.7453],[-5.9251,54.6884],[-5.8957,54.6741],[-5.688,54.767],[-5.7259,54.8484],[-5.7976,54.8522],[-5.9191,54.9618],[-5.9927,54.9898],[-5.9632,55.0481],[-6.048,55.0916]]]},"properties":{"PCON24CD":"N05000005","PCON24NM":"East Antrim"}},
{"type":"Feature","geometry":{"type":"Polygon","coordinates":[[[-6.5376,54.952],[-6.5814,55.006],[-6.5362,55.2195],[-6.8747,55.1681],[-6.9515,55.1926],[-7.0596,55.0476],[-7.1833,55.0609],[-7.1828,55.0031],[-7.2145,54.983],[-7.1982,54.8864],[-7.0638,54.8109],[-6.9121,54.8204],[-6.8026,54.8466],[-6.7758,54.9138],[-6.5376,54.952]]]},"properties":{"PCON24CD":"N05000006","PCON24NM":"East Londonderry"}},
{"type":"Feature","geometry":{"type":"Polygon","coordinates":[[[-6.9715,54.5489],[-7.1183,54.4769],[-7.4212,54.4395],[-7.5832,54.4746],[-7.5457,54.57],[-7.7035,54.6085],[-7.8694,54.5346],[-8.006,54.5459],[-8.1619,54.442],[-7.8615,54.2185],[-7.6104,54.1438],[-7.3464,54.1225],[-7.1781,54.3162],[-7.0291,54.4213],[-6.8639,54.3301],[-6.7249,54.3421],[-6.6274,54.3811],[-6.6425,54.4601],[-6.7103,54.5072],[-6.9017,54.5126],[-6.9715,54.5489]]]},"properties":{"PCON24CD":"N05000007","PCON24NM":"Fermanagh and South Tyrone"}},
{"type":"Feature","geometry":{"type":"Polygon","coordinates":[[[-7.1833,55.0609],[-7.2444,55.049],[-7.3562,55.0457],[-7.4056,55.0033],[-7.4072,54.9552],[-7.3921,54.9454],[-7.3571,54.9497],[-7.3092,54.9727],[-7.2319,54.9716],[-7.2145,54.983],[-7.1828,55.0031],[-7.1833,55.0609]]]},"properties":{"PCON24CD":"N05000008","PCON24NM":"Foyle"}},
{"type":"Feature","geometry":{"type":"Polygon","coordinates":[[[-6.0556,54.5598],[-6.1101,54.5289],[-6.1788,54.5666],[-6.2908,54.5614],[-6.3237,54.5913],[-6.426,54.5682],[-6.4485,54.5631],[-6.4074,54.5115],[-6.3092,54.4512],[-6.2137,54.4408],[-6.2645,54.3801],[-6.2377,54.3597],[-6.15,54.3684],[-6.0604,54.3366],[-5.9404,54.3864],[-5.8764,54.4672],[-5.8814,54.4935],[-5.9798,54.4947],[-6.0032,54.526],[-5.9937,54.5429],[-6.0105,54.5475],[-6.028,54.532],[-6.0486,54.5414],[-6.0556,54.5598]]]},"properties":{"PCON24CD":"N05000009","PCON24NM":"Lagan Valley"}},
{"type":"Feature","geometry":{"type":"Polygon","coordinates":[[[-6.4771,54.7809],[-6.4573,54.8246],[-6.5376,54.952],[-6.7758,54.9138],[-6.8026,54.8466],[-6.9121,54.8204],[-7.0026,54.6715],[-6.8843,54.6263],[-6.9715,54.5489],[-6.9017,54.5126],[-6.7103,54.5072],[-6.6425,54.4601],[-6.5693,54.4687],[-6.5879,54.5077],[-6.5413,54.5421],[-6.4485,54.5631],[-6.426,54.5682],[-6.4071,54.6488],[-6.4959,54.7137],[-6.4771,54.7809]]]},"properties":{"PCON24CD":"N05000010","PCON24NM":"Mid Ulster"}},
{"type":"Feature","geometry":{"type":"Polygon","coordinates":[[[-6.3626,54.3408],[-6.3847,54.3714],[-6.4903,54.4008],[-6.6274,54.3811],[-6.7249,54.3421],[-6.8639,54.3301],[-6.815,54.2271],[-6.6364,54.171],[-6.6651,54.0663],[-6.6275,54.0398],[-6.3673,54.0702],[-6.2909,54.1127],[-6.3953,54.2802],[-6.3626,54.3408]]]},"properties":{"PCON24CD":"N05000011","PCON24NM":"Newry and Armagh"}},
{"type":"Feature","geometry":{"type":"Polygon","coordinates":[[[-6.048,55.0916],[-6.0337,55.1698],[-6.1398,55.2271],[-6.229,55.2046],[-6.3326,55.2396],[-6.5362,55.2195],[-6.5814,55.006],[-6.5376,54.952],[-6.4573,54.8246],[-6.4771,54.7809],[-6.197,54.8063],[-6.2736,54.8428],[-6.2162,54.9328],[-6.3235,55.0071],[-6.1657,55.031],[-6.048,55.0916]]]},"properties":{"PCON24CD":"N05000012","PCON24NM":"North Antrim"}},
{"type":"Feature","geometry":{"type":"Polygon","coordinates":[[[-5.5223,54.601],[-5.5273,54.6094],[-5.542,54.6537],[-5.5982,54.678],[-5.6359,54.6688],[-5.7207,54.667],[-5.7491,54.674],[-5.8224,54.6516],[-5.8551,54.6337],[-5.8642,54.6184],[-5.8547,54.6051],[-5.7864,54.6196],[-5.7705,54.612],[-5.7158,54.6267],[-5.6549,54.6169],[-5.6308,54.6295],[-5.5969,54.6226],[-5.5867,54.5956],[-5.5223,54.601]]]},"properties":{"PCON24CD":"N05000013","PCON24NM":"North Down"}},
{"type":"Feature","geometry":{"type":"Polygon","coordinates":[[[-5.9251,54.6884],[-5.8923,54.7453],[-6.0098,54.8001],[-6.197,54.8063],[-6.4771,54.7809],[-6.4959,54.7137],[-6.4071,54.6488],[-6.426,54.5682],[-6.3237,54.5913],[-6.2908,54.5614],[-6.1788,54.5666],[-6.1101,54.5289],[-6.0556,54.5598],[-6.041,54.5641],[-6.0455,54.5882],[-6.0411,54.6129],[-6.0211,54.6117],[-6.0235,54.6287],[-5.9878,54.6552],[-5.9731,54.6722],[-5.9251,54.6884]]]},"properties":{"PCON24CD":"N05000014","PCON24NM":"South Antrim"}},
{"type":"Feature","geometry":{"type":"Polygon","coordinates":[[[-5.5818,54.2722],[-5.7876,54.3619],[-5.8948,54.3545],[-5.9404,54.3864],[-6.0604,54.3366],[-6.15,54.3684],[-6.2377,54.3597],[-6.2422,54.3281],[-6.3626,54.3408],[-6.3953,54.2802],[-6.2909,54.1127],[-6.0743,54.0475],[-6.0738,54.0474],[-6.0743,54.0475],[-6.0818,54.0456],[-6.0473,54.0302],[-5.9032,54.0995],[-5.8313,54.2403],[-5.5818,54.2722]]]},"properties":{"PCON24CD":"N05000015","PCON24NM":"South Down"}},
{"type":"Feature","geometry":{"type":"Polygon","coordinates":[[[-5.5223,54.601],[-5.5867,54.5956],[-5.5969,54.6226],[-5.6308,54.6295],[-5.6549,54.6169],[-5.7158,54.6267],[-5.7705,54.612],[-5.7799,54.5761],[-5.7983,54.555],[-5.8291,54.5209],[-5.8075,54.478],[-5.8274,54.449],[-5.8764,54.4672],[-5.9404,54.3864],[-5.8948,54.3545],[-5.7876,54.3619],[-5.5818,54.2722],[-5.4958,54.3354],[-5.4329,54.4876],[-5.5223,54.601]]]},"properties":{"PCON24CD":"N05000016","PCON24NM":"Strangford"}},
{"type":"Feature","geometry":{"type":"Polygon","coordinates":[[[-6.2377,54.3597],[-6.2645,54.3801],[-6.2137,54.4408],[-6.3092,54.4512],[-6.4074,54.5115],[-6.4485,54.5631],[-6.5413,54.5421],[-6.5879,54.5077],[-6.5693,54.4687],[-6.6425,54.4601],[-6.6274,54.3811],[-6.4903,54.4008],[-6.3847,54.3714],[-6.3626,54.3408],[-6.2422,54.3281],[-6.2377,54.3597]]]},"properties":{"PCON24CD":"N05000017","PCON24NM":"Upper Bann"}},
{"type":"Feature","geometry":{"type":"Polygon","coordinates":[[[-6.9121,54.8204],[-7.0638,54.8109],[-7.1982,54.8864],[-7.2145,54.983],[-7.2319,54.9716],[-7.3092,54.9727],[-7.3571,54.9497],[-7.3921,54.9454],[-7.484,54.8238],[-7.8913,54.6559],[-7.7035,54.6085],[-7.5457,54.57],[-7.5832,54.4746],[-7.4212,54.4395],[-7.1183,54.4769],[-6.9715,54.5489],[-6.8843,54.6263],[-7.0026,54.6715],[-6.9121,54.8204]]]},"properties":{"PCON24CD":"N05000018","PCON24NM":"West Tyrone"}},
{"type":"Feature","geometry":{"type":"Polygon","coordinates":[[[-4.3273,55.8076],[-4.3334,55.7929],[-4.3721,55.7948],[-4.3678,55.8034],[-4.3814,55.8231],[-4.4006,55.8109],[-4.4855,55.7978],[-4.5509,55.7664],[-4.5299,55.7446],[-4.3845,55.723],[-4.3532,55.6974],[-4.2469,55.679],[-4.2216,55.6915],[-4.224,55.7292],[-4.2736,55.7546],[-4.2507,55.7849],[-4.2682,55.7916],[-4.2671,55.8068],[-4.2926,55.8139],[-4.3273,55.8076]]]},"properties":{"PCON24CD":"S14000021","PCON24NM":"East Renfrewshire"}},
{"type":"Feature","geometry":{"type":"MultiPolygon","coordinates":[[[[-7.3256,57.4059],[-7.4037,57.3579],[-7.4126,57.1493],[-7.2565,57.153],[-7.1921,57.2996],[-7.3256,57.4059]]],[[[-7.2845,57.479],[-7.2428,57.4577],[-7.2843,57.4791],[-7.2845,57.479]]],[[[-7.1695,57.5947],[-7.1987,57.6586],[-7.1789,57.6639],[-7.3824,57.6315],[-7.3408,57.5486],[-7.3405,57.5486],[-7.3386,57.5481],[-7.3383,57.548],[-7.3386,57.5481],[-7.3405,57.5486],[-7.3408,57.5486],[-7.3739,57.544],[-7.377,57.5429],[-7.3772,57.5428],[-7.3778,57.5425],[-7.3772,57.5428],[-7.377,57.5429],[-7.3865,57.5398],[-7.3866,57.5367],[-7.3867,57.5365],[-7.3866,57.5367],[-7.1512,57.5105],[-7.1695,57.5947]]],[[[-6.6715,58.3456],[-6.7118,58.3301],[-6.759,58.1982],[-7.0192,58.1912],[-7.1343,58.1288],[-7.0752,57.966],[-6.9488,57.866],[-6.9834,57.864],[-6.9836,57.8635],[-6.9834,57.864],[-6.9402,57.7486],[-6.7366,57.8269],[-6.5872,58.0532],[-6.4208,58.1381],[-6.4209,58.1381],[-6.377,58.222],[-6.3773,58.222],[-6.3774,58.2226],[-6.3771,58.2229],[-6.3785,58.2243],[-6.3788,58.226],[-6.3789,58.226],[-6.3788,58.226],[-6.3733,58.2252],[-6.3735,58.2256],[-6.3733,58.2252],[-6.3632,58.2298],[-6.3619,58.2308],[-6.3591,58.2338],[-6.3592,58.2337],[-6.3604,58.2338],[-6.3606,58.2339],[-6.3604,58.2338],[-6.3592,58.2337],[-6.3591,58.2338],[-6.3647,58.2375],[-6.29,58.2889],[-6.2906,58.2887],[-6.29,58.2889],[-6.2892,58.2885],[-6.2893,58.2904],[-6.2891,58.2907],[-6.2894,58.2908],[-6.2891,58.2907],[-6.2965,58.2921],[-6.2966,58.2922],[-6.2965,58.2921],[-6.2876,58.2905],[-6.2872,58.2906],[-6.2861,58.2907],[-6.2862,58.2907],[-6.2861,58.2907],[-6.2266,58.4922],[-6.2604,58.5159],[-6.2607,58.5159],[-6.269,58.5149],[-6.2819,58.5098],[-6.6715,58.3456]]],[[[-6.2604,58.5159],[-6.261,58.5163],[-6.261,58.5162],[-6.2607,58.5159],[-6.2604,58.5159]]]]},"properties":{"PCON24CD":"S14000027","PCON24NM":"Na h-Eileanan an Iar"}},
{"type":"Feature","geometry":{"type":"Polygon","coordinates":[[[-3.0555,55.9115],[-3.0792,55.9204],[-3.0846,55.93],[-3.1117,55.9297],[-3.1169,55.9146],[-3.1121,55.8987],[-3.1383,55.8912],[-3.1909,55.8926],[-3.2121,55.8875],[-3.2955,55.8662],[-3.356,55.8248],[-3.369,55.8241],[-3.3473,55.7946],[-3.2359,55.7791],[-3.1956,55.8021],[-3.1344,55.7115],[-3.0925,55.7218],[-3.0753,55.7598],[-3.0012,55.7898],[-2.8462,55.819],[-2.9372,55.8635],[-2.9689,55.9125],[-3.0555,55.9115]]]},"properties":{"PCON24CD":"S14000045","PCON24NM":"Midlothian"}},
{"type":"Feature","geometry":{"type":"MultiPolygon","coordinates":[[[[-4.7556,55.6303],[-4.756,55.6304],[-4.7558,55.6303],[-4.7556,55.6303]]],[[[-5.1522,55.5794],[-5.1685,55.6838],[-5.2563,55.7207],[-5.3628,55.6794],[-5.3964,55.6129],[-5.3536,55.507],[-5.2514,55.4394],[-5.1058,55.4416],[-5.0829,55.5527],[-5.1522,55.5794]]],[[[-4.7509,55.8498],[-4.7942,55.8722],[-4.8884,55.8748],[-4.8558,55.7748],[-4.9054,55.6991],[-4.8151,55.6479],[-4.7554,55.6301],[-4.7555,55.6302],[-4.7558,55.6303],[-4.756,55.6304],[-4.7562,55.6323],[-4.6862,55.6423],[-4.6386,55.669],[-4.5299,55.7446],[-4.5509,55.7664],[-4.5788,55.7819],[-4.6487,55.7624],[-4.6857,55.8037],[-4.7791,55.8395],[-4.7509,55.8498]]]]},"properties":{"PCON24CD":"S14000048","PCON24NM":"North Ayrshire and Arran"}},
{"type":"Feature","geometry":{"type":"MultiPolygon","coordinates":[[[[-3.0878,59.1205],[-3.3492,59.1118],[-3.368,58.9986],[-3.2216,58.9253],[-2.8464,58.9598],[-2.8466,58.9597],[-2.8464,58.9598],[-2.9111,58.9618],[-2.9113,58.9618],[-2.9111,58.9618],[-3.1233,59.0103],[-3.0878,59.1205],[-3.0865,59.1201],[-3.087,59.1184],[-3.087,59.1181],[-3.087,59.1184],[-3.0865,59.1201],[-3.0878,59.1205]]],[[[-1.4515,60.4198],[-1.3544,60.3954],[-1.3548,60.3954],[-1.3544,60.3954],[-1.353,60.3948],[-1.3534,60.3953],[-1.353,60.3948],[-1.6349,60.3055],[-1.6332,60.2127],[-1.6328,60.2127],[-1.4704,60.2222],[-1.4324,60.2532],[-1.418,60.2567],[-1.4181,60.2567],[-1.418,60.2567],[-1.2671,60.238],[-1.2658,60.239],[-1.2671,60.238],[-1.318,60.0249],[-1.3463,59.9952],[-1.3462,59.9951],[-1.2718,59.9862],[-1.2159,60.1714],[-1.2161,60.1714],[-1.2159,60.1714],[-1.1481,60.2655],[-1.176,60.3306],[-1.2587,60.4003],[-1.3706,60.4131],[-1.3706,60.4132],[-1.3706,60.4131],[-1.356,60.4791],[-1.3565,60.479],[-1.356,60.4791],[-1.3285,60.5777],[-1.4541,60.4898],[-1.4539,60.4899],[-1.4541,60.4898],[-1.4515,60.4198]]]]},"properties":{"PCON24CD":"S14000051","PCON24NM":"Orkney and Shetland"}},
{"type":"Feature","geometry":{"type":"Polygon","coordinates":[[[-2.0614,57.2119],[-2.1282,57.2274],[-2.1718,57.2125],[-2.2111,57.2292],[-2.2729,57.2346],[-2.2951,57.1977],[-2.2535,57.1602],[-2.2671,57.1469],[-2.1492,57.1452],[-2.0791,57.162],[-2.0614,57.2119]]]},"properties":{"PCON24CD":"S14000060","PCON24NM":"Aberdeen North"}},
{"type":"Feature","geometry":{"type":"Polygon","coordinates":[[[-2.0791,57.162],[-2.1492,57.1452],[-2.2671,57.1469],[-2.2744,57.1319],[-2.3091,57.1248],[-2.3512,57.1356],[-2.3609,57.1092],[-2.331,57.1015],[-2.2319,57.095],[-2.1719,57.1146],[-2.1261,57.1184],[-2.1187,57.0904],[-2.0852,57.0859],[-2.0486,57.1293],[-2.0791,57.162]]]},"properties":{"PCON24CD":"S14000061","PCON24NM":"Aberdeen South"}},
{"type":"Feature","geometry":{"type":"Polygon","coordinates":[[[-2.4422,57.6716],[-2.4994,57.6713],[-2.5779,57.6807],[-2.8287,57.6927],[-3.0927,57.671],[-3.1039,57.5775],[-2.9703,57.4973],[-2.6289,57.514],[-2.4527,57.5829],[-2.2067,57.5845],[-1.9607,57.4902],[-1.8753,57.3812],[-1.768,57.5057],[-1.8889,57.6351],[-1.8892,57.635],[-1.8889,57.6351],[-2.0798,57.7006],[-2.1919,57.6713],[-2.4323,57.6721],[-2.4422,57.6716]]]},"properties":{"PCON24CD":"S14000062","PCON24NM":"Aberdeenshire North and Moray East"}},
{"type":"Feature","geometry":{"type":"Polygon","coordinates":[[[-3.8226,55.8965],[-3.8981,55.9368],[-4.0027,55.9302],[-4.0205,55.8807],[-3.9963,55.8574],[-3.9952,55.8179],[-3.8898,55.7925],[-3.8784,55.7628],[-3.7664,55.7701],[-3.744,55.782],[-3.7156,55.8132],[-3.7441,55.8389],[-3.7472,55.8655],[-3.8226,55.8965]]]},"properties":{"PCON24CD":"S14000063","PCON24NM":"Airdrie and Shotts"}},
{"type":"Feature","geometry":{"type":"MultiPolygon","coordinates":[[[[-3.6939,55.9995],[-3.7176,56.0198],[-3.7191,56.0166],[-3.7176,56.0198],[-3.7551,56.0201],[-3.6939,55.9995]]],[[[-3.7997,56.0206],[-3.7285,56.0324],[-3.7354,56.064],[-3.7989,56.104],[-3.8216,56.0971],[-3.8002,56.068],[-3.8244,56.0511],[-3.8834,56.0474],[-3.8727,56.0134],[-3.7997,56.0206]]],[[[-3.6925,56.1944],[-3.7263,56.1932],[-3.7809,56.2172],[-3.8412,56.1885],[-3.884,56.1294],[-3.7667,56.0983],[-3.7666,56.0984],[-3.7667,56.0983],[-3.7368,56.0808],[-3.7367,56.0809],[-3.7499,56.1135],[-3.7118,56.1421],[-3.6925,56.1944]]]]},"properties":{"PCON24CD":"S14000064","PCON24NM":"Alloa and Grangemouth"}},
{"type":"Feature","geometry":{"type":"Polygon","coordinates":[[[-2.4449,56.7517],[-2.6172,56.793],[-2.765,56.9598],[-3.0832,56.9584],[-3.3827,56.879],[-3.8016,56.9359],[-4.5322,56.7959],[-4.6054,56.7086],[-4.6391,56.476],[-4.3305,56.5376],[-4.0986,56.4653],[-4.0471,56.4818],[-3.3567,56.4343],[-3.202,56.5049],[-3.0894,56.4669],[-3.098,56.4793],[-3.0511,56.4825],[-3.052,56.4969],[-3.0098,56.5017],[-2.9681,56.4953],[-2.9407,56.5468],[-2.8908,56.5453],[-2.883,56.6166],[-2.7592,56.6402],[-2.706,56.6812],[-2.5001,56.6625],[-2.4488,56.6821],[-2.5163,56.6985],[-2.5314,56.7054],[-2.5345,56.7122],[-2.5308,56.7151],[-2.5159,56.7235],[-2.4743,56.7199],[-2.4337,56.7478],[-2.4338,56.7478],[-2.4337,56.7478],[-2.4449,56.7517]]]},"properties":{"PCON24CD":"S14000065","PCON24NM":"Angus and Perthshire Glens"}},
{"type":"Feature","geometry":{"type":"Polygon","coordinates":[[[-2.5001,56.6625],[-2.706,56.6812],[-2.7592,56.6402],[-2.883,56.6166],[-2.8908,56.5453],[-2.9407,56.5468],[-2.9681,56.4953],[-2.9555,56.4868],[-2.9207,56.4823],[-2.9093,56.468],[-2.7883,56.4793],[-2.7881,56.4791],[-2.7883,56.4793],[-2.7165,56.4942],[-2.717,56.4941],[-2.7165,56.4942],[-2.6362,56.5269],[-2.6287,56.5351],[-2.6177,56.5431],[-2.6172,56.5443],[-2.6176,56.544],[-2.6178,56.5437],[-2.6176,56.544],[-2.6172,56.5443],[-2.5382,56.5667],[-2.4802,56.625],[-2.5007,56.6295],[-2.5067,56.6391],[-2.5066,56.6533],[-2.5165,56.6512],[-2.5164,56.6512],[-2.5188,56.6499],[-2.5186,56.6502],[-2.5225,56.6502],[-2.5186,56.6502],[-2.5188,56.6499],[-2.5164,56.6512],[-2.5165,56.6512],[-2.5001,56.6625]]]},"properties":{"PCON24CD":"S14000066","PCON24NM":"Arbroath and Broughty Ferry"}},
{"type":"Feature","geometry":{"type":"MultiPolygon","coordinates":[[[[-6.2151,55.6302],[-6.0251,55.6789],[-6.131,55.8956],[-6.3201,55.8415],[-6.334,55.8245],[-6.3341,55.8244],[-6.334,55.8245],[-6.3823,55.7352],[-6.2656,55.784],[-6.2652,55.7842],[-6.2656,55.784],[-6.26,55.7839],[-6.2595,55.784],[-6.2594,55.784],[-6.2595,55.784],[-6.26,55.7839],[-6.2875,55.758],[-6.3397,55.7296],[-6.3365,55.7233],[-6.2654,55.674],[-6.2644,55.6738],[-6.2654,55.674],[-6.3324,55.6049],[-6.2151,55.6302],[-6.2152,55.6302],[-6.2151,55.6302]]],[[[-6.9743,56.517],[-6.9302,56.4438],[-6.7979,56.5351],[-6.9045,56.5238],[-6.9046,56.5237],[-6.9058,56.5238],[-6.9046,56.5237],[-6.9045,56.5238],[-6.9319,56.5294],[-6.9743,56.517]]],[[[-5.7757,56.4983],[-5.9846,56.3897],[-5.9843,56.3897],[-5.9846,56.3897],[-6.2005,56.3354],[-6.2142,56.3335],[-6.3653,56.3108],[-5.8438,56.3109],[-5.7757,56.4983],[-5.7757,56.498],[-5.7757,56.4983]]],[[[-5.4833,56.2566],[-5.5424,56.2177],[-5.542,56.2179],[-5.5413,56.2179],[-5.5411,56.2179],[-5.5413,56.2179],[-5.542,56.2179],[-5.5424,56.2177],[-5.5106,56.191],[-5.5216,56.0711],[-5.6657,55.9775],[-5.5736,55.9376],[-5.4913,55.8002],[-5.3392,55.766],[-5.4195,55.8965],[-5.0802,56.1673],[-5.3441,55.9167],[-5.1883,55.9854],[-5.1884,55.9855],[-5.1876,55.9859],[-5.1884,55.9855],[-5.1883,55.9854],[-5.1237,56.009],[-5.1207,56.0083],[-4.7372,56.0016],[-4.6096,55.9466],[-4.6143,55.9808],[-4.6416,55.9992],[-4.6015,56.0202],[-4.6219,56.045],[-4.5982,56.0842],[-4.6956,56.2001],[-4.6739,56.3022],[-4.8317,56.3668],[-4.6391,56.476],[-4.6054,56.7086],[-5.1913,56.7548],[-5.2962,56.6391],[-5.2961,56.6392],[-5.2962,56.6391],[-5.2978,56.6386],[-5.26,56.4635],[-5.2598,56.4634],[-5.2287,56.4442],[-5.2485,56.4375],[-5.2486,56.4375],[-5.5826,56.2863],[-5.5802,56.2863],[-5.5801,56.2863],[-5.4821,56.2566],[-5.4833,56.2566]]],[[[-5.348,56.8593],[-5.6824,56.8788],[-5.817,56.8284],[-5.855,56.7684],[-5.8533,56.762],[-5.8364,56.746],[-5.8355,56.7457],[-5.8347,56.7453],[-5.8355,56.7457],[-5.8364,56.746],[-6.2119,56.7261],[-6.114,56.6958],[-5.6904,56.4993],[-5.2641,56.7164],[-5.2623,56.8435],[-5.2628,56.8433],[-5.263,56.8429],[-5.2628,56.8433],[-5.2623,56.8435],[-5.3354,56.8581],[-5.3357,56.8581],[-5.3354,56.8581],[-5.348,56.8593]]]]},"properties":{"PCON24CD":"S14000067","PCON24NM":"Argyll, Bute and South Lochaber"}},
{"type":"Feature","geometry":{"type":"Polygon","coordinates":[[[-3.4253,55.9938],[-3.5976,56.021],[-3.663,56.0131],[-3.6625,56.013],[-3.663,56.0131],[-3.6907,55.9988],[-3.6286,55.9864],[-3.6778,55.9423],[-3.7304,55.9359],[-3.7669,55.9086],[-3.8226,55.8965],[-3.7472,55.8655],[-3.7441,55.8389],[-3.5706,55.8617],[-3.5542,55.9548],[-3.4493,55.9507],[-3.4483,55.9776],[-3.4253,55.9938]]]},"properties":{"PCON24CD":"S14000068","PCON24NM":"Bathgate and Linlithgow"}},
{"type":"Feature","geometry":{"type":"Polygon","coordinates":[[[-4.2876,57.4813],[-4.1631,57.6573],[-4.1635,57.6572],[-4.1631,57.6573],[-4.1629,57.6581],[-4.1646,57.6585],[-4.1629,57.6581],[-4.4281,57.5776],[-4.2422,57.686],[-4.2422,57.6859],[-4.2422,57.686],[-3.9834,57.6921],[-3.9405,57.8144],[-3.9406,57.8144],[-3.9405,57.8144],[-3.9317,57.8341],[-3.9324,57.8342],[-3.9336,57.8344],[-3.9338,57.8346],[-3.9374,57.8363],[-3.9396,57.8365],[-3.9374,57.8363],[-3.9338,57.8346],[-3.9336,57.8344],[-3.9324,57.8342],[-3.9317,57.8341],[-4.0361,57.8132],[-4.5161,57.9565],[-3.9851,57.9683],[-3.2097,58.31],[-3.1844,58.6577],[-4.3438,58.5406],[-4.4847,58.4451],[-4.4849,58.4448],[-4.4847,58.4451],[-5.0067,58.6258],[-5.0374,58.258],[-5.4037,58.2403],[-5.4038,58.2401],[-5.4579,58.077],[-5.0706,57.8164],[-5.4873,57.8574],[-5.4873,57.8572],[-5.4873,57.8574],[-5.5907,57.8081],[-5.1357,57.629],[-5.2303,57.4551],[-4.2876,57.4813]]]},"properties":{"PCON24CD":"S14000069","PCON24NM":"Caithness, Sutherland and Easter Ross"}},
{"type":"Feature","geometry":{"type":"Polygon","coordinates":[[[-4.0027,55.9302],[-4.0433,55.9243],[-4.1114,55.9233],[-4.0871,55.9052],[-4.1072,55.8874],[-4.0819,55.8842],[-4.086,55.8587],[-4.0849,55.8453],[-4.107,55.8347],[-4.0412,55.809],[-4.0469,55.7967],[-4.0432,55.7966],[-4.0181,55.8004],[-3.9952,55.8179],[-3.9963,55.8574],[-4.0205,55.8807],[-4.0027,55.9302]]]},"properties":{"PCON24CD":"S14000070","PCON24NM":"Coatbridge and Bellshill"}},
{"type":"Feature","geometry":{"type":"Polygon","coordinates":[[[-3.1024,56.1359],[-3.1963,56.1415],[-3.3047,56.1185],[-3.3343,56.1405],[-3.3934,56.1137],[-3.3872,56.0664],[-3.4091,56.0162],[-3.3571,56.0261],[-3.2844,56.0561],[-3.1739,56.0683],[-3.149,56.1172],[-3.1024,56.1359]]]},"properties":{"PCON24CD":"S14000071","PCON24NM":"Cowdenbeath and Kirkcaldy"}},
{"type":"Feature","geometry":{"type":"Polygon","coordinates":[[[-4.0201,56.028],[-4.0967,56.0274],[-4.1524,56.008],[-4.1114,55.9612],[-4.1511,55.9479],[-4.136,55.914],[-4.1804,55.9049],[-4.1584,55.8859],[-4.1415,55.8829],[-4.1072,55.8874],[-4.0871,55.9052],[-4.1114,55.9233],[-4.0433,55.9243],[-4.0027,55.9302],[-3.8981,55.9368],[-3.8678,55.9626],[-3.9359,55.9625],[-3.9433,55.9804],[-4.0201,56.028]]]},"properties":{"PCON24CD":"S14000072","PCON24NM":"Cumbernauld and Kirkintilloch"}},
{"type":"Feature","geometry":{"type":"Polygon","coordinates":[[[-5.0398,54.9978],[-5.1851,54.9152],[-4.989,54.7337],[-4.9803,54.7334],[-4.9409,54.8274],[-4.9409,54.8276],[-4.9409,54.8274],[-4.9288,54.8348],[-4.8853,54.8645],[-4.8853,54.8653],[-4.8852,54.8654],[-4.8859,54.8657],[-4.8859,54.8658],[-4.8863,54.8661],[-4.8865,54.8662],[-4.8863,54.8661],[-4.8859,54.8658],[-4.8859,54.8657],[-4.8852,54.8654],[-4.8853,54.8653],[-4.8853,54.8645],[-4.8847,54.866],[-4.8854,54.8665],[-4.8859,54.8669],[-4.8854,54.8665],[-4.8173,54.866],[-4.8176,54.8666],[-4.8181,54.867],[-4.8188,54.8669],[-4.8181,54.867],[-4.8176,54.8666],[-4.8173,54.866],[-4.4082,54.6782],[-4.3683,54.7867],[-4.4168,54.8384],[-4.4171,54.8408],[-4.4185,54.841],[-4.4171,54.8408],[-4.4195,54.8496],[-4.4209,54.8518],[-4.4217,54.8636],[-4.4282,54.8644],[-4.4279,54.8557],[-4.4278,54.8557],[-4.4281,54.8483],[-4.4295,54.8479],[-4.4281,54.8483],[-4.4324,54.8532],[-4.4324,54.8529],[-4.4324,54.8532],[-4.4278,54.8557],[-4.4279,54.8557],[-4.4351,54.8614],[-4.4259,54.8689],[-4.4262,54.8689],[-4.4281,54.8691],[-4.4262,54.8689],[-4.4259,54.8689],[-4.4265,54.873],[-4.4267,54.873],[-4.4265,54.873],[-4.4262,54.883],[-4.4263,54.8831],[-4.4262,54.883],[-4.4236,54.8841],[-4.4237,54.8841],[-4.4236,54.8841],[-4.4225,54.8847],[-4.4231,54.8848],[-4.4236,54.8849],[-4.4231,54.8848],[-4.4225,54.8847],[-4.422,54.885],[-4.422,54.8853],[-4.422,54.8854],[-4.4222,54.8856],[-4.422,54.8854],[-4.422,54.8853],[-4.4158,54.8879],[-4.4164,54.8882],[-4.4158,54.8879],[-4.4128,54.8884],[-4.4142,54.8886],[-4.4128,54.8884],[-4.4126,54.8892],[-4.413,54.8892],[-4.4148,54.8899],[-4.413,54.8892],[-4.4126,54.8892],[-4.4111,54.8898],[-4.4116,54.8902],[-4.4135,54.891],[-4.413,54.8909],[-4.4128,54.8913],[-4.413,54.8909],[-4.4117,54.8906],[-4.4116,54.8907],[-4.4104,54.8916],[-4.4104,54.8917],[-4.4085,54.8928],[-4.4104,54.8917],[-4.4104,54.8916],[-4.4116,54.8907],[-4.4117,54.8906],[-4.4116,54.8902],[-4.4111,54.8898],[-4.4082,54.8894],[-4.4083,54.8901],[-4.4081,54.8913],[-4.4083,54.8901],[-4.4082,54.8894],[-4.4001,54.8958],[-4.4021,54.8962],[-4.4029,54.8963],[-4.403,54.8962],[-4.4029,54.8963],[-4.4021,54.8962],[-4.4001,54.8958],[-4.4007,54.8966],[-4.4012,54.897],[-4.4017,54.8976],[-4.402,54.8979],[-4.4017,54.8976],[-4.4012,54.897],[-4.4007,54.8966],[-4.4034,54.8981],[-4.4041,54.8979],[-4.4034,54.8981],[-4.4239,54.8879],[-4.4253,54.8884],[-4.4255,54.8884],[-4.4253,54.8884],[-4.4235,54.8897],[-4.4236,54.8897],[-4.4302,54.8919],[-4.4311,54.8919],[-4.433,54.8954],[-4.4322,54.8954],[-4.4338,54.8969],[-4.4325,54.8974],[-4.4334,54.8986],[-4.4337,54.8986],[-4.4334,54.8986],[-4.4325,54.8974],[-4.4338,54.8969],[-4.4322,54.8954],[-4.433,54.8954],[-4.4311,54.8919],[-4.4302,54.8919],[-4.4236,54.8897],[-4.4235,54.8897],[-4.4023,54.9154],[-4.404,54.9161],[-4.4043,54.9161],[-4.404,54.9161],[-4.4449,54.9302],[-4.4523,54.9344],[-4.4362,54.9354],[-4.4363,54.9357],[-4.4383,54.9369],[-4.438,54.9373],[-4.439,54.9382],[-4.4389,54.9384],[-4.439,54.9382],[-4.438,54.9373],[-4.4383,54.9369],[-4.4363,54.9357],[-4.4362,54.9354],[-4.4107,54.9456],[-4.4069,54.9539],[-4.4077,54.9547],[-4.4076,54.9553],[-4.4077,54.9547],[-4.4069,54.9539],[-4.4104,54.9389],[-4.4093,54.939],[-4.4087,54.939],[-4.4083,54.9388],[-4.4087,54.939],[-4.4093,54.939],[-4.4104,54.9389],[-4.4063,54.9195],[-4.3979,54.9181],[-4.3976,54.9049],[-4.3975,54.9026],[-4.3974,54.9026],[-4.3975,54.9026],[-4.185,54.8791],[-4.1845,54.8791],[-4.185,54.8791],[-4.2131,54.8369],[-4.0504,54.8667],[-4.0447,54.7699],[-3.8432,54.815],[-3.863,54.8471],[-3.8404,54.851],[-3.8591,54.8651],[-3.8599,54.8643],[-3.8607,54.8645],[-3.8586,54.8659],[-3.8584,54.8658],[-3.8586,54.8659],[-3.8607,54.8645],[-3.8599,54.8643],[-3.8591,54.8651],[-3.8262,54.8615],[-3.8234,54.8859],[-3.835,54.8913],[-3.838,54.8936],[-3.8392,54.897],[-3.8301,54.9027],[-3.8248,54.9033],[-3.8251,54.9031],[-3.8268,54.903],[-3.8251,54.9031],[-3.8248,54.9033],[-3.825,54.9258],[-3.8236,54.9263],[-3.825,54.9258],[-3.8209,54.9025],[-3.8346,54.8995],[-3.8371,54.8935],[-3.8163,54.8872],[-3.812,54.8712],[-3.779,54.8541],[-3.6912,54.8877],[-3.6908,54.8878],[-3.6912,54.8877],[-3.6838,54.8886],[-3.6838,54.8885],[-3.6815,54.8908],[-3.6813,54.8909],[-3.6831,54.8916],[-3.6829,54.8917],[-3.682,54.8924],[-3.6817,54.8923],[-3.6796,54.8902],[-3.6791,54.8902],[-3.6761,54.8913],[-3.6759,54.8913],[-3.6761,54.8913],[-3.6791,54.8902],[-3.6796,54.8902],[-3.6817,54.8923],[-3.682,54.8924],[-3.6829,54.8917],[-3.6831,54.8916],[-3.6813,54.8909],[-3.6815,54.8908],[-3.6824,54.8888],[-3.6815,54.8886],[-3.6824,54.8888],[-3.6838,54.8885],[-3.6838,54.8886],[-3.6874,54.8869],[-3.6977,54.8828],[-3.6977,54.8827],[-3.6973,54.8828],[-3.6971,54.8828],[-3.6973,54.8828],[-3.6977,54.8827],[-3.6977,54.8828],[-3.7002,54.8811],[-3.6942,54.8799],[-3.6263,54.8768],[-3.6263,54.8769],[-3.6263,54.8768],[-3.5881,54.9242],[-3.5865,54.9235],[-3.5878,54.9223],[-3.5869,54.9224],[-3.5878,54.9223],[-3.5865,54.9235],[-3.5881,54.9242],[-3.5946,54.9724],[-3.5834,55.012],[-3.5835,55.0121],[-3.5834,55.012],[-3.5853,55.0155],[-3.5864,55.0149],[-3.5853,55.0155],[-3.5851,55.0169],[-3.5854,55.0167],[-3.5861,55.0167],[-3.5869,55.0171],[-3.5861,55.0167],[-3.5854,55.0167],[-3.5851,55.0169],[-3.5876,55.0191],[-3.5876,55.019],[-3.5878,55.0186],[-3.5878,55.0184],[-3.5878,55.0183],[-3.5878,55.0184],[-3.5878,55.0186],[-3.5881,55.0188],[-3.5882,55.0188],[-3.5903,55.0177],[-3.5908,55.0177],[-3.5903,55.0177],[-3.5882,55.0188],[-3.5881,55.0188],[-3.5876,55.019],[-3.5876,55.0191],[-3.5904,55.0216],[-3.5907,55.0216],[-3.5911,55.0215],[-3.5914,55.0212],[-3.5926,55.0209],[-3.5925,55.0208],[-3.5926,55.0209],[-3.5914,55.0212],[-3.5911,55.0215],[-3.5907,55.0216],[-3.5904,55.0216],[-3.6044,55.0256],[-3.6043,55.0256],[-3.6069,55.0227],[-3.6069,55.0228],[-3.607,55.0232],[-3.6088,55.0233],[-3.609,55.0241],[-3.6101,55.0239],[-3.6098,55.023],[-3.6101,55.0239],[-3.609,55.0241],[-3.6088,55.0233],[-3.607,55.0232],[-3.6069,55.0228],[-3.6069,55.0227],[-3.6043,55.0256],[-3.6044,55.0256],[-3.6114,55.0348],[-3.6115,55.035],[-3.6089,55.036],[-3.6116,55.0361],[-3.6112,55.0358],[-3.6129,55.0354],[-3.613,55.0364],[-3.6121,55.0379],[-3.6121,55.038],[-3.6162,55.0375],[-3.6164,55.0375],[-3.6162,55.0375],[-3.6121,55.038],[-3.6121,55.0379],[-3.613,55.0364],[-3.6112,55.0358],[-3.6116,55.0361],[-3.6088,55.036],[-3.6098,55.0353],[-3.6115,55.035],[-3.6114,55.0348],[-3.5928,55.027],[-3.5936,55.0281],[-3.5746,55.0092],[-3.5585,54.9806],[-3.5511,54.9766],[-3.5272,54.9692],[-3.5273,54.9692],[-3.5277,54.9697],[-3.5273,54.9692],[-3.5272,54.9692],[-3.5015,54.9678],[-3.4934,54.9674],[-3.4935,54.9674],[-3.4934,54.9674],[-3.4769,54.9673],[-3.4769,54.9675],[-3.4769,54.9673],[-3.4515,54.9762],[-3.4477,54.9807],[-3.4435,54.9829],[-3.4407,54.9859],[-3.443,54.9852],[-3.4431,54.9849],[-3.4431,54.9848],[-3.4432,54.9848],[-3.4441,54.9853],[-3.4444,54.9855],[-3.4457,54.9853],[-3.4462,54.9853],[-3.4464,54.9847],[-3.4465,54.9847],[-3.4469,54.9846],[-3.4476,54.9841],[-3.4486,54.9834],[-3.4486,54.9833],[-3.4499,54.9834],[-3.4498,54.9833],[-3.4499,54.9834],[-3.4486,54.9833],[-3.4486,54.9834],[-3.4476,54.9841],[-3.4469,54.9846],[-3.4465,54.9847],[-3.4464,54.9847],[-3.4462,54.9853],[-3.4457,54.9853],[-3.4444,54.9855],[-3.4441,54.9853],[-3.4431,54.9848],[-3.4431,54.9849],[-3.443,54.9852],[-3.449,54.9868],[-3.4495,54.9868],[-3.449,54.9868],[-3.4577,54.981],[-3.4791,54.9818],[-3.4796,54.9814],[-3.4791,54.9818],[-3.5134,54.9924],[-3.6533,55.1315],[-4.1125,55.3054],[-4.3013,55.3104],[-4.4066,55.1588],[-4.565,55.158],[-4.7109,55.0396],[-4.8841,55.0393],[-5.0398,54.9978]]]},"properties":{"PCON24CD":"S14000073","PCON24NM":"Dumfries and Galloway"}},
{"type":"Feature","geometry":{"type":"Polygon","coordinates":[[[-3.0925,55.7218],[-3.1344,55.7115],[-3.1956,55.8021],[-3.2359,55.7791],[-3.3473,55.7946],[-3.369,55.8241],[-3.3948,55.8197],[-3.4739,55.7707],[-3.5292,55.7834],[-3.5693,55.7401],[-3.628,55.7374],[-3.7323,55.6905],[-3.7216,55.6574],[-3.8456,55.6048],[-3.8976,55.6175],[-4.0078,55.5741],[-4.0165,55.4466],[-4.1125,55.3054],[-3.6533,55.1315],[-3.5134,54.9924],[-3.4823,54.9839],[-3.4564,54.9827],[-3.4587,54.9856],[-3.4589,54.9859],[-3.4587,54.9856],[-3.4499,54.9924],[-3.4244,54.9862],[-3.4243,54.9863],[-3.4244,54.9862],[-3.4247,54.9856],[-3.4223,54.9844],[-3.4223,54.9843],[-3.4216,54.9825],[-3.4137,54.9789],[-3.4138,54.9789],[-3.4137,54.9789],[-3.4119,54.9781],[-3.4117,54.9781],[-3.4119,54.9781],[-3.3361,54.9799],[-3.3369,54.9807],[-3.3361,54.9799],[-3.2585,54.9719],[-3.2586,54.9719],[-3.2585,54.9719],[-3.2064,54.9777],[-3.0909,54.9779],[-3.0805,54.9863],[-3.0812,54.9865],[-3.0805,54.9863],[-3.058,54.9908],[-3.0584,54.9914],[-3.0576,54.9918],[-3.0535,54.9928],[-2.8585,55.1083],[-2.8858,55.2709],[-3.1272,55.3597],[-3.2915,55.3423],[-3.3527,55.4981],[-2.9854,55.5846],[-3.0925,55.7218]]]},"properties":{"PCON24CD":"S14000074","PCON24NM":"Dumfriesshire, Clydesdale and Tweeddale"}},
{"type":"Feature","geometry":{"type":"Polygon","coordinates":[[[-2.9681,56.4953],[-3.0098,56.5017],[-3.052,56.4969],[-3.0511,56.4825],[-3.098,56.4793],[-3.0894,56.4669],[-3.0528,56.4589],[-3.038,56.451],[-2.989,56.4513],[-2.9433,56.4641],[-2.9093,56.468],[-2.9207,56.4823],[-2.9555,56.4868],[-2.9681,56.4953]]]},"properties":{"PCON24CD":"S14000075","PCON24NM":"Dundee Central"}},
{"type":"Feature","geometry":{"type":"Polygon","coordinates":[[[-3.6029,56.2045],[-3.6925,56.1944],[-3.7118,56.1421],[-3.7499,56.1135],[-3.7367,56.0809],[-3.7384,56.0784],[-3.6745,56.0464],[-3.5755,56.0589],[-3.5435,56.0401],[-3.4091,56.0162],[-3.3872,56.0664],[-3.3934,56.1137],[-3.3955,56.1421],[-3.4989,56.1498],[-3.6398,56.1336],[-3.6029,56.2045]]]},"properties":{"PCON24CD":"S14000076","PCON24NM":"Dunfermline and Dollar"}},
{"type":"Feature","geometry":{"type":"Polygon","coordinates":[[[-4.1223,55.7822],[-4.1353,55.8003],[-4.173,55.8055],[-4.2043,55.8004],[-4.2299,55.7859],[-4.2507,55.7849],[-4.2736,55.7546],[-4.224,55.7292],[-4.2216,55.6915],[-4.2469,55.679],[-4.1511,55.5722],[-4.0827,55.5684],[-4.0397,55.5921],[-3.9489,55.6816],[-3.9662,55.7027],[-4.0645,55.7204],[-4.1419,55.7509],[-4.1223,55.7822]]]},"properties":{"PCON24CD":"S14000077","PCON24NM":"East Kilbride and Strathaven"}},
{"type":"Feature","geometry":{"type":"Polygon","coordinates":[[[-3.1351,55.9678],[-3.1524,55.9703],[-3.1701,55.9681],[-3.1723,55.9563],[-3.2071,55.9502],[-3.2045,55.9396],[-3.1674,55.9402],[-3.1443,55.9252],[-3.1169,55.9146],[-3.1117,55.9297],[-3.0846,55.93],[-3.0792,55.9204],[-3.0555,55.9115],[-3.0365,55.9275],[-3.0487,55.9504],[-3.0668,55.945],[-3.0938,55.949],[-3.1351,55.9678]]]},"properties":{"PCON24CD":"S14000078","PCON24NM":"Edinburgh East and Musselburgh"}},
{"type":"Feature","geometry":{"type":"Polygon","coordinates":[[[-3.1351,55.9678],[-3.1572,55.9819],[-3.1796,55.9896],[-3.1969,55.9808],[-3.2501,55.9839],[-3.2687,55.9798],[-3.2643,55.9676],[-3.2362,55.9684],[-3.2151,55.9471],[-3.2071,55.9502],[-3.1723,55.9563],[-3.1701,55.9681],[-3.1524,55.9703],[-3.1351,55.9678]]]},"properties":{"PCON24CD":"S14000079","PCON24NM":"Edinburgh North and Leith"}},
{"type":"Feature","geometry":{"type":"Polygon","coordinates":[[[-3.1169,55.9146],[-3.1443,55.9252],[-3.1674,55.9402],[-3.2045,55.9396],[-3.2243,55.934],[-3.2226,55.9147],[-3.2121,55.8875],[-3.1909,55.8926],[-3.1383,55.8912],[-3.1121,55.8987],[-3.1169,55.9146]]]},"properties":{"PCON24CD":"S14000080","PCON24NM":"Edinburgh South"}},
{"type":"Feature","geometry":{"type":"Polygon","coordinates":[[[-3.2045,55.9396],[-3.2071,55.9502],[-3.2151,55.9471],[-3.3409,55.9163],[-3.3385,55.9024],[-3.387,55.8961],[-3.4192,55.8462],[-3.3948,55.8197],[-3.369,55.8241],[-3.356,55.8248],[-3.2955,55.8662],[-3.2121,55.8875],[-3.2226,55.9147],[-3.2243,55.934],[-3.2045,55.9396]]]},"properties":{"PCON24CD":"S14000081","PCON24NM":"Edinburgh South West"}},
{"type":"Feature","geometry":{"type":"Polygon","coordinates":[[[-3.2687,55.9798],[-3.3176,55.983],[-3.352,56.0016],[-3.3963,55.9919],[-3.4153,55.9954],[-3.4253,55.9938],[-3.4483,55.9776],[-3.4493,55.9507],[-3.4242,55.9348],[-3.4442,55.9077],[-3.387,55.8961],[-3.3385,55.9024],[-3.3409,55.9163],[-3.2151,55.9471],[-3.2362,55.9684],[-3.2643,55.9676],[-3.2687,55.9798]]]},"properties":{"PCON24CD":"S14000082","PCON24NM":"Edinburgh West"}},
{"type":"Feature","geometry":{"type":"Polygon","coordinates":[[[-3.8834,56.0474],[-3.9734,56.0486],[-4.0201,56.028],[-3.9433,55.9804],[-3.9359,55.9625],[-3.8678,55.9626],[-3.8981,55.9368],[-3.8226,55.8965],[-3.7669,55.9086],[-3.7304,55.9359],[-3.6778,55.9423],[-3.6286,55.9864],[-3.6907,55.9988],[-3.6939,55.9995],[-3.7551,56.0201],[-3.7997,56.0206],[-3.8727,56.0134],[-3.8834,56.0474]]]},"properties":{"PCON24CD":"S14000083","PCON24NM":"Falkirk"}},
{"type":"Feature","geometry":{"type":"MultiPolygon","coordinates":[[[[-4.228,55.8405],[-4.2407,55.8433],[-4.2378,55.8482],[-4.2581,55.855],[-4.263,55.8416],[-4.2659,55.8335],[-4.2473,55.8285],[-4.2336,55.8336],[-4.228,55.8405]]],[[[-4.086,55.8587],[-4.1085,55.8598],[-4.1359,55.8534],[-4.1906,55.8548],[-4.236,55.8579],[-4.25,55.8615],[-4.2577,55.8561],[-4.2371,55.8485],[-4.2397,55.8445],[-4.1983,55.8334],[-4.1794,55.8347],[-4.1758,55.8243],[-4.1306,55.8333],[-4.107,55.8347],[-4.0849,55.8453],[-4.086,55.8587]]]]},"properties":{"PCON24CD":"S14000084","PCON24NM":"Glasgow East"}},
{"type":"Feature","geometry":{"type":"Polygon","coordinates":[[[-4.2315,55.8966],[-4.2377,55.9048],[-4.2603,55.9129],[-4.2673,55.9278],[-4.2959,55.9285],[-4.3002,55.9059],[-4.3218,55.9009],[-4.3223,55.8889],[-4.2904,55.878],[-4.2984,55.8685],[-4.2951,55.8606],[-4.2577,55.8561],[-4.25,55.8615],[-4.2315,55.8966]]]},"properties":{"PCON24CD":"S14000085","PCON24NM":"Glasgow North"}},
{"type":"Feature","geometry":{"type":"Polygon","coordinates":[[[-4.1072,55.8874],[-4.1415,55.8829],[-4.1584,55.8859],[-4.1804,55.9049],[-4.1989,55.898],[-4.2315,55.8966],[-4.25,55.8615],[-4.236,55.8579],[-4.1906,55.8548],[-4.1359,55.8534],[-4.1085,55.8598],[-4.086,55.8587],[-4.0819,55.8842],[-4.1072,55.8874]]]},"properties":{"PCON24CD":"S14000086","PCON24NM":"Glasgow North East"}},
{"type":"Feature","geometry":{"type":"Polygon","coordinates":[[[-4.2336,55.8336],[-4.2473,55.8285],[-4.2659,55.8335],[-4.263,55.8416],[-4.29,55.8319],[-4.309,55.8402],[-4.3297,55.8333],[-4.3374,55.8177],[-4.3273,55.8076],[-4.2926,55.8139],[-4.2671,55.8068],[-4.2682,55.7916],[-4.2507,55.7849],[-4.2299,55.7859],[-4.2043,55.8004],[-4.2145,55.8151],[-4.2255,55.8122],[-4.2336,55.8336]]]},"properties":{"PCON24CD":"S14000087","PCON24NM":"Glasgow South"}},
{"type":"Feature","geometry":{"type":"Polygon","coordinates":[[[-4.3547,55.8731],[-4.3552,55.8635],[-4.3328,55.8464],[-4.3643,55.8454],[-4.3711,55.8384],[-4.3814,55.8231],[-4.3678,55.8034],[-4.3721,55.7948],[-4.3334,55.7929],[-4.3273,55.8076],[-4.3374,55.8177],[-4.3297,55.8333],[-4.309,55.8402],[-4.29,55.8319],[-4.263,55.8416],[-4.2581,55.855],[-4.2939,55.8584],[-4.3191,55.8672],[-4.3443,55.8698],[-4.3547,55.8731]]]},"properties":{"PCON24CD":"S14000088","PCON24NM":"Glasgow South West"}},
{"type":"Feature","geometry":{"type":"Polygon","coordinates":[[[-4.3218,55.9009],[-4.3489,55.9062],[-4.3572,55.9207],[-4.3796,55.921],[-4.39,55.9105],[-4.3755,55.9],[-4.3756,55.89],[-4.3924,55.8896],[-4.3805,55.8866],[-4.341,55.8702],[-4.3201,55.8686],[-4.3089,55.8655],[-4.2984,55.8685],[-4.2904,55.878],[-4.3223,55.8889],[-4.3218,55.9009]]]},"properties":{"PCON24CD":"S14000089","PCON24NM":"Glasgow West"}},
{"type":"Feature","geometry":{"type":"Polygon","coordinates":[[[-3.0149,56.1929],[-3.0761,56.1928],[-3.0756,56.2301],[-3.1147,56.2379],[-3.1805,56.2224],[-3.28,56.2337],[-3.2609,56.1961],[-3.3717,56.1644],[-3.3955,56.1421],[-3.3934,56.1137],[-3.3343,56.1405],[-3.3047,56.1185],[-3.1963,56.1415],[-3.1024,56.1359],[-3.0149,56.1929]]]},"properties":{"PCON24CD":"S14000090","PCON24NM":"Glenrothes and Mid Fife"}},
{"type":"Feature","geometry":{"type":"Polygon","coordinates":[[[-1.8753,57.3812],[-1.9607,57.4902],[-2.2067,57.5845],[-2.4527,57.5829],[-2.6289,57.514],[-2.9703,57.4973],[-2.9844,57.2777],[-2.7415,57.208],[-2.5389,57.2792],[-2.4192,57.2012],[-2.2729,57.2346],[-2.2111,57.2292],[-2.1718,57.2125],[-2.1282,57.2274],[-2.0614,57.2119],[-2.0156,57.3358],[-2.0162,57.3355],[-2.0186,57.3347],[-2.0192,57.3347],[-2.0195,57.3351],[-2.0202,57.3354],[-2.0195,57.3351],[-2.0192,57.3347],[-2.0186,57.3347],[-2.0162,57.3355],[-2.0156,57.3358],[-2.0156,57.3363],[-2.0182,57.3618],[-2.0181,57.3619],[-2.0177,57.3623],[-2.0173,57.3625],[-2.0177,57.3623],[-2.0181,57.3619],[-2.0182,57.3618],[-1.8753,57.3812]]]},"properties":{"PCON24CD":"S14000091","PCON24NM":"Gordon and Buchan"}},
{"type":"Feature","geometry":{"type":"Polygon","coordinates":[[[-4.0432,55.7966],[-4.0469,55.7967],[-4.077,55.7917],[-4.0938,55.7828],[-4.1223,55.7822],[-4.1419,55.7509],[-4.0645,55.7204],[-3.9662,55.7027],[-3.9489,55.6816],[-4.0397,55.5921],[-4.0078,55.5741],[-3.8976,55.6175],[-3.8456,55.6048],[-3.7216,55.6574],[-3.7323,55.6905],[-3.8209,55.706],[-3.8742,55.7043],[-3.8937,55.726],[-4.0432,55.7966]]]},"properties":{"PCON24CD":"S14000092","PCON24NM":"Hamilton and Clyde Valley"}},
{"type":"Feature","geometry":{"type":"Polygon","coordinates":[[[-4.6144,55.9302],[-4.6705,55.9331],[-4.8178,55.9629],[-4.8787,55.9425],[-4.8884,55.8748],[-4.7942,55.8722],[-4.7509,55.8498],[-4.6784,55.8382],[-4.5778,55.8371],[-4.5073,55.8696],[-4.5085,55.8793],[-4.5637,55.8985],[-4.6118,55.8992],[-4.6341,55.9131],[-4.6144,55.9302]]]},"properties":{"PCON24CD":"S14000093","PCON24NM":"Inverclyde and Renfrewshire West"}},
{"type":"Feature","geometry":{"type":"MultiPolygon","coordinates":[[[[-5.8629,57.2421],[-6.3863,57.3627],[-6.3855,57.3628],[-6.3863,57.3627],[-6.4273,57.2432],[-5.8629,57.2421]]],[[[-5.5907,57.8081],[-5.7718,57.6324],[-5.5983,57.365],[-5.5981,57.365],[-5.5983,57.365],[-5.4538,57.423],[-5.4413,57.4168],[-5.4412,57.4169],[-5.4413,57.4168],[-5.4394,57.4156],[-5.4391,57.4156],[-5.4394,57.4156],[-5.6008,57.2809],[-5.4312,57.3155],[-5.3951,57.2329],[-5.8268,57.0086],[-5.8466,56.9593],[-5.8459,56.9594],[-5.8466,56.9593],[-5.8588,56.9266],[-5.8586,56.9266],[-5.8588,56.9266],[-5.6824,56.8788],[-5.348,56.8593],[-5.1914,56.8551],[-5.0931,56.8294],[-5.0938,56.8288],[-5.1913,56.7548],[-4.6054,56.7086],[-4.5322,56.7959],[-4.627,57.0437],[-4.3413,57.0517],[-3.8439,57.3427],[-4.1492,57.5009],[-4.2876,57.4813],[-5.2303,57.4551],[-5.1357,57.629],[-5.5907,57.8081]]]]},"properties":{"PCON24CD":"S14000094","PCON24NM":"Inverness, Skye and West Ross-shire"}},
{"type":"Feature","geometry":{"type":"Polygon","coordinates":[[[-3.4493,55.9507],[-3.5542,55.9548],[-3.5706,55.8617],[-3.7441,55.8389],[-3.7156,55.8132],[-3.744,55.782],[-3.6579,55.8018],[-3.5877,55.8017],[-3.5292,55.7834],[-3.4739,55.7707],[-3.3948,55.8197],[-3.4192,55.8462],[-3.387,55.8961],[-3.4442,55.9077],[-3.4242,55.9348],[-3.4493,55.9507]]]},"properties":{"PCON24CD":"S14000095","PCON24NM":"Livingston"}},
{"type":"Feature","geometry":{"type":"Polygon","coordinates":[[[-2.3667,55.946],[-2.512,56.005],[-2.5511,55.9977],[-2.5513,55.9975],[-2.5526,55.9966],[-2.5528,55.9965],[-2.5526,55.9966],[-2.5513,55.9975],[-2.5511,55.9977],[-2.5792,56.0001],[-2.5792,55.9999],[-2.5792,56.0001],[-2.5987,55.9977],[-2.6047,56.0052],[-2.6055,56.0053],[-2.6047,56.0052],[-2.6212,56.0003],[-2.6215,56.0004],[-2.6221,56.0022],[-2.6215,56.0004],[-2.6212,56.0003],[-2.6124,56.0067],[-2.5987,56.0049],[-2.629,56.052],[-2.8159,56.0624],[-2.8401,56.0178],[-2.8375,56.0189],[-2.8401,56.0178],[-2.9572,55.9726],[-3.0487,55.9504],[-3.0365,55.9275],[-3.0555,55.9115],[-2.9689,55.9125],[-2.9372,55.8635],[-2.8462,55.819],[-2.6725,55.8456],[-2.5942,55.8287],[-2.3667,55.946]]]},"properties":{"PCON24CD":"S14000096","PCON24NM":"Lothian East"}},
{"type":"Feature","geometry":{"type":"Polygon","coordinates":[[[-4.1524,56.008],[-4.2225,56.0203],[-4.2939,56.0085],[-4.2727,55.9653],[-4.3309,55.9582],[-4.3753,55.9811],[-4.402,55.9718],[-4.3796,55.921],[-4.3572,55.9207],[-4.3489,55.9062],[-4.3218,55.9009],[-4.3002,55.9059],[-4.2959,55.9285],[-4.2673,55.9278],[-4.2603,55.9129],[-4.2377,55.9048],[-4.2315,55.8966],[-4.1989,55.898],[-4.1804,55.9049],[-4.136,55.914],[-4.1511,55.9479],[-4.1114,55.9612],[-4.1524,56.008]]]},"properties":{"PCON24CD":"S14000097","PCON24NM":"Mid Dunbartonshire"}},
{"type":"Feature","geometry":{"type":"Polygon","coordinates":[[[-3.0927,57.671],[-3.2639,57.7071],[-3.2647,57.7072],[-3.283,57.7154],[-3.2832,57.7146],[-3.2832,57.7145],[-3.2833,57.7141],[-3.2832,57.7145],[-3.2832,57.7146],[-3.283,57.7154],[-3.6118,57.6359],[-3.6119,57.6358],[-3.6119,57.6356],[-3.6119,57.6358],[-3.6118,57.6359],[-3.6218,57.6358],[-3.6375,57.6393],[-3.6407,57.6342],[-3.6407,57.634],[-3.6407,57.6342],[-3.6479,57.6372],[-3.6481,57.637],[-3.6479,57.6372],[-3.8233,57.6007],[-3.8231,57.6006],[-3.8233,57.6007],[-4.1492,57.5009],[-3.8439,57.3427],[-4.3413,57.0517],[-4.627,57.0437],[-4.5322,56.7959],[-3.8016,56.9359],[-3.7497,57.0763],[-3.3781,57.0978],[-3.2186,57.2498],[-2.9844,57.2777],[-2.9703,57.4973],[-3.1039,57.5775],[-3.0927,57.671]]]},"properties":{"PCON24CD":"S14000098","PCON24NM":"Moray West, Nairn and Strathspey"}},
{"type":"Feature","geometry":{"type":"Polygon","coordinates":[[[-3.744,55.782],[-3.7664,55.7701],[-3.8784,55.7628],[-3.8898,55.7925],[-3.9952,55.8179],[-4.0181,55.8004],[-4.0432,55.7966],[-3.8937,55.726],[-3.8742,55.7043],[-3.8209,55.706],[-3.7323,55.6905],[-3.628,55.7374],[-3.5693,55.7401],[-3.5292,55.7834],[-3.5877,55.8017],[-3.6579,55.8018],[-3.744,55.782]]]},"properties":{"PCON24CD":"S14000099","PCON24NM":"Motherwell, Wishaw and Carluke"}},
{"type":"Feature","geometry":{"type":"Polygon","coordinates":[[[-3.0149,56.1929],[-2.9071,56.2096],[-2.8741,56.1977],[-2.8714,56.1981],[-2.87,56.1973],[-2.8689,56.1972],[-2.8685,56.1972],[-2.8684,56.1975],[-2.8674,56.1977],[-2.8675,56.1977],[-2.8674,56.1977],[-2.8684,56.1975],[-2.8685,56.1972],[-2.8689,56.1972],[-2.87,56.1973],[-2.8714,56.1981],[-2.8741,56.1977],[-2.8439,56.1838],[-2.7666,56.2041],[-2.6992,56.2207],[-2.5853,56.2791],[-2.6607,56.3185],[-2.9077,56.3687],[-2.9078,56.3688],[-2.9083,56.3689],[-2.9084,56.3689],[-2.9087,56.3688],[-2.9097,56.368],[-2.9087,56.3688],[-2.9084,56.3689],[-2.9083,56.3689],[-2.9078,56.3688],[-2.9077,56.3687],[-2.8099,56.4065],[-2.8108,56.4071],[-2.8099,56.4065],[-2.9202,56.4517],[-2.9844,56.4245],[-3.2771,56.3503],[-3.3837,56.2688],[-3.28,56.2337],[-3.1805,56.2224],[-3.1147,56.2379],[-3.0756,56.2301],[-3.0761,56.1928],[-3.0149,56.1929]]]},"properties":{"PCON24CD":"S14000100","PCON24NM":"North East Fife"}},
{"type":"Feature","geometry":{"type":"Polygon","coordinates":[[[-4.3547,55.8731],[-4.4662,55.9205],[-4.5719,55.9232],[-4.6144,55.9302],[-4.6341,55.9131],[-4.6118,55.8992],[-4.5637,55.8985],[-4.5085,55.8793],[-4.5073,55.8696],[-4.4712,55.8747],[-4.4709,55.8527],[-4.3711,55.8384],[-4.3643,55.8454],[-4.3328,55.8464],[-4.3552,55.8635],[-4.3547,55.8731]]]},"properties":{"PCON24CD":"S14000101","PCON24NM":"Paisley and Renfrewshire North"}},
{"type":"Feature","geometry":{"type":"Polygon","coordinates":[[[-4.3711,55.8384],[-4.4709,55.8527],[-4.4712,55.8747],[-4.5073,55.8696],[-4.5778,55.8371],[-4.6784,55.8382],[-4.7509,55.8498],[-4.7791,55.8395],[-4.6857,55.8037],[-4.6487,55.7624],[-4.5788,55.7819],[-4.5509,55.7664],[-4.4855,55.7978],[-4.4006,55.8109],[-4.3814,55.8231],[-4.3711,55.8384]]]},"properties":{"PCON24CD":"S14000102","PCON24NM":"Paisley and Renfrewshire South"}},
{"type":"Feature","geometry":{"type":"Polygon","coordinates":[[[-3.0894,56.4669],[-3.202,56.5049],[-3.3567,56.4343],[-4.0471,56.4818],[-4.0986,56.4653],[-4.2021,56.4578],[-4.2374,56.3292],[-4.1187,56.2878],[-3.6461,56.3054],[-3.6029,56.2045],[-3.6398,56.1336],[-3.4989,56.1498],[-3.3955,56.1421],[-3.3717,56.1644],[-3.2609,56.1961],[-3.28,56.2337],[-3.3837,56.2688],[-3.2771,56.3503],[-3.3439,56.3451],[-3.3449,56.3446],[-3.3439,56.3451],[-3.3849,56.3511],[-3.3139,56.3677],[-3.314,56.3679],[-3.3139,56.3677],[-3.2141,56.3775],[-3.0528,56.4589],[-3.0894,56.4669]]]},"properties":{"PCON24CD":"S14000103","PCON24NM":"Perth and Kinross-shire"}},
{"type":"Feature","geometry":{"type":"Polygon","coordinates":[[[-4.1983,55.8334],[-4.228,55.8405],[-4.2336,55.8336],[-4.2255,55.8122],[-4.2145,55.8151],[-4.2043,55.8004],[-4.173,55.8055],[-4.1353,55.8003],[-4.1223,55.7822],[-4.0938,55.7828],[-4.077,55.7917],[-4.0469,55.7967],[-4.0412,55.809],[-4.107,55.8347],[-4.1306,55.8333],[-4.1758,55.8243],[-4.1794,55.8347],[-4.1983,55.8334]]]},"properties":{"PCON24CD":"S14000104","PCON24NM":"Rutherglen"}},
{"type":"Feature","geometry":{"type":"Polygon","coordinates":[[[-4.0986,56.4653],[-4.3305,56.5376],[-4.6391,56.476],[-4.8317,56.3668],[-4.6739,56.3022],[-4.6956,56.2001],[-4.5982,56.0842],[-4.4759,56.0583],[-4.4886,56.0244],[-4.402,55.9718],[-4.3753,55.9811],[-4.3309,55.9582],[-4.2727,55.9653],[-4.2939,56.0085],[-4.2225,56.0203],[-4.1524,56.008],[-4.0967,56.0274],[-4.0201,56.028],[-3.9734,56.0486],[-3.8834,56.0474],[-3.8244,56.0511],[-3.8002,56.068],[-3.8216,56.0971],[-3.8414,56.1066],[-3.8852,56.1156],[-3.8849,56.1156],[-3.8929,56.1134],[-3.893,56.1134],[-3.8919,56.1125],[-3.8921,56.1122],[-3.9024,56.112],[-3.904,56.1118],[-3.9042,56.1113],[-3.904,56.1118],[-3.9024,56.112],[-3.8921,56.1122],[-3.8919,56.1125],[-3.893,56.1134],[-3.8929,56.1134],[-3.8849,56.1156],[-3.8852,56.1156],[-3.884,56.1294],[-3.8412,56.1885],[-3.7809,56.2172],[-3.7263,56.1932],[-3.6925,56.1944],[-3.6029,56.2045],[-3.6461,56.3054],[-4.1187,56.2878],[-4.2374,56.3292],[-4.2021,56.4578],[-4.0986,56.4653]]]},"properties":{"PCON24CD":"S14000105","PCON24NM":"Stirling and Strathallan"}},
{"type":"Feature","geometry":{"type":"Polygon","coordinates":[[[-4.402,55.9718],[-4.4886,56.0244],[-4.4759,56.0583],[-4.5982,56.0842],[-4.6219,56.045],[-4.6015,56.0202],[-4.6416,55.9992],[-4.6143,55.9808],[-4.6096,55.9466],[-4.5776,55.9555],[-4.5775,55.9555],[-4.5776,55.9555],[-4.5747,55.9568],[-4.575,55.9573],[-4.5751,55.9572],[-4.575,55.9573],[-4.542,55.9334],[-4.5417,55.9335],[-4.542,55.9334],[-4.4666,55.9248],[-4.3924,55.8896],[-4.3756,55.89],[-4.3755,55.9],[-4.39,55.9105],[-4.3796,55.921],[-4.402,55.9718]]]},"properties":{"PCON24CD":"S14000106","PCON24NM":"West Dunbartonshire"}},
{"type":"Feature","geometry":{"type":"Polygon","coordinates":[[[-4.4197,55.5011],[-4.5043,55.4773],[-4.5501,55.4488],[-4.6274,55.481],[-4.8233,55.3356],[-4.8631,55.2448],[-5.0091,55.0956],[-5.0086,55.0945],[-5.0398,54.9978],[-4.8841,55.0393],[-4.7109,55.0396],[-4.565,55.158],[-4.4066,55.1588],[-4.3013,55.3104],[-4.1125,55.3054],[-4.0165,55.4466],[-4.0944,55.4249],[-4.4197,55.5011]]]},"properties":{"PCON24CD":"S14000107","PCON24NM":"Ayr, Carrick and Cumnock"}},
{"type":"Feature","geometry":{"type":"Polygon","coordinates":[[[-2.0344,55.8111],[-2.0877,55.8734],[-2.3667,55.946],[-2.5942,55.8287],[-2.6725,55.8456],[-2.8462,55.819],[-3.0012,55.7898],[-3.0753,55.7598],[-3.0925,55.7218],[-2.9854,55.5846],[-3.3527,55.4981],[-3.2915,55.3423],[-3.1272,55.3597],[-2.8858,55.2709],[-2.8585,55.1083],[-2.6898,55.189],[-2.4885,55.3518],[-2.3375,55.3673],[-2.1949,55.4446],[-2.2582,55.6447],[-2.1365,55.7404],[-2.1183,55.7412],[-2.1192,55.7426],[-2.1033,55.7623],[-2.0857,55.7627],[-2.0344,55.8111]]]},"properties":{"PCON24CD":"S14000108","PCON24NM":"Berwickshire, Roxburgh and Selkirk"}},
{"type":"Feature","geometry":{"type":"Polygon","coordinates":[[[-4.6386,55.669],[-4.6862,55.6423],[-4.6946,55.6045],[-4.6579,55.5695],[-4.6589,55.5388],[-4.6274,55.481],[-4.5501,55.4488],[-4.5043,55.4773],[-4.4197,55.5011],[-4.4018,55.5236],[-4.4374,55.5643],[-4.5387,55.5751],[-4.5833,55.6133],[-4.5809,55.6467],[-4.6386,55.669]]]},"properties":{"PCON24CD":"S14000109","PCON24NM":"Central Ayrshire"}},
{"type":"Feature","geometry":{"type":"Polygon","coordinates":[[[-4.2469,55.679],[-4.3532,55.6974],[-4.3845,55.723],[-4.5299,55.7446],[-4.6386,55.669],[-4.5809,55.6467],[-4.5833,55.6133],[-4.5387,55.5751],[-4.4374,55.5643],[-4.4018,55.5236],[-4.4197,55.5011],[-4.0944,55.4249],[-4.0165,55.4466],[-4.0078,55.5741],[-4.0397,55.5921],[-4.0827,55.5684],[-4.1511,55.5722],[-4.2469,55.679]]]},"properties":{"PCON24CD":"S14000110","PCON24NM":"Kilmarnock and Loudoun"}},
{"type":"Feature","geometry":{"type":"Polygon","coordinates":[[[-2.2729,57.2346],[-2.4192,57.2012],[-2.5389,57.2792],[-2.7415,57.208],[-2.9844,57.2777],[-3.2186,57.2498],[-3.3781,57.0978],[-3.7497,57.0763],[-3.8016,56.9359],[-3.3827,56.879],[-3.0832,56.9584],[-2.765,56.9598],[-2.6172,56.793],[-2.4449,56.7517],[-2.2856,56.8275],[-2.0852,57.0859],[-2.1187,57.0904],[-2.1261,57.1184],[-2.1719,57.1146],[-2.2319,57.095],[-2.331,57.1015],[-2.3609,57.1092],[-2.3512,57.1356],[-2.3091,57.1248],[-2.2744,57.1319],[-2.2671,57.1469],[-2.2535,57.1602],[-2.2951,57.1977],[-2.2729,57.2346]]]},"properties":{"PCON24CD":"S14000111","PCON24NM":"West Aberdeenshire and Kincardine"}},
{"type":"Feature","geometry":{"type":"Polygon","coordinates":[[[-3.5822,51.714],[-3.6119,51.7166],[-3.6667,51.6808],[-3.6993,51.6828],[-3.7803,51.64],[-3.8208,51.6447],[-3.8316,51.6508],[-3.8359,51.6517],[-3.8346,51.6511],[-3.8341,51.651],[-3.8346,51.6511],[-3.8376,51.6437],[-3.8308,51.637],[-3.8317,51.626],[-3.8508,51.6142],[-3.8043,51.5837],[-3.7362,51.4992],[-3.6895,51.507],[-3.6501,51.5525],[-3.6097,51.5713],[-3.6114,51.6026],[-3.6112,51.6267],[-3.5639,51.6549],[-3.5896,51.6793],[-3.5822,51.714]]]},"properties":{"PCON24CD":"W07000081","PCON24NM":"Aberafan Maesteg"}},
{"type":"Feature","geometry":{"type":"MultiPolygon","coordinates":[[[[-3.0856,53.2566],[-3.0947,53.255],[-3.0948,53.2549],[-3.0947,53.255],[-3.0993,53.2573],[-3.0952,53.2477],[-3.0932,53.2486],[-3.0933,53.2488],[-3.093,53.2511],[-3.0933,53.2488],[-3.0932,53.2486],[-3.0906,53.2484],[-3.064,53.2468],[-3.0639,53.2469],[-3.064,53.2468],[-3.0692,53.2394],[-3.0692,53.2395],[-3.0692,53.2394],[-3.0715,53.2365],[-3.079,53.2434],[-3.0783,53.2431],[-3.0777,53.2428],[-3.0783,53.2431],[-3.079,53.2434],[-3.0822,53.2432],[-3.0818,53.2431],[-3.0822,53.2432],[-3.089,53.2444],[-3.0891,53.2443],[-3.089,53.2444],[-3.0418,53.2209],[-2.9204,53.183],[-2.9495,53.2113],[-3.036,53.2518],[-3.0823,53.2555],[-3.0826,53.2556],[-3.0856,53.2566]]],[[[-3.0926,53.2602],[-3.0936,53.26],[-3.0941,53.26],[-3.0939,53.2596],[-3.0937,53.2594],[-3.0916,53.2596],[-3.0926,53.2602]]],[[[-3.0944,53.2614],[-3.0982,53.2599],[-3.0968,53.2579],[-3.0937,53.2594],[-3.0939,53.2596],[-3.0941,53.26],[-3.0936,53.26],[-3.0926,53.2602],[-3.0944,53.2614]]],[[[-3.0955,53.2621],[-3.0966,53.2618],[-3.097,53.2615],[-3.0945,53.2614],[-3.0955,53.2621]]],[[[-3.1017,53.2672],[-3.1026,53.2668],[-3.1028,53.2665],[-3.1067,53.2648],[-3.1123,53.265],[-3.1126,53.2642],[-3.1114,53.2626],[-3.1091,53.263],[-3.109,53.2628],[-3.1068,53.2631],[-3.0992,53.2608],[-3.0993,53.2608],[-3.0992,53.2608],[-3.097,53.2615],[-3.0966,53.2618],[-3.0955,53.2621],[-3.1017,53.2672]]],[[[-3.1017,53.2672],[-3.1072,53.272],[-3.1089,53.2696],[-3.1103,53.2688],[-3.1075,53.2679],[-3.1073,53.2679],[-3.1075,53.2679],[-3.1098,53.2669],[-3.1102,53.2662],[-3.1089,53.2661],[-3.1082,53.2664],[-3.1081,53.2664],[-3.1087,53.2667],[-3.1084,53.2669],[-3.1087,53.2667],[-3.1081,53.2664],[-3.1082,53.2664],[-3.1089,53.2661],[-3.1048,53.2664],[-3.1028,53.2665],[-3.1026,53.2668],[-3.1017,53.2672]]],[[[-2.9205,53.1822],[-3.0458,53.2176],[-3.046,53.2171],[-3.0459,53.2154],[-3.0452,53.2149],[-3.0442,53.2145],[-3.0437,53.2146],[-3.0442,53.2145],[-3.0452,53.2149],[-3.0459,53.2154],[-3.046,53.2171],[-3.0458,53.2176],[-3.0788,53.2332],[-3.0798,53.2335],[-3.0788,53.2332],[-3.0854,53.2367],[-3.0962,53.2396],[-3.0997,53.2423],[-3.1008,53.2412],[-3.1004,53.241],[-3.1003,53.2409],[-3.1002,53.2409],[-3.0986,53.2409],[-3.0987,53.241],[-3.0986,53.2409],[-3.1002,53.2409],[-3.1003,53.2409],[-3.1004,53.241],[-3.1008,53.2412],[-3.1067,53.2408],[-3.1074,53.2407],[-3.1067,53.2408],[-3.1117,53.2447],[-3.1117,53.2448],[-3.1131,53.2448],[-3.1133,53.2446],[-3.1131,53.2448],[-3.1117,53.2448],[-3.1117,53.2447],[-3.1085,53.2444],[-3.1127,53.2469],[-3.1129,53.2465],[-3.1127,53.2469],[-3.1233,53.2499],[-3.1233,53.2498],[-3.1233,53.2499],[-3.1267,53.2512],[-3.1261,53.2509],[-3.1259,53.2508],[-3.1261,53.2509],[-3.1267,53.2512],[-3.1672,53.2711],[-3.1905,53.2863],[-3.2118,53.2713],[-3.1512,53.2196],[-3.081,53.199],[-3.1022,53.1672],[-3.0598,53.1486],[-3.0921,53.126],[-3.1467,53.115],[-3.1296,53.0724],[-3.0444,53.0893],[-2.9953,53.1306],[-2.9638,53.1328],[-2.9846,53.1586],[-2.9205,53.1822]]]]},"properties":{"PCON24CD":"W07000082","PCON24NM":"Alyn and Deeside"}},
{"type":"Feature","geometry":{"type":"Polygon","coordinates":[[[-3.7566,53.317],[-3.8133,53.2807],[-3.8031,53.2755],[-3.8213,53.2514],[-3.8217,53.2277],[-3.8275,53.2049],[-3.8335,53.2009],[-3.8336,53.1943],[-3.8278,53.1892],[-3.8262,53.1846],[-3.8192,53.1808],[-3.8185,53.1762],[-3.8254,53.167],[-3.8238,53.1596],[-3.8223,53.155],[-3.8251,53.1573],[-3.8258,53.1661],[-3.8198,53.1806],[-3.8282,53.1829],[-3.83,53.1819],[-3.8282,53.1829],[-3.8287,53.189],[-3.8347,53.194],[-3.8341,53.1975],[-3.8346,53.1983],[-3.8333,53.212],[-3.8337,53.2116],[-3.8341,53.2113],[-3.8348,53.2107],[-3.8341,53.2113],[-3.8337,53.2116],[-3.8333,53.212],[-3.8272,53.279],[-3.8273,53.279],[-3.8272,53.279],[-3.9971,53.2518],[-3.9972,53.251],[-3.9971,53.2518],[-4.0011,53.2516],[-4.001,53.2516],[-4.0011,53.2516],[-4.1202,53.2353],[-4.2097,53.1893],[-3.9771,53.0689],[-3.9916,53.014],[-3.8132,52.9494],[-3.6363,53.0069],[-3.583,52.9675],[-3.4247,53.0031],[-3.3031,53.0901],[-3.3601,53.1163],[-3.3619,53.1823],[-3.3988,53.1663],[-3.471,53.1704],[-3.466,53.2208],[-3.554,53.2688],[-3.684,53.2781],[-3.7486,53.2688],[-3.776,53.2861],[-3.7566,53.317]]]},"properties":{"PCON24CD":"W07000083","PCON24NM":"Bangor Aberconwy"}},
{"type":"Feature","geometry":{"type":"Polygon","coordinates":[[[-3.1574,51.8161],[-3.2388,51.8124],[-3.2834,51.8255],[-3.3345,51.7904],[-3.329,51.7587],[-3.3006,51.7363],[-3.2739,51.6823],[-3.2117,51.68],[-3.2227,51.7227],[-3.1941,51.7393],[-3.1672,51.7099],[-3.1161,51.6908],[-3.1064,51.7418],[-3.1342,51.7928],[-3.1574,51.8161]]]},"properties":{"PCON24CD":"W07000084","PCON24NM":"Blaenau Gwent and Rhymney"}},
{"type":"Feature","geometry":{"type":"Polygon","coordinates":[[[-3.2309,52.4532],[-3.6855,52.3682],[-3.745,52.3176],[-3.7578,52.1282],[-3.6471,52.0388],[-3.7138,51.8871],[-3.8037,51.8014],[-3.9365,51.7714],[-3.881,51.7201],[-3.82,51.6985],[-3.7279,51.7762],[-3.6704,51.7872],[-3.5977,51.7699],[-3.5913,51.7546],[-3.5555,51.7783],[-3.4172,51.8351],[-3.3345,51.7904],[-3.2834,51.8255],[-3.2388,51.8124],[-3.1574,51.8161],[-3.0386,51.8937],[-3.0674,51.9831],[-3.1186,52.0685],[-3.1049,52.1167],[-3.1001,52.2022],[-2.9547,52.3492],[-3.0599,52.348],[-3.2309,52.4532]]]},"properties":{"PCON24CD":"W07000085","PCON24NM":"Brecon, Radnor and Cwm Tawe"}},
{"type":"Feature","geometry":{"type":"Polygon","coordinates":[[[-3.4836,51.5728],[-3.5299,51.5713],[-3.5668,51.5552],[-3.6097,51.5713],[-3.6501,51.5525],[-3.6895,51.507],[-3.7362,51.4992],[-3.7111,51.4759],[-3.6196,51.4766],[-3.5283,51.4998],[-3.4975,51.5126],[-3.4636,51.5426],[-3.4836,51.5728]]]},"properties":{"PCON24CD":"W07000086","PCON24NM":"Bridgend"}},
{"type":"Feature","geometry":{"type":"Polygon","coordinates":[[[-3.7578,52.1282],[-3.9426,52.1376],[-4.2463,52.038],[-4.4874,52.0491],[-4.4928,51.9628],[-4.7134,51.9158],[-4.6823,51.8375],[-4.6329,51.7352],[-4.4639,51.7317],[-4.4383,51.7532],[-4.4391,51.7531],[-4.4384,51.7545],[-4.4395,51.7541],[-4.4395,51.754],[-4.4395,51.7541],[-4.4409,51.7543],[-4.441,51.7543],[-4.4409,51.7543],[-4.441,51.7548],[-4.4411,51.7548],[-4.4412,51.7549],[-4.4411,51.7548],[-4.441,51.7548],[-4.4428,51.7556],[-4.4623,51.7686],[-4.4601,51.7688],[-4.4601,51.7689],[-4.4603,51.7691],[-4.4601,51.7689],[-4.4601,51.7688],[-4.4513,51.7827],[-4.4527,51.7832],[-4.4513,51.7827],[-4.4561,51.7947],[-4.4563,51.7947],[-4.4561,51.7947],[-4.4384,51.7803],[-4.4385,51.7806],[-4.4384,51.7803],[-4.4366,51.7771],[-4.4366,51.7778],[-4.4366,51.7771],[-4.4357,51.7772],[-4.4357,51.7781],[-4.4357,51.7772],[-4.4397,51.767],[-4.4394,51.767],[-4.4389,51.767],[-4.4394,51.767],[-4.4397,51.767],[-4.4074,51.7569],[-4.3706,51.7901],[-4.3411,51.7996],[-4.3274,51.8005],[-4.317,51.851],[-4.2784,51.8617],[-4.3151,51.8467],[-4.3139,51.8366],[-4.3132,51.8371],[-4.3121,51.8359],[-4.3118,51.836],[-4.3114,51.8367],[-4.2082,51.831],[-4.1702,51.7945],[-4.1112,51.8297],[-4.0663,51.8053],[-4.0715,51.7701],[-3.9998,51.7742],[-3.9365,51.7714],[-3.8037,51.8014],[-3.7138,51.8871],[-3.6471,52.0388],[-3.7578,52.1282]]]},"properties":{"PCON24CD":"W07000087","PCON24NM":"Caerfyrddin"}},
{"type":"Feature","geometry":{"type":"Polygon","coordinates":[[[-3.2117,51.68],[-3.2739,51.6823],[-3.3139,51.6447],[-3.2894,51.5898],[-3.2643,51.5692],[-3.2491,51.5694],[-3.2279,51.5501],[-3.1647,51.5598],[-3.1189,51.5456],[-3.0902,51.5685],[-3.1242,51.5886],[-3.1466,51.6357],[-3.1703,51.6617],[-3.2117,51.68]]]},"properties":{"PCON24CD":"W07000088","PCON24NM":"Caerphilly"}},
{"type":"Feature","geometry":{"type":"Polygon","coordinates":[[[-3.082,51.5009],[-3.0792,51.5301],[-3.0941,51.5357],[-3.1197,51.5307],[-3.1688,51.5314],[-3.1817,51.5249],[-3.1774,51.5035],[-3.1702,51.4795],[-3.1568,51.4824],[-3.1362,51.498],[-3.1394,51.5052],[-3.1257,51.4924],[-3.1109,51.4915],[-3.082,51.5009]]]},"properties":{"PCON24CD":"W07000089","PCON24NM":"Cardiff East"}},
{"type":"Feature","geometry":{"type":"Polygon","coordinates":[[[-3.2643,51.5692],[-3.2732,51.5485],[-3.2543,51.5323],[-3.2295,51.5009],[-3.1959,51.4953],[-3.1774,51.5035],[-3.1817,51.5249],[-3.1688,51.5314],[-3.1197,51.5307],[-3.0941,51.5357],[-3.1189,51.5456],[-3.1647,51.5598],[-3.2279,51.5501],[-3.2491,51.5694],[-3.2643,51.5692]]]},"properties":{"PCON24CD":"W07000090","PCON24NM":"Cardiff North"}},
{"type":"Feature","geometry":{"type":"Polygon","coordinates":[[[-3.1362,51.498],[-3.1568,51.4824],[-3.1702,51.4795],[-3.1774,51.5035],[-3.1959,51.4953],[-3.1822,51.4756],[-3.2182,51.4747],[-3.258,51.4654],[-3.2407,51.4499],[-3.2606,51.4329],[-3.2319,51.4161],[-3.2389,51.3972],[-3.1705,51.4059],[-3.1708,51.4271],[-3.1567,51.4517],[-3.141,51.4628],[-3.1232,51.4892],[-3.1362,51.498]]]},"properties":{"PCON24CD":"W07000091","PCON24NM":"Cardiff South and Penarth"}},
{"type":"Feature","geometry":{"type":"Polygon","coordinates":[[[-3.2732,51.5485],[-3.3104,51.5489],[-3.3237,51.5363],[-3.3779,51.5314],[-3.4112,51.5178],[-3.4097,51.5062],[-3.3707,51.5092],[-3.3116,51.5071],[-3.2965,51.4982],[-3.2714,51.4653],[-3.258,51.4654],[-3.2182,51.4747],[-3.1822,51.4756],[-3.1959,51.4953],[-3.2295,51.5009],[-3.2543,51.5323],[-3.2732,51.5485]]]},"properties":{"PCON24CD":"W07000092","PCON24NM":"Cardiff West"}},
{"type":"Feature","geometry":{"type":"Polygon","coordinates":[[[-4.8778,52.0209],[-4.8778,52.0208],[-5.0634,52.032],[-5.2076,51.9341],[-4.9965,51.9461],[-4.8527,51.9076],[-4.7788,51.833],[-4.6823,51.8375],[-4.7134,51.9158],[-4.4928,51.9628],[-4.4874,52.0491],[-4.2463,52.038],[-3.9426,52.1376],[-3.7578,52.1282],[-3.745,52.3176],[-3.6855,52.3682],[-3.9062,52.5608],[-3.9063,52.5608],[-3.9259,52.5608],[-3.9367,52.5528],[-3.9367,52.5521],[-3.9367,52.5528],[-3.9489,52.5552],[-3.9491,52.556],[-3.9553,52.5549],[-3.955,52.5543],[-3.9548,52.554],[-3.9547,52.5538],[-3.9546,52.5536],[-3.9547,52.5538],[-3.9548,52.554],[-3.955,52.5543],[-3.9553,52.5549],[-3.9554,52.5532],[-3.9589,52.5516],[-3.9585,52.5513],[-3.9584,52.5512],[-3.9585,52.5513],[-3.9688,52.5314],[-3.9805,52.5365],[-3.9857,52.5353],[-3.9858,52.5353],[-3.9979,52.5317],[-3.9993,52.5295],[-3.9976,52.5286],[-3.9971,52.5287],[-3.9923,52.5242],[-3.9926,52.5236],[-3.9986,52.5285],[-3.9999,52.5292],[-3.9991,52.5316],[-4.0027,52.5328],[-4.0202,52.5253],[-4.0208,52.5234],[-4.0531,52.4962],[-4.1275,52.3389],[-4.336,52.214],[-4.5186,52.135],[-4.7301,52.1179],[-4.8778,52.0209]]]},"properties":{"PCON24CD":"W07000093","PCON24NM":"Ceredigion Preseli"}},
{"type":"Feature","geometry":{"type":"Polygon","coordinates":[[[-3.1905,53.2863],[-3.3107,53.346],[-3.311,53.346],[-3.3107,53.346],[-3.3094,53.3519],[-3.3092,53.3521],[-3.3094,53.3519],[-3.447,53.3332],[-3.4322,53.2805],[-3.4445,53.2687],[-3.3874,53.2274],[-3.3619,53.1823],[-3.3601,53.1163],[-3.3031,53.0901],[-3.4247,53.0031],[-3.2537,53.0026],[-3.2374,52.951],[-3.1488,52.9986],[-3.1408,53.041],[-3.1296,53.0724],[-3.1467,53.115],[-3.0921,53.126],[-3.0598,53.1486],[-3.1022,53.1672],[-3.081,53.199],[-3.1512,53.2196],[-3.2118,53.2713],[-3.1905,53.2863]]]},"properties":{"PCON24CD":"W07000094","PCON24NM":"Clwyd East"}},
{"type":"Feature","geometry":{"type":"Polygon","coordinates":[[[-3.3619,53.1823],[-3.3874,53.2274],[-3.4445,53.2687],[-3.4322,53.2805],[-3.447,53.3332],[-3.4886,53.326],[-3.5093,53.3132],[-3.4594,53.2857],[-3.4602,53.2793],[-3.4601,53.2792],[-3.4602,53.2793],[-3.4766,53.2932],[-3.477,53.2927],[-3.4766,53.2932],[-3.5004,53.3043],[-3.5009,53.3038],[-3.5004,53.3043],[-3.5111,53.3128],[-3.512,53.3167],[-3.6011,53.2916],[-3.7149,53.2948],[-3.7566,53.317],[-3.776,53.2861],[-3.7486,53.2688],[-3.684,53.2781],[-3.554,53.2688],[-3.466,53.2208],[-3.471,53.1704],[-3.3988,53.1663],[-3.3619,53.1823]]]},"properties":{"PCON24CD":"W07000095","PCON24NM":"Clwyd North"}},
{"type":"Feature","geometry":{"type":"MultiPolygon","coordinates":[[[[-4.322,53.1033],[-4.323,53.1029],[-4.3225,53.1029],[-4.3223,53.1029],[-4.3222,53.1029],[-4.322,53.1033]]],[[[-4.323,53.1029],[-4.3237,53.1034],[-4.3237,53.1031],[-4.3237,53.1028],[-4.3237,53.1027],[-4.3229,53.1026],[-4.3225,53.1029],[-4.3229,53.1029],[-4.323,53.1029]]],[[[-3.4247,53.0031],[-3.583,52.9675],[-3.6363,53.0069],[-3.8132,52.9494],[-3.9916,53.014],[-3.9771,53.0689],[-4.2097,53.1893],[-4.3117,53.1274],[-4.3117,53.1054],[-4.3158,53.1002],[-4.3209,53.0995],[-4.3195,53.1001],[-4.3196,53.1004],[-4.3195,53.1001],[-4.3185,53.1003],[-4.3189,53.1004],[-4.3185,53.1003],[-4.3182,53.1005],[-4.3186,53.1007],[-4.3182,53.1005],[-4.3179,53.1011],[-4.3183,53.1012],[-4.3179,53.1011],[-4.3195,53.1017],[-4.3207,53.1018],[-4.3216,53.1018],[-4.3218,53.1015],[-4.322,53.1012],[-4.3225,53.1007],[-4.3228,53.1004],[-4.3229,53.1004],[-4.3222,53.0998],[-4.3226,53.0995],[-4.3229,53.0994],[-4.3226,53.0995],[-4.3222,53.0998],[-4.3229,53.1004],[-4.3228,53.1004],[-4.3225,53.1007],[-4.322,53.1012],[-4.3218,53.1015],[-4.3216,53.1018],[-4.3222,53.1029],[-4.3223,53.1029],[-4.323,53.1026],[-4.3237,53.1027],[-4.3237,53.1028],[-4.3237,53.1031],[-4.3237,53.1034],[-4.3539,53.0332],[-4.6498,52.9057],[-4.7668,52.7939],[-4.5149,52.793],[-4.4593,52.8705],[-4.0699,52.9241],[-4.0698,52.9242],[-4.0699,52.9241],[-4.0575,52.9251],[-4.0372,52.9373],[-4.0358,52.9383],[-4.0347,52.9385],[-4.0358,52.9383],[-4.0372,52.9373],[-4.0571,52.9207],[-4.0591,52.918],[-4.0588,52.9179],[-4.0591,52.918],[-4.0653,52.9169],[-4.0669,52.9158],[-4.0674,52.9152],[-4.0667,52.915],[-4.0666,52.915],[-4.0669,52.9144],[-4.0664,52.9145],[-4.0664,52.9144],[-4.0667,52.914],[-4.0656,52.9142],[-4.0667,52.914],[-4.0664,52.9144],[-4.0664,52.9145],[-4.0669,52.9144],[-4.0666,52.915],[-4.0667,52.915],[-4.0674,52.9152],[-4.0669,52.9158],[-4.0692,52.9165],[-4.069,52.9149],[-4.0674,52.913],[-4.0676,52.913],[-4.068,52.9123],[-4.0676,52.913],[-4.0694,52.9151],[-4.0694,52.9149],[-4.0694,52.9151],[-4.073,52.9149],[-4.0739,52.9119],[-4.0748,52.9109],[-4.0745,52.9109],[-4.0741,52.9109],[-4.0745,52.9109],[-4.0754,52.9097],[-4.0754,52.9096],[-4.075,52.9096],[-4.0748,52.9097],[-4.0737,52.9101],[-4.0734,52.9102],[-4.0732,52.9102],[-4.0727,52.9103],[-4.0724,52.9103],[-4.0717,52.9108],[-4.0717,52.9109],[-4.0717,52.9108],[-4.0724,52.9103],[-4.0727,52.9103],[-4.0732,52.9102],[-4.0734,52.9102],[-4.0737,52.9101],[-4.0748,52.9097],[-4.075,52.9096],[-4.0754,52.9096],[-4.0754,52.9097],[-4.0762,52.9108],[-4.0781,52.9092],[-4.075,52.9094],[-4.0747,52.9094],[-4.075,52.9094],[-4.0799,52.9074],[-4.0795,52.9073],[-4.0793,52.9072],[-4.0783,52.9078],[-4.0774,52.9079],[-4.0783,52.9078],[-4.0793,52.9072],[-4.0795,52.9073],[-4.0799,52.9074],[-4.0817,52.9052],[-4.0816,52.9052],[-4.0793,52.9055],[-4.0793,52.9057],[-4.0793,52.9055],[-4.0816,52.9052],[-4.0817,52.9052],[-4.0819,52.9029],[-4.0815,52.9028],[-4.0819,52.9029],[-4.0773,52.9051],[-4.0775,52.9053],[-4.0773,52.9051],[-4.0725,52.9079],[-4.0726,52.9079],[-4.0725,52.9079],[-4.0716,52.9072],[-4.0711,52.9069],[-4.0716,52.9072],[-4.0785,52.8972],[-4.0781,52.8973],[-4.0785,52.8972],[-4.1096,52.9001],[-4.1324,52.8971],[-4.1346,52.8188],[-4.1345,52.8188],[-4.1346,52.8188],[-4.1372,52.8182],[-4.1371,52.8181],[-4.1372,52.8179],[-4.1372,52.8175],[-4.1372,52.8179],[-4.1371,52.8181],[-4.1372,52.8182],[-4.1391,52.8179],[-4.1387,52.8172],[-4.1393,52.8167],[-4.1395,52.8167],[-4.1393,52.8167],[-4.1387,52.8172],[-4.1391,52.8179],[-4.1403,52.8177],[-4.1403,52.8174],[-4.1399,52.8176],[-4.1403,52.8174],[-4.1403,52.8177],[-4.1406,52.8176],[-4.0576,52.7177],[-3.9155,52.7548],[-3.9154,52.7548],[-3.9331,52.7488],[-3.933,52.7489],[-3.9331,52.7488],[-4.095,52.6684],[-3.9547,52.5596],[-3.9472,52.5603],[-3.9359,52.5559],[-3.9357,52.5559],[-3.9359,52.5559],[-3.9149,52.5791],[-3.892,52.5769],[-3.8048,52.6785],[-3.6196,52.6975],[-3.5865,52.8277],[-3.2374,52.951],[-3.2537,53.0026],[-3.4247,53.0031]]]]},"properties":{"PCON24CD":"W07000096","PCON24NM":"Dwyfor Meirionnydd"}},
{"type":"Feature","geometry":{"type":"MultiPolygon","coordinates":[[[[-4.082,51.6554],[-4.0853,51.6556],[-4.0848,51.6554],[-4.0828,51.6537],[-4.0823,51.6529],[-4.082,51.6553],[-4.082,51.6554]]],[[[-4.2422,51.629],[-4.2397,51.6215],[-4.2439,51.6195],[-4.2441,51.6194],[-4.2439,51.6195],[-4.2422,51.6228],[-4.2448,51.6261],[-4.2448,51.6259],[-4.2451,51.6257],[-4.2453,51.6258],[-4.2451,51.6257],[-4.2448,51.6259],[-4.2448,51.6261],[-4.2417,51.6321],[-4.2415,51.6322],[-4.3062,51.6085],[-4.2715,51.5554],[-4.2154,51.5411],[-4.1443,51.5676],[-4.0234,51.564],[-3.9945,51.5981],[-4.0132,51.6106],[-4.0086,51.6328],[-3.9794,51.6284],[-3.9615,51.6393],[-3.9903,51.6559],[-3.9643,51.6606],[-3.945,51.679],[-3.9097,51.6934],[-3.881,51.7201],[-3.9365,51.7714],[-3.9998,51.7742],[-4.0499,51.7119],[-4.0596,51.6932],[-4.0596,51.6933],[-4.0596,51.6932],[-4.0681,51.6828],[-4.068,51.6821],[-4.0681,51.6828],[-4.064,51.6537],[-4.0637,51.6537],[-4.064,51.6537],[-4.082,51.6554],[-4.082,51.6553],[-4.0823,51.6529],[-4.0828,51.6537],[-4.0848,51.6554],[-4.0853,51.6556],[-4.0906,51.6522],[-4.0904,51.6514],[-4.0906,51.6522],[-4.0892,51.6479],[-4.0889,51.648],[-4.0892,51.6479],[-4.1454,51.6336],[-4.1448,51.6336],[-4.1454,51.6336],[-4.1469,51.6338],[-4.1475,51.6342],[-4.1483,51.6335],[-4.148,51.6337],[-4.1477,51.6336],[-4.1472,51.6333],[-4.1477,51.6336],[-4.148,51.6337],[-4.1483,51.6335],[-4.1501,51.6337],[-4.1498,51.6336],[-4.1501,51.6337],[-4.1525,51.6352],[-4.1522,51.6341],[-4.1525,51.6352],[-4.1625,51.629],[-4.1624,51.629],[-4.16,51.6286],[-4.1593,51.6286],[-4.1587,51.6286],[-4.1575,51.6287],[-4.1549,51.628],[-4.1548,51.6279],[-4.1549,51.628],[-4.1575,51.6287],[-4.1587,51.6286],[-4.1593,51.6286],[-4.16,51.6286],[-4.1602,51.6285],[-4.1624,51.629],[-4.1625,51.629],[-4.1629,51.6282],[-4.1627,51.6281],[-4.1625,51.6281],[-4.1621,51.6283],[-4.1597,51.628],[-4.1597,51.6279],[-4.1597,51.628],[-4.1621,51.6283],[-4.1625,51.6281],[-4.1627,51.6281],[-4.1629,51.6282],[-4.163,51.6279],[-4.1629,51.6279],[-4.1613,51.627],[-4.1608,51.627],[-4.1613,51.627],[-4.1629,51.6279],[-4.163,51.6279],[-4.1626,51.624],[-4.1623,51.6238],[-4.162,51.6235],[-4.1623,51.6238],[-4.1626,51.624],[-4.1655,51.6236],[-4.1673,51.6217],[-4.1678,51.6207],[-4.1675,51.6204],[-4.167,51.6202],[-4.1661,51.6192],[-4.1662,51.6191],[-4.1663,51.6179],[-4.1663,51.6178],[-4.1658,51.6178],[-4.1662,51.6175],[-4.1658,51.6178],[-4.1663,51.6178],[-4.1663,51.6179],[-4.1662,51.6191],[-4.1661,51.6192],[-4.167,51.6202],[-4.1675,51.6204],[-4.1678,51.6207],[-4.1673,51.6217],[-4.17,51.6225],[-4.1695,51.6195],[-4.1694,51.6195],[-4.1695,51.6195],[-4.17,51.6225],[-4.1792,51.6261],[-4.193,51.6234],[-4.1933,51.6233],[-4.193,51.6234],[-4.2145,51.6257],[-4.2078,51.6192],[-4.2077,51.6191],[-4.2078,51.6192],[-4.221,51.6239],[-4.2248,51.6242],[-4.2247,51.6241],[-4.2248,51.6242],[-4.231,51.6264],[-4.2338,51.6232],[-4.2338,51.6231],[-4.2338,51.6232],[-4.2361,51.6273],[-4.2422,51.629]]]]},"properties":{"PCON24CD":"W07000097","PCON24NM":"Gower"}},
{"type":"Feature","geometry":{"type":"MultiPolygon","coordinates":[[[[-4.3252,51.7231],[-4.3304,51.7241],[-4.3298,51.7241],[-4.3304,51.7241],[-4.3311,51.7236],[-4.331,51.7236],[-4.3311,51.7236],[-4.3252,51.723],[-4.3252,51.7231]]],[[[-4.3451,51.7275],[-4.3462,51.729],[-4.3463,51.729],[-4.3585,51.726],[-4.3451,51.7275]]],[[[-4.3134,51.8354],[-4.3231,51.8027],[-4.334,51.7969],[-4.3485,51.7942],[-4.3485,51.7938],[-4.3486,51.7934],[-4.3485,51.7938],[-4.3485,51.7942],[-4.3558,51.7901],[-4.3565,51.7895],[-4.3558,51.7901],[-4.3597,51.787],[-4.3598,51.787],[-4.3597,51.787],[-4.365,51.7871],[-4.3649,51.7868],[-4.365,51.7871],[-4.3756,51.7475],[-4.321,51.7265],[-4.3065,51.7238],[-4.3065,51.7237],[-4.3065,51.7238],[-4.3079,51.7227],[-4.3155,51.7209],[-4.3152,51.7207],[-4.3155,51.7209],[-4.3207,51.7185],[-4.3206,51.7185],[-4.3207,51.7185],[-4.3238,51.7208],[-4.3237,51.7207],[-4.3238,51.7208],[-4.325,51.7213],[-4.325,51.7211],[-4.325,51.721],[-4.3252,51.7204],[-4.3255,51.7197],[-4.3256,51.7196],[-4.3255,51.7197],[-4.3252,51.7204],[-4.325,51.721],[-4.325,51.7211],[-4.325,51.7213],[-4.3252,51.7231],[-4.3252,51.723],[-4.3273,51.7201],[-4.3324,51.7212],[-4.3326,51.721],[-4.3421,51.7233],[-4.3461,51.723],[-4.3474,51.723],[-4.349,51.7228],[-4.3474,51.723],[-4.3461,51.723],[-4.3494,51.7242],[-4.3585,51.726],[-4.3597,51.7269],[-4.3612,51.7267],[-4.3611,51.7266],[-4.3612,51.7267],[-4.363,51.7284],[-4.3631,51.7282],[-4.363,51.7284],[-4.3656,51.7276],[-4.3655,51.7274],[-4.3656,51.7276],[-4.3184,51.6758],[-4.2746,51.677],[-4.1805,51.6758],[-4.1707,51.6782],[-4.1707,51.6786],[-4.1707,51.6782],[-4.1329,51.6652],[-4.1326,51.6652],[-4.1321,51.6652],[-4.1326,51.6652],[-4.1329,51.6652],[-4.0825,51.6732],[-4.0826,51.6737],[-4.0825,51.6732],[-4.0781,51.6897],[-4.0766,51.6896],[-4.0766,51.6904],[-4.0766,51.6896],[-4.0499,51.7119],[-3.9998,51.7742],[-4.0715,51.7701],[-4.0663,51.8053],[-4.1112,51.8297],[-4.1702,51.7945],[-4.2082,51.831],[-4.3114,51.8367],[-4.311,51.8361],[-4.3121,51.8359],[-4.3134,51.8354]]]]},"properties":{"PCON24CD":"W07000098","PCON24NM":"Llanelli"}},
{"type":"Feature","geometry":{"type":"Polygon","coordinates":[[[-3.3345,51.7904],[-3.4172,51.8351],[-3.5555,51.7783],[-3.5913,51.7546],[-3.5822,51.714],[-3.534,51.7095],[-3.4304,51.6671],[-3.4058,51.6776],[-3.3806,51.7114],[-3.3139,51.6447],[-3.2739,51.6823],[-3.3006,51.7363],[-3.329,51.7587],[-3.3345,51.7904]]]},"properties":{"PCON24CD":"W07000099","PCON24NM":"Merthyr Tydfil and Aberdare"}},
{"type":"Feature","geometry":{"type":"MultiPolygon","coordinates":[[[[-4.8547,51.7185],[-4.855,51.7202],[-4.8558,51.7203],[-4.8557,51.7185],[-4.8547,51.7183],[-4.8547,51.7185]]],[[[-5.1666,51.7214],[-5.1657,51.7231],[-5.1665,51.7222],[-5.1666,51.7215],[-5.1666,51.7214]]],[[[-5.1638,51.7251],[-5.1641,51.725],[-5.164,51.7249],[-5.1637,51.7247],[-5.1638,51.7251]]],[[[-4.9603,51.7947],[-4.9609,51.7948],[-4.9605,51.7947],[-4.9603,51.7947]]],[[[-5.1638,51.7251],[-5.1637,51.7247],[-5.0877,51.7076],[-4.985,51.6994],[-4.9122,51.7462],[-4.9125,51.7463],[-4.9122,51.7462],[-4.9055,51.759],[-4.9055,51.7589],[-4.9055,51.759],[-4.9214,51.771],[-4.9386,51.7652],[-4.9478,51.7695],[-4.9473,51.7767],[-4.9471,51.7872],[-4.9472,51.787],[-4.9471,51.7872],[-4.9488,51.7877],[-4.9499,51.7875],[-4.9488,51.7877],[-4.9516,51.7889],[-4.9517,51.7888],[-4.9516,51.7889],[-4.9541,51.792],[-4.9543,51.792],[-4.955,51.7917],[-4.9552,51.7915],[-4.955,51.7917],[-4.9543,51.792],[-4.9541,51.792],[-4.9603,51.7947],[-4.9605,51.7947],[-4.9609,51.7948],[-4.9573,51.7966],[-4.9494,51.7893],[-4.9345,51.7842],[-4.9432,51.7705],[-4.9372,51.7675],[-4.9227,51.7749],[-4.8883,51.7729],[-4.8657,51.7784],[-4.88,51.7703],[-4.8802,51.7702],[-4.8251,51.7285],[-4.8248,51.7286],[-4.8467,51.7185],[-4.8465,51.7186],[-4.8467,51.7185],[-4.8484,51.7185],[-4.8483,51.7184],[-4.8484,51.7185],[-4.8547,51.7185],[-4.8542,51.718],[-4.8532,51.7175],[-4.8542,51.718],[-4.8547,51.7183],[-4.8452,51.7075],[-4.8434,51.7078],[-4.8373,51.6946],[-5.0866,51.6845],[-5.0869,51.6846],[-5.0866,51.6845],[-5.1192,51.6757],[-5.0506,51.6199],[-4.9446,51.5972],[-4.8609,51.6471],[-4.72,51.652],[-4.6329,51.7352],[-4.6823,51.8375],[-4.7788,51.833],[-4.8527,51.9076],[-4.9965,51.9461],[-5.2076,51.9341],[-5.2294,51.8732],[-5.133,51.8621],[-5.1063,51.7761],[-5.1966,51.7565],[-5.2151,51.7237],[-5.1666,51.7214],[-5.1666,51.7215],[-5.1683,51.7219],[-5.1686,51.7218],[-5.1683,51.7219],[-5.1677,51.7221],[-5.1678,51.7221],[-5.1677,51.7221],[-5.1665,51.7222],[-5.1657,51.7231],[-5.1663,51.7242],[-5.1664,51.7242],[-5.1663,51.7242],[-5.1657,51.7242],[-5.1655,51.7243],[-5.1654,51.7247],[-5.1655,51.7243],[-5.164,51.7249],[-5.1641,51.725],[-5.1656,51.7269],[-5.165,51.7274],[-5.1647,51.7274],[-5.1662,51.7284],[-5.1663,51.7284],[-5.1665,51.7284],[-5.1665,51.7286],[-5.1669,51.7291],[-5.1665,51.7286],[-5.1663,51.7284],[-5.1662,51.7284],[-5.1643,51.7275],[-5.165,51.7269],[-5.1638,51.7251]]]]},"properties":{"PCON24CD":"W07000100","PCON24NM":"Mid and South Pembrokeshire"}},
{"type":"Feature","geometry":{"type":"Polygon","coordinates":[[[-2.6504,51.8261],[-2.7258,51.8438],[-2.8754,51.9331],[-2.9523,51.9063],[-3.0674,51.9831],[-3.0386,51.8937],[-3.1574,51.8161],[-3.1342,51.7928],[-3.1082,51.7962],[-3.0589,51.7836],[-3.0278,51.7454],[-3.0339,51.7262],[-2.9824,51.7139],[-3.0016,51.6778],[-2.9589,51.6288],[-2.9448,51.6212],[-2.8865,51.6397],[-2.8368,51.6495],[-2.8303,51.6149],[-2.8578,51.5779],[-2.8216,51.5541],[-2.6582,51.6216],[-2.6796,51.6506],[-2.6844,51.6689],[-2.6695,51.7427],[-2.6504,51.8261]]]},"properties":{"PCON24CD":"W07000101","PCON24NM":"Monmouthshire"}},
{"type":"Feature","geometry":{"type":"MultiPolygon","coordinates":[[[[-3.9063,52.5608],[-3.9095,52.562],[-3.9124,52.563],[-3.9259,52.5608],[-3.9063,52.5608]]],[[[-2.9774,52.9673],[-3.0133,53.0364],[-3.1098,53.0498],[-3.1408,53.041],[-3.1488,52.9986],[-3.2374,52.951],[-3.5865,52.8277],[-3.6196,52.6975],[-3.8048,52.6785],[-3.892,52.5769],[-3.9124,52.563],[-3.9095,52.562],[-3.9062,52.5608],[-3.6855,52.3682],[-3.2309,52.4532],[-3.0335,52.5038],[-3.0447,52.6656],[-3.0203,52.7217],[-2.9737,52.7357],[-3.1584,52.7935],[-3.096,52.9303],[-2.9774,52.9673]]]]},"properties":{"PCON24CD":"W07000102","PCON24NM":"Montgomeryshire and Glyndwr"}},
{"type":"Feature","geometry":{"type":"Polygon","coordinates":[[[-3.5913,51.7546],[-3.5977,51.7699],[-3.6704,51.7872],[-3.7279,51.7762],[-3.82,51.6985],[-3.881,51.7201],[-3.9097,51.6934],[-3.9027,51.6792],[-3.9158,51.6743],[-3.9262,51.6503],[-3.9341,51.6455],[-3.9362,51.6255],[-3.9301,51.6163],[-3.9246,51.6089],[-3.844,51.6231],[-3.8441,51.6231],[-3.844,51.6231],[-3.8362,51.6378],[-3.8359,51.6374],[-3.8362,51.6378],[-3.8376,51.6397],[-3.8378,51.6401],[-3.8376,51.6397],[-3.8383,51.6506],[-3.8307,51.6578],[-3.8255,51.658],[-3.8301,51.6564],[-3.8303,51.6567],[-3.8301,51.6564],[-3.8231,51.6544],[-3.8342,51.6529],[-3.8343,51.6528],[-3.8342,51.6529],[-3.8359,51.6517],[-3.8316,51.6508],[-3.8208,51.6447],[-3.7803,51.64],[-3.6993,51.6828],[-3.6667,51.6808],[-3.6119,51.7166],[-3.5822,51.714],[-3.5913,51.7546]]]},"properties":{"PCON24CD":"W07000103","PCON24NM":"Neath and Swansea East"}},
{"type":"Feature","geometry":{"type":"MultiPolygon","coordinates":[[[[-2.9448,51.6212],[-2.9589,51.6288],[-3.0269,51.6171],[-3.045,51.6067],[-3.0044,51.6004],[-3.0048,51.5595],[-3.0002,51.5575],[-2.9972,51.5567],[-2.9714,51.5549],[-2.9872,51.5708],[-2.9756,51.577],[-2.995,51.5909],[-2.9933,51.608],[-2.9618,51.6028],[-2.9448,51.6212]]],[[[-2.8216,51.5541],[-2.8578,51.5779],[-2.8303,51.6149],[-2.8368,51.6495],[-2.8865,51.6397],[-2.9623,51.6021],[-2.9885,51.5975],[-2.9896,51.5873],[-2.9736,51.5783],[-2.9843,51.5701],[-2.9656,51.5535],[-2.978,51.5424],[-2.9512,51.5351],[-2.908,51.5327],[-2.8216,51.5541]]]]},"properties":{"PCON24CD":"W07000104","PCON24NM":"Newport East"}},
{"type":"Feature","geometry":{"type":"Polygon","coordinates":[[[-3.1161,51.6908],[-3.1672,51.7099],[-3.1941,51.7393],[-3.2227,51.7227],[-3.2117,51.68],[-3.1703,51.6617],[-3.1466,51.6357],[-3.1242,51.5886],[-3.0902,51.5685],[-3.1189,51.5456],[-3.0941,51.5357],[-3.0792,51.5301],[-3.082,51.5009],[-3.0045,51.5305],[-3.0048,51.5595],[-3.0044,51.6004],[-3.045,51.6067],[-3.1021,51.6314],[-3.0748,51.6522],[-3.0844,51.6884],[-3.1161,51.6908]]]},"properties":{"PCON24CD":"W07000105","PCON24NM":"Newport West and Islwyn"}},
{"type":"Feature","geometry":{"type":"Polygon","coordinates":[[[-3.3139,51.6447],[-3.3806,51.7114],[-3.4058,51.6776],[-3.4304,51.6671],[-3.3787,51.6219],[-3.3719,51.5654],[-3.4305,51.5552],[-3.4836,51.5728],[-3.4636,51.5426],[-3.4975,51.5126],[-3.4097,51.5062],[-3.4112,51.5178],[-3.3779,51.5314],[-3.3237,51.5363],[-3.3104,51.5489],[-3.2732,51.5485],[-3.2643,51.5692],[-3.2894,51.5898],[-3.3139,51.6447]]]},"properties":{"PCON24CD":"W07000106","PCON24NM":"Pontypridd"}},
{"type":"Feature","geometry":{"type":"Polygon","coordinates":[[[-3.4304,51.6671],[-3.534,51.7095],[-3.5822,51.714],[-3.5896,51.6793],[-3.5639,51.6549],[-3.6112,51.6267],[-3.6114,51.6026],[-3.6097,51.5713],[-3.5668,51.5552],[-3.5299,51.5713],[-3.4836,51.5728],[-3.4305,51.5552],[-3.3719,51.5654],[-3.3787,51.6219],[-3.4304,51.6671]]]},"properties":{"PCON24CD":"W07000107","PCON24NM":"Rhondda and Ogmore"}},
{"type":"Feature","geometry":{"type":"Polygon","coordinates":[[[-3.9301,51.6163],[-3.9362,51.6255],[-3.9341,51.6455],[-3.9262,51.6503],[-3.9158,51.6743],[-3.9027,51.6792],[-3.9097,51.6934],[-3.945,51.679],[-3.9643,51.6606],[-3.9903,51.6559],[-3.9615,51.6393],[-3.9794,51.6284],[-4.0086,51.6328],[-4.0132,51.6106],[-3.9945,51.5981],[-3.977,51.6073],[-3.9301,51.6163]]]},"properties":{"PCON24CD":"W07000108","PCON24NM":"Swansea West"}},
{"type":"Feature","geometry":{"type":"Polygon","coordinates":[[[-2.9589,51.6288],[-3.0016,51.6778],[-2.9824,51.7139],[-3.0339,51.7262],[-3.0278,51.7454],[-3.0589,51.7836],[-3.1082,51.7962],[-3.1342,51.7928],[-3.1064,51.7418],[-3.1161,51.6908],[-3.0844,51.6884],[-3.0748,51.6522],[-3.1021,51.6314],[-3.045,51.6067],[-3.0269,51.6171],[-2.9589,51.6288]]]},"properties":{"PCON24CD":"W07000109","PCON24NM":"Torfaen"}},
{"type":"Feature","geometry":{"type":"Polygon","coordinates":[[[-3.4097,51.5062],[-3.4975,51.5126],[-3.5283,51.4998],[-3.6196,51.4766],[-3.559,51.4013],[-3.4052,51.3815],[-3.2896,51.3859],[-3.2389,51.3972],[-3.2319,51.4161],[-3.2606,51.4329],[-3.2407,51.4499],[-3.258,51.4654],[-3.2714,51.4653],[-3.2965,51.4982],[-3.3116,51.5071],[-3.3707,51.5092],[-3.4097,51.5062]]]},"properties":{"PCON24CD":"W07000110","PCON24NM":"Vale of Glamorgan"}},
{"type":"Feature","geometry":{"type":"Polygon","coordinates":[[[-2.9638,53.1328],[-2.9953,53.1306],[-3.0444,53.0893],[-3.1296,53.0724],[-3.1408,53.041],[-3.1098,53.0498],[-3.0133,53.0364],[-2.9774,52.9673],[-2.935,52.9418],[-2.8402,52.9419],[-2.8004,52.8955],[-2.7285,52.9252],[-2.7268,52.9833],[-2.8349,52.9987],[-2.861,53.0228],[-2.8873,53.1044],[-2.9638,53.1328]]]},"properties":{"PCON24CD":"W07000111","PCON24NM":"Wrexham"}},
{"type":"Feature","geometry":{"type":"Polygon","coordinates":[[[-4.2022,53.2939],[-4.274,53.4024],[-4.4361,53.4281],[-4.5733,53.4042],[-4.5319,53.3085],[-4.5312,53.3089],[-4.5319,53.3085],[-4.547,53.3003],[-4.5221,53.2355],[-4.5221,53.2357],[-4.5221,53.2355],[-4.4625,53.1921],[-4.4624,53.1922],[-4.4625,53.1921],[-4.3917,53.1709],[-4.3386,53.1528],[-4.3388,53.1528],[-4.3386,53.1528],[-4.3306,53.1626],[-4.3302,53.1645],[-4.3305,53.1648],[-4.3307,53.1648],[-4.3305,53.1648],[-4.3302,53.1645],[-4.3306,53.1626],[-4.0871,53.2634],[-4.1197,53.3192],[-4.2022,53.2939],[-4.2024,53.2935],[-4.2022,53.2939]]]},"properties":{"PCON24CD":"W07000112","PCON24NM":"Ynys Môn"}}
]}