{
  "schema_version": "1.0.0",
  "generated_at": "2026-05-16T20:17:42.593Z",
  "ward_dossier": [
    {
      "slug": "abram",
      "gss": "E05014989",
      "name": "Abram",
      "total_residents": 47484,
      "imd_decile": 2.89,
      "white_british_pct": 0.907,
      "asian_pct": 0.0176,
      "retired_pct": 0.1848,
      "no_quals_pct": 0.2469,
      "degree_pct": 0.2026,
      "social_rented_pct": 0.1729,
      "owned_outright_pct": 0.293,
      "result_2024_council": {
        "turnout_pct": 0.23,
        "shares": {
          "Labour": 0.5628119800332779,
          "Independent": 0.3103161397670549,
          "Conservative": 0.07945091514143095,
          "Liberal Democrats": 0.04742096505823627
        },
        "winner": "Labour"
      },
      "result_2026_council": {
        "turnout_pct": 0.3307,
        "shares": {
          "Reform UK": 0.5607101947308133,
          "Labour": 0.24169530355097366,
          "Green Party": 0.11282932416953036,
          "Conservative": 0.04524627720504009,
          "Liberal Democrats": 0.03951890034364261
        },
        "winner": "Reform UK"
      },
      "reform_swing_2024_to_2026": 0.5607101947308133,
      "labour_swing_2024_to_2026": -0.32111667648230424
    },
    {
      "slug": "ashton-in-makerfield-south",
      "gss": "E05014990",
      "name": "Ashton-in-Makerfield South",
      "total_residents": 33294,
      "imd_decile": 6.29,
      "white_british_pct": 0.9598,
      "asian_pct": 0.0077,
      "retired_pct": 0.263,
      "no_quals_pct": 0.1858,
      "degree_pct": 0.264,
      "social_rented_pct": 0.0707,
      "owned_outright_pct": 0.4084,
      "result_2024_council": {
        "turnout_pct": 0.28,
        "shares": {
          "Labour": 0.5211092715231788,
          "Independent": 0.3518211920529801,
          "Conservative": 0.1076158940397351,
          "Liberal Democrats": 0.01945364238410596
        },
        "winner": "Labour"
      },
      "result_2026_council": {
        "turnout_pct": 0.3849,
        "shares": {
          "Reform UK": 0.463853644142815,
          "Labour": 0.3245795219828858,
          "Green Party": 0.1274712304514606,
          "Conservative": 0.0840956034228386
        },
        "winner": "Reform UK"
      },
      "reform_swing_2024_to_2026": 0.463853644142815,
      "labour_swing_2024_to_2026": -0.19652974954029295
    },
    {
      "slug": "bryn-with-ashton-in-makerfield-north",
      "gss": "E05014995",
      "name": "Bryn with Ashton-in-Makerfield North",
      "total_residents": 35823,
      "imd_decile": 5.12,
      "white_british_pct": 0.9647,
      "asian_pct": 0.0064,
      "retired_pct": 0.2823,
      "no_quals_pct": 0.2121,
      "degree_pct": 0.2388,
      "social_rented_pct": 0.174,
      "owned_outright_pct": 0.4123,
      "result_2024_council": {
        "turnout_pct": 0.28,
        "shares": {
          "Independent": 0.6014319809069213,
          "Labour": 0.3416865552903739,
          "Conservative": 0.056881463802704854
        },
        "winner": "Independent"
      },
      "result_2026_council": {
        "turnout_pct": 0.37829999999999997,
        "shares": {
          "Reform UK": 0.5218160377358491,
          "Labour": 0.24056603773584906,
          "Green Party": 0.1179245283018868,
          "Conservative": 0.06751179245283019,
          "Liberal Democrats": 0.052181603773584904
        },
        "winner": "Reform UK"
      },
      "reform_swing_2024_to_2026": 0.5218160377358491,
      "labour_swing_2024_to_2026": -0.10112051755452484
    },
    {
      "slug": "hindley",
      "gss": "E05014998",
      "name": "Hindley",
      "total_residents": 39693,
      "imd_decile": 3.25,
      "white_british_pct": 0.9476,
      "asian_pct": 0.0137,
      "retired_pct": 0.2252,
      "no_quals_pct": 0.2552,
      "degree_pct": 0.2075,
      "social_rented_pct": 0.2341,
      "owned_outright_pct": 0.2983,
      "result_2024_council": {
        "turnout_pct": 0.24,
        "shares": {
          "Labour": 0.42384937238493725,
          "Independent": 0.34393305439330546,
          "Reform UK": 0.13179916317991633,
          "Green Party": 0.040585774058577405,
          "Conservative": 0.037238493723849374,
          "Liberal Democrats": 0.022594142259414227
        },
        "winner": "Labour"
      },
      "result_2026_council": {
        "turnout_pct": 0.35259999999999997,
        "shares": {
          "Reform UK": 0.5229803025977733,
          "Labour": 0.21410219811590064,
          "Green Party": 0.10676562946046246,
          "Independent": 0.08050242649157864,
          "Conservative": 0.03996574364830146,
          "Liberal Democrats": 0.03568369968598344
        },
        "winner": "Reform UK"
      },
      "reform_swing_2024_to_2026": 0.3911811394178569,
      "labour_swing_2024_to_2026": -0.2097471742690366
    },
    {
      "slug": "hindley-green",
      "gss": "E05014999",
      "name": "Hindley Green",
      "total_residents": 42141,
      "imd_decile": 5.75,
      "white_british_pct": 0.9379,
      "asian_pct": 0.0125,
      "retired_pct": 0.2493,
      "no_quals_pct": 0.2093,
      "degree_pct": 0.235,
      "social_rented_pct": 0.0916,
      "owned_outright_pct": 0.4119,
      "result_2024_council": {
        "turnout_pct": 0.28,
        "shares": {
          "Labour": 0.4966495861253449,
          "Independent": 0.27631060307449745,
          "Reform UK": 0.15451320457232953,
          "Conservative": 0.05163579030350808,
          "Liberal Democrats": 0.02089081592432006
        },
        "winner": "Labour"
      },
      "result_2026_council": {
        "turnout_pct": 0.3886,
        "shares": {
          "Reform UK": 0.5234113712374582,
          "Labour": 0.326644370122631,
          "Green Party": 0.07190635451505016,
          "Conservative": 0.048494983277591976,
          "Liberal Democrats": 0.029542920847268672
        },
        "winner": "Reform UK"
      },
      "reform_swing_2024_to_2026": 0.36889816666512865,
      "labour_swing_2024_to_2026": -0.1700052160027139
    },
    {
      "slug": "orrell",
      "gss": "E05015005",
      "name": "Orrell",
      "total_residents": 38277,
      "imd_decile": 7.57,
      "white_british_pct": 0.9661,
      "asian_pct": 0.0079,
      "retired_pct": 0.2857,
      "no_quals_pct": 0.1585,
      "degree_pct": 0.3341,
      "social_rented_pct": 0.0823,
      "owned_outright_pct": 0.4336,
      "result_2024_council": {
        "turnout_pct": 0.33,
        "shares": {
          "Labour": 0.521838331160365,
          "Conservative": 0.29986962190352023,
          "Reform UK": 0.1378748370273794,
          "Liberal Democrats": 0.04041720990873533
        },
        "winner": "Labour"
      },
      "result_2026_council": {
        "turnout_pct": 0.4305,
        "shares": {
          "Reform UK": 0.39926108374384234,
          "Labour": 0.24211822660098523,
          "Conservative": 0.1938423645320197,
          "Green Party": 0.11576354679802955,
          "Liberal Democrats": 0.04901477832512315
        },
        "winner": "Reform UK"
      },
      "reform_swing_2024_to_2026": 0.26138624671646293,
      "labour_swing_2024_to_2026": -0.2797201045593798
    },
    {
      "slug": "pemberton",
      "gss": "E05015006",
      "name": "Pemberton",
      "total_residents": 41706,
      "imd_decile": 2.44,
      "white_british_pct": 0.9084,
      "asian_pct": 0.0122,
      "retired_pct": 0.195,
      "no_quals_pct": 0.2862,
      "degree_pct": 0.179,
      "social_rented_pct": 0.3556,
      "owned_outright_pct": 0.2408,
      "result_2024_council": {
        "turnout_pct": 0.21,
        "shares": {
          "Labour": 0.594853683148335,
          "Independent": 0.26337033299697277,
          "Conservative": 0.08577194752774975,
          "Liberal Democrats": 0.05600403632694248
        },
        "winner": "Labour"
      },
      "result_2026_council": {
        "turnout_pct": 0.3109,
        "shares": {
          "Reform UK": 0.5422652856665553,